<?xml version="1.0" encoding="UTF-8" standalone="no" ?>
<gpx creator="QMapShack 1.10.0 http://www.qlandkarte.org/" xmlns:xsi="http://www.w3.org/2001/XMLSchema-instance" xsi:schemaLocation="http://www.topografix.com/GPX/1/1 http://www.topografix.com/GPX/1/1/gpx.xsd http://www.garmin.com/xmlschemas/GpxExtensions/v3 http://www.garmin.com/xmlschemas/GpxExtensionsv3.xsd http://www.garmin.com/xmlschemas/TrackPointExtension/v1 http://www.garmin.com/xmlschemas/TrackPointExtensionv1.xsd http://www.garmin.com/xmlschemas/WaypointExtension/v1 http://www.garmin.com/xmlschemas/WaypointExtensionv1.xsd http://www.qlandkarte.org/xmlschemas/v1.1 http://www.qlandkarte.org/xmlschemas/v1.1/ql-extensions.xsd http://www.cluetrust.com/XML/GPXDATA/1/0 http://www.cluetrust.com/Schemas/gpxdata10.xsd" version="1.1" xmlns:gpxx="http://www.garmin.com/xmlschemas/GpxExtensions/v3" xmlns:wptx1="http://www.garmin.com/xmlschemas/WaypointExtension/v1" xmlns:rmc="urn:net:trekbuddy:1.0:nmea:rmc" xmlns:ql="http://www.qlandkarte.org/xmlschemas/v1.1" xmlns:tp1="http://www.garmin.com/xmlschemas/TrackPointExtension/v1" xmlns="http://www.topografix.com/GPX/1/1" xmlns:gpxdata="http://www.cluetrust.com/XML/GPXDATA/1/0" xmlns:gpxtpx="http://www.garmin.com/xmlschemas/TrackPointExtension/v1">
 <metadata>
  <name>Streifzug 06: Unterwegs auf dem Dichter-Musiker-Maler-Weg </name>
  <time>2020-06-18T15:12:33.000Z</time>
 </metadata>
 <wpt lon="13.81021667" lat="51.05343333">
  <ele>106</ele>
  <time>2020-07-22T16:22:07.436Z</time>
  <name>Wegpunkt 1 Hier</name>
  <sym>Flag, Blue</sym>
  <extensions>
   <ql:key>dd178197bb783c007669e33cfca8ef3b</ql:key>
   <ql:flags>3</ql:flags>
   <ql:bubble xoff="-320" yoff="-150" width="300"/>
   <ql:history>
    <ql:event>
     <ql:icon>://icons/48x48/Start.png</ql:icon>
     <ql:time>2020-07-22T16:22:07.437Z</ql:time>
     <ql:comment>Erstversion.</ql:comment>
    </ql:event>
    <ql:event>
     <ql:icon>://icons/48x48/WptEditProx.png</ql:icon>
     <ql:time>2020-07-22T16:22:10.650Z</ql:time>
     <ql:comment>Abstandsalarm geändert</ql:comment>
    </ql:event>
   </ql:history>
   <wptx1:WaypointExtension>
    <wptx1:Proximity>10.00000000</wptx1:Proximity>
   </wptx1:WaypointExtension>
  </extensions>
 </wpt>
 <wpt lon="13.81451667" lat="51.05421667">
  <ele>118</ele>
  <time>2020-07-22T16:23:50.138Z</time>
  <name>Wegpunkt 2 Hier</name>
  <sym>Flag, Blue</sym>
  <extensions>
   <ql:key>b067fac5f7561c5f6c9523d112e3f515</ql:key>
   <ql:flags>3</ql:flags>
   <ql:bubble xoff="-320" yoff="-150" width="300"/>
   <ql:history>
    <ql:event>
     <ql:icon>://icons/48x48/Start.png</ql:icon>
     <ql:time>2020-07-22T16:23:50.139Z</ql:time>
     <ql:comment>Erstversion.</ql:comment>
    </ql:event>
    <ql:event>
     <ql:icon>://icons/48x48/WptEditProx.png</ql:icon>
     <ql:time>2020-07-22T16:23:56.269Z</ql:time>
     <ql:comment>Abstandsalarm geändert</ql:comment>
    </ql:event>
   </ql:history>
   <wptx1:WaypointExtension>
    <wptx1:Proximity>10.00000000</wptx1:Proximity>
   </wptx1:WaypointExtension>
  </extensions>
 </wpt>
 <wpt lon="13.81660000" lat="51.05500000">
  <ele>136</ele>
  <time>2020-07-22T16:24:43.067Z</time>
  <name>Wegpunkt 3 Rechts</name>
  <sym>Flag, Blue</sym>
  <extensions>
   <ql:key>c6403e5692d203b70222495040bf8b13</ql:key>
   <ql:flags>3</ql:flags>
   <ql:bubble xoff="-320" yoff="-150" width="300"/>
   <ql:history>
    <ql:event>
     <ql:icon>://icons/48x48/Start.png</ql:icon>
     <ql:time>2020-07-22T16:24:43.067Z</ql:time>
     <ql:comment>Erstversion.</ql:comment>
    </ql:event>
    <ql:event>
     <ql:icon>://icons/48x48/WptEditProx.png</ql:icon>
     <ql:time>2020-07-22T16:24:47.274Z</ql:time>
     <ql:comment>Abstandsalarm geändert</ql:comment>
    </ql:event>
   </ql:history>
   <wptx1:WaypointExtension>
    <wptx1:Proximity>10.00000000</wptx1:Proximity>
   </wptx1:WaypointExtension>
  </extensions>
 </wpt>
 <wpt lon="13.81765000" lat="51.05365000">
  <ele>136</ele>
  <time>2020-07-22T16:26:15.975Z</time>
  <name>Wegpunkt 4 Links</name>
  <sym>Flag, Blue</sym>
  <extensions>
   <ql:key>a9358e630c2e266457152f5923182d26</ql:key>
   <ql:flags>3</ql:flags>
   <ql:bubble xoff="-320" yoff="-150" width="300"/>
   <ql:history>
    <ql:event>
     <ql:icon>://icons/48x48/Start.png</ql:icon>
     <ql:time>2020-07-22T16:26:15.976Z</ql:time>
     <ql:comment>Erstversion.</ql:comment>
    </ql:event>
    <ql:event>
     <ql:icon>://icons/48x48/WptEditProx.png</ql:icon>
     <ql:time>2020-07-22T16:26:19.228Z</ql:time>
     <ql:comment>Abstandsalarm geändert</ql:comment>
    </ql:event>
   </ql:history>
   <wptx1:WaypointExtension>
    <wptx1:Proximity>10.00000000</wptx1:Proximity>
   </wptx1:WaypointExtension>
  </extensions>
 </wpt>
 <wpt lon="13.82600000" lat="51.05326667">
  <ele>235</ele>
  <time>2020-07-22T16:28:23.818Z</time>
  <name>Wegpunkt 5 Links</name>
  <sym>Flag, Blue</sym>
  <extensions>
   <ql:key>44ad72b6d9fc622cb394fa2fb7e582f8</ql:key>
   <ql:flags>3</ql:flags>
   <ql:bubble xoff="-320" yoff="-150" width="300"/>
   <ql:history>
    <ql:event>
     <ql:icon>://icons/48x48/Start.png</ql:icon>
     <ql:time>2020-07-22T16:28:23.818Z</ql:time>
     <ql:comment>Erstversion.</ql:comment>
    </ql:event>
    <ql:event>
     <ql:icon>://icons/48x48/WptEditProx.png</ql:icon>
     <ql:time>2020-07-22T16:28:27.349Z</ql:time>
     <ql:comment>Abstandsalarm geändert</ql:comment>
    </ql:event>
   </ql:history>
   <wptx1:WaypointExtension>
    <wptx1:Proximity>10.00000000</wptx1:Proximity>
   </wptx1:WaypointExtension>
  </extensions>
 </wpt>
 <wpt lon="13.84156667" lat="51.04213333">
  <ele>242</ele>
  <time>2020-07-22T16:32:13.872Z</time>
  <name>Wegpunkt 6 Hier</name>
  <sym>Flag, Blue</sym>
  <extensions>
   <ql:key>972dc61e9fe92587096a44f61d25cbe7</ql:key>
   <ql:flags>3</ql:flags>
   <ql:bubble xoff="-320" yoff="-150" width="300"/>
   <ql:history>
    <ql:event>
     <ql:icon>://icons/48x48/Start.png</ql:icon>
     <ql:time>2020-07-22T16:32:13.872Z</ql:time>
     <ql:comment>Erstversion.</ql:comment>
    </ql:event>
    <ql:event>
     <ql:icon>://icons/48x48/WptEditProx.png</ql:icon>
     <ql:time>2020-07-22T16:32:17.669Z</ql:time>
     <ql:comment>Abstandsalarm geändert</ql:comment>
    </ql:event>
   </ql:history>
   <wptx1:WaypointExtension>
    <wptx1:Proximity>10.00000000</wptx1:Proximity>
   </wptx1:WaypointExtension>
  </extensions>
 </wpt>
 <wpt lon="13.86350000" lat="51.03618333">
  <ele>260</ele>
  <time>2020-07-22T16:40:00.838Z</time>
  <name>Wegpunkt 7 Links</name>
  <sym>Flag, Blue</sym>
  <extensions>
   <ql:key>451aed837ea6ad4eb6bb15a7ace48fcb</ql:key>
   <ql:flags>3</ql:flags>
   <ql:bubble xoff="-320" yoff="-150" width="300"/>
   <ql:history>
    <ql:event>
     <ql:icon>://icons/48x48/Start.png</ql:icon>
     <ql:time>2020-07-22T16:40:00.838Z</ql:time>
     <ql:comment>Erstversion.</ql:comment>
    </ql:event>
    <ql:event>
     <ql:icon>://icons/48x48/WptEditProx.png</ql:icon>
     <ql:time>2020-07-22T16:40:03.904Z</ql:time>
     <ql:comment>Abstandsalarm geändert</ql:comment>
    </ql:event>
   </ql:history>
   <wptx1:WaypointExtension>
    <wptx1:Proximity>10.00000000</wptx1:Proximity>
   </wptx1:WaypointExtension>
  </extensions>
 </wpt>
 <wpt lon="13.86253333" lat="51.02638333">
  <ele>256</ele>
  <time>2020-07-22T16:40:53.555Z</time>
  <name>Wegpunkt 8 Hier</name>
  <sym>Flag, Blue</sym>
  <extensions>
   <ql:key>2ee63a552558e04d4729153f41b5a1f8</ql:key>
   <ql:flags>3</ql:flags>
   <ql:bubble xoff="-320" yoff="-150" width="300"/>
   <ql:history>
    <ql:event>
     <ql:icon>://icons/48x48/Start.png</ql:icon>
     <ql:time>2020-07-22T16:40:53.556Z</ql:time>
     <ql:comment>Erstversion.</ql:comment>
    </ql:event>
    <ql:event>
     <ql:icon>://icons/48x48/WptEditProx.png</ql:icon>
     <ql:time>2020-07-22T16:40:58.862Z</ql:time>
     <ql:comment>Abstandsalarm geändert</ql:comment>
    </ql:event>
   </ql:history>
   <wptx1:WaypointExtension>
    <wptx1:Proximity>10.00000000</wptx1:Proximity>
   </wptx1:WaypointExtension>
  </extensions>
 </wpt>
 <wpt lon="13.87278333" lat="51.02321667">
  <ele>238</ele>
  <time>2020-07-22T16:41:47.524Z</time>
  <name>Wegpunkt 9 Rechts</name>
  <sym>Flag, Blue</sym>
  <extensions>
   <ql:key>c42c737883a4cd405a1545736ab7026f</ql:key>
   <ql:flags>3</ql:flags>
   <ql:bubble xoff="-320" yoff="-150" width="300"/>
   <ql:history>
    <ql:event>
     <ql:icon>://icons/48x48/Start.png</ql:icon>
     <ql:time>2020-07-22T16:41:47.524Z</ql:time>
     <ql:comment>Erstversion.</ql:comment>
    </ql:event>
    <ql:event>
     <ql:icon>://icons/48x48/WptEditProx.png</ql:icon>
     <ql:time>2020-07-22T16:41:51.464Z</ql:time>
     <ql:comment>Abstandsalarm geändert</ql:comment>
    </ql:event>
   </ql:history>
   <wptx1:WaypointExtension>
    <wptx1:Proximity>10.00000000</wptx1:Proximity>
   </wptx1:WaypointExtension>
  </extensions>
 </wpt>
 <wpt lon="13.86631667" lat="51.02013333">
  <ele>211</ele>
  <time>2020-07-22T16:46:17.061Z</time>
  <name>Wegpunkt 10 Hier</name>
  <sym>Flag, Blue</sym>
  <extensions>
   <ql:key>8d1c631a7263dc2be4390bfa3e44853e</ql:key>
   <ql:flags>3</ql:flags>
   <ql:bubble xoff="-320" yoff="-150" width="300"/>
   <ql:history>
    <ql:event>
     <ql:icon>://icons/48x48/Start.png</ql:icon>
     <ql:time>2020-07-22T16:46:17.062Z</ql:time>
     <ql:comment>Erstversion.</ql:comment>
    </ql:event>
    <ql:event>
     <ql:icon>://icons/48x48/WptEditProx.png</ql:icon>
     <ql:time>2020-07-22T16:46:19.531Z</ql:time>
     <ql:comment>Abstandsalarm geändert</ql:comment>
    </ql:event>
   </ql:history>
   <wptx1:WaypointExtension>
    <wptx1:Proximity>10.00000000</wptx1:Proximity>
   </wptx1:WaypointExtension>
  </extensions>
 </wpt>
 <wpt lon="13.86460130" lat="51.01687877">
  <ele>126</ele>
  <time>2020-07-22T16:48:32.024Z</time>
  <name>Wegpunkt 11 Rechts</name>
  <sym>Flag, Blue</sym>
  <extensions>
   <ql:key>c2060c449ca0b57e0b110f946b0c18a8</ql:key>
   <ql:flags>3</ql:flags>
   <ql:bubble xoff="-320" yoff="-150" width="300"/>
   <ql:history>
    <ql:event>
     <ql:icon>://icons/48x48/Start.png</ql:icon>
     <ql:time>2020-07-22T16:48:32.025Z</ql:time>
     <ql:comment>Erstversion.</ql:comment>
    </ql:event>
    <ql:event>
     <ql:icon>://icons/48x48/WptEditProx.png</ql:icon>
     <ql:time>2020-07-22T16:48:35.392Z</ql:time>
     <ql:comment>Abstandsalarm geändert</ql:comment>
    </ql:event>
    <ql:event>
     <ql:icon>://icons/48x48/EditText.png</ql:icon>
     <ql:time>2020-07-22T16:49:54.379Z</ql:time>
     <ql:comment>Name geändert</ql:comment>
    </ql:event>
    <ql:event>
     <ql:icon>://icons/48x48/WptMove.png</ql:icon>
     <ql:time>2020-07-22T16:50:10.267Z</ql:time>
     <ql:comment>Position geändert</ql:comment>
    </ql:event>
   </ql:history>
   <wptx1:WaypointExtension>
    <wptx1:Proximity>10.00000000</wptx1:Proximity>
   </wptx1:WaypointExtension>
  </extensions>
 </wpt>
 <wpt lon="13.86838333" lat="51.01498333">
  <ele>137</ele>
  <time>2020-07-22T16:49:17.674Z</time>
  <name>Wegpunkt 12 Links</name>
  <sym>Flag, Blue</sym>
  <extensions>
   <ql:key>e62f8bb4d7a2292d501aa1ffe8045149</ql:key>
   <ql:flags>3</ql:flags>
   <ql:bubble xoff="-320" yoff="-150" width="300"/>
   <ql:history>
    <ql:event>
     <ql:icon>://icons/48x48/Start.png</ql:icon>
     <ql:time>2020-07-22T16:49:17.674Z</ql:time>
     <ql:comment>Erstversion.</ql:comment>
    </ql:event>
    <ql:event>
     <ql:icon>://icons/48x48/WptEditProx.png</ql:icon>
     <ql:time>2020-07-22T16:49:24.183Z</ql:time>
     <ql:comment>Abstandsalarm geändert</ql:comment>
    </ql:event>
   </ql:history>
   <wptx1:WaypointExtension>
    <wptx1:Proximity>10.00000000</wptx1:Proximity>
   </wptx1:WaypointExtension>
  </extensions>
 </wpt>
 <wpt lon="13.87621667" lat="51.01275000">
  <ele>156</ele>
  <time>2020-07-22T16:51:58.256Z</time>
  <name>Wegpunkt 13 Hier</name>
  <sym>Flag, Blue</sym>
  <extensions>
   <ql:key>f1ebbf18715fc19bd68783ddea494f91</ql:key>
   <ql:flags>3</ql:flags>
   <ql:bubble xoff="-320" yoff="-150" width="300"/>
   <ql:history>
    <ql:event>
     <ql:icon>://icons/48x48/Start.png</ql:icon>
     <ql:time>2020-07-22T16:51:58.256Z</ql:time>
     <ql:comment>Erstversion.</ql:comment>
    </ql:event>
    <ql:event>
     <ql:icon>://icons/48x48/WptEditProx.png</ql:icon>
     <ql:time>2020-07-22T16:52:00.964Z</ql:time>
     <ql:comment>Abstandsalarm geändert</ql:comment>
    </ql:event>
    <ql:event>
     <ql:icon>://icons/48x48/EditText.png</ql:icon>
     <ql:time>2020-07-22T16:52:17.322Z</ql:time>
     <ql:comment>Name geändert</ql:comment>
    </ql:event>
   </ql:history>
   <wptx1:WaypointExtension>
    <wptx1:Proximity>10.00000000</wptx1:Proximity>
   </wptx1:WaypointExtension>
  </extensions>
 </wpt>
 <wpt lon="13.87893333" lat="51.01223333">
  <ele>168</ele>
  <time>2020-07-22T17:04:20.267Z</time>
  <name>Wegpunkt 14 Rechts</name>
  <sym>Flag, Blue</sym>
  <extensions>
   <ql:key>58e23c68663e2cb24c209e52b9f02d9d</ql:key>
   <ql:flags>3</ql:flags>
   <ql:bubble xoff="-320" yoff="-150" width="300"/>
   <ql:history>
    <ql:event>
     <ql:icon>://icons/48x48/Start.png</ql:icon>
     <ql:time>2020-07-22T17:04:20.268Z</ql:time>
     <ql:comment>Erstversion.</ql:comment>
    </ql:event>
    <ql:event>
     <ql:icon>://icons/48x48/WptEditProx.png</ql:icon>
     <ql:time>2020-07-22T17:04:22.989Z</ql:time>
     <ql:comment>Abstandsalarm geändert</ql:comment>
    </ql:event>
   </ql:history>
   <wptx1:WaypointExtension>
    <wptx1:Proximity>10.00000000</wptx1:Proximity>
   </wptx1:WaypointExtension>
  </extensions>
 </wpt>
 <wpt lon="13.89125000" lat="51.00791667">
  <ele>195</ele>
  <time>2020-07-22T17:06:33.801Z</time>
  <name>Wegpunkt 15 Voraus</name>
  <sym>Flag, Blue</sym>
  <extensions>
   <ql:key>63d086c9b72f1bba5ab15aab58d0783d</ql:key>
   <ql:flags>3</ql:flags>
   <ql:bubble xoff="-320" yoff="-150" width="300"/>
   <ql:history>
    <ql:event>
     <ql:icon>://icons/48x48/Start.png</ql:icon>
     <ql:time>2020-07-22T17:06:33.802Z</ql:time>
     <ql:comment>Erstversion.</ql:comment>
    </ql:event>
    <ql:event>
     <ql:icon>://icons/48x48/WptEditProx.png</ql:icon>
     <ql:time>2020-07-22T17:06:36.617Z</ql:time>
     <ql:comment>Abstandsalarm geändert</ql:comment>
    </ql:event>
   </ql:history>
   <wptx1:WaypointExtension>
    <wptx1:Proximity>10.00000000</wptx1:Proximity>
   </wptx1:WaypointExtension>
  </extensions>
 </wpt>
 <wpt lon="13.92063333" lat="50.99981667">
  <ele>152</ele>
  <time>2020-07-22T17:08:10.581Z</time>
  <name>Wegpunkt 16 Links</name>
  <sym>Flag, Blue</sym>
  <extensions>
   <ql:key>ef5847d3d19f01d798527c6e8633fa36</ql:key>
   <ql:flags>3</ql:flags>
   <ql:bubble xoff="-320" yoff="-150" width="300"/>
   <ql:history>
    <ql:event>
     <ql:icon>://icons/48x48/Start.png</ql:icon>
     <ql:time>2020-07-22T17:08:10.582Z</ql:time>
     <ql:comment>Erstversion.</ql:comment>
    </ql:event>
    <ql:event>
     <ql:icon>://icons/48x48/WptEditProx.png</ql:icon>
     <ql:time>2020-07-22T17:08:14.286Z</ql:time>
     <ql:comment>Abstandsalarm geändert</ql:comment>
    </ql:event>
   </ql:history>
   <wptx1:WaypointExtension>
    <wptx1:Proximity>10.00000000</wptx1:Proximity>
   </wptx1:WaypointExtension>
  </extensions>
 </wpt>
 <trk>
  <name>Track</name>
  <link href="https://www.dvb.de/de-de/entdecken/wandertipps/dichter-musiker-maler-weg/">
   <text>Webseite</text>
   <type>Link</type>
  </link>
  <extensions>
   <ql:key>581f23c5ce6c439fcd8021b934476b46</ql:key>
   <ql:flags>7</ql:flags>
   <ql:history>
    <ql:event>
     <ql:icon>://icons/48x48/Start.png</ql:icon>
     <ql:time>2020-06-19T15:55:58.452Z</ql:time>
     <ql:comment>Erstversion.</ql:comment>
    </ql:event>
    <ql:event>
     <ql:icon>://icons/48x48/ActFoot.png</ql:icon>
     <ql:time>2020-06-19T15:57:18.792Z</ql:time>
     <ql:comment>Die Aktivität wurde für den gesamten Track auf 'Fußgänger' geändert.</ql:comment>
    </ql:event>
    <ql:event>
     <ql:icon>://icons/48x48/Link.png</ql:icon>
     <ql:time>2020-06-19T15:58:51.476Z</ql:time>
     <ql:comment>Geänderte Verknüpfungen</ql:comment>
    </ql:event>
    <ql:event>
     <ql:icon>://icons/48x48/ActFoot.png</ql:icon>
     <ql:time>2020-06-30T16:40:12.199Z</ql:time>
     <ql:comment>Die Aktivität wurde für den gesamten Track auf 'Fußgänger' geändert.</ql:comment>
    </ql:event>
    <ql:event>
     <ql:icon>://icons/48x48/LineMove.png</ql:icon>
     <ql:time>2020-07-22T16:23:31.292Z</ql:time>
     <ql:comment>Wegpunkte geändert, alle vorherigen Daten sind verloren.</ql:comment>
    </ql:event>
    <ql:event>
     <ql:icon>://icons/48x48/LineMove.png</ql:icon>
     <ql:time>2020-07-22T16:29:09.019Z</ql:time>
     <ql:comment>Wegpunkte geändert, alle vorherigen Daten sind verloren.</ql:comment>
    </ql:event>
    <ql:event>
     <ql:icon>://icons/48x48/LineMove.png</ql:icon>
     <ql:time>2020-07-22T16:33:09.860Z</ql:time>
     <ql:comment>Wegpunkte geändert, alle vorherigen Daten sind verloren.</ql:comment>
    </ql:event>
    <ql:event>
     <ql:icon>://icons/48x48/LineMove.png</ql:icon>
     <ql:time>2020-07-22T16:45:53.672Z</ql:time>
     <ql:comment>Wegpunkte geändert, alle vorherigen Daten sind verloren.</ql:comment>
    </ql:event>
   </ql:history>
   <gpxx:TrackExtension>
    <gpxx:DisplayColor>DarkBlue</gpxx:DisplayColor>
   </gpxx:TrackExtension>
  </extensions>
  <trkseg>
   <trkpt lon="13.81442521" lat="51.05422492">
    <ele>118</ele>
    <extensions>
     <ql:flags>0</ql:flags>
    </extensions>
   </trkpt>
   <trkpt lon="13.81474972" lat="51.05411053">
    <ele>118</ele>
    <extensions>
     <ql:flags>8</ql:flags>
    </extensions>
   </trkpt>
   <trkpt lon="13.81515611" lat="51.05396259">
    <ele>119</ele>
    <extensions>
     <ql:flags>0</ql:flags>
    </extensions>
   </trkpt>
   <trkpt lon="13.81526470" lat="51.05400324">
    <ele>120</ele>
    <extensions>
     <ql:flags>8</ql:flags>
    </extensions>
   </trkpt>
   <trkpt lon="13.81542299" lat="51.05404288">
    <ele>120</ele>
    <extensions>
     <ql:flags>0</ql:flags>
    </extensions>
   </trkpt>
   <trkpt lon="13.81592989" lat="51.05419636">
    <ele>123</ele>
    <extensions>
     <ql:flags>8</ql:flags>
    </extensions>
   </trkpt>
   <trkpt lon="13.81629467" lat="51.05432510">
    <ele>125</ele>
    <extensions>
     <ql:flags>8</ql:flags>
    </extensions>
   </trkpt>
   <trkpt lon="13.81648779" lat="51.05443239">
    <ele>129</ele>
    <extensions>
     <ql:flags>8</ql:flags>
    </extensions>
   </trkpt>
   <trkpt lon="13.81661654" lat="51.05458260">
    <ele>132</ele>
    <extensions>
     <ql:flags>8</ql:flags>
    </extensions>
   </trkpt>
   <trkpt lon="13.81665945" lat="51.05466843">
    <ele>133</ele>
    <extensions>
     <ql:flags>8</ql:flags>
    </extensions>
   </trkpt>
   <trkpt lon="13.81667827" lat="51.05477148">
    <ele>135</ele>
    <extensions>
     <ql:flags>0</ql:flags>
    </extensions>
   </trkpt>
   <trkpt lon="13.81665945" lat="51.05488300">
    <ele>136</ele>
    <extensions>
     <ql:flags>8</ql:flags>
    </extensions>
   </trkpt>
   <trkpt lon="13.81663799" lat="51.05492592">
    <ele>136</ele>
    <extensions>
     <ql:flags>8</ql:flags>
    </extensions>
   </trkpt>
   <trkpt lon="13.81648779" lat="51.05509758">
    <ele>135</ele>
    <extensions>
     <ql:flags>8</ql:flags>
    </extensions>
   </trkpt>
   <trkpt lon="13.81642342" lat="51.05518341">
    <ele>135</ele>
    <extensions>
     <ql:flags>8</ql:flags>
    </extensions>
   </trkpt>
   <trkpt lon="13.81641139" lat="51.05521015">
    <ele>135</ele>
    <extensions>
     <ql:flags>0</ql:flags>
    </extensions>
   </trkpt>
   <trkpt lon="13.81642342" lat="51.05518341">
    <ele>135</ele>
    <extensions>
     <ql:flags>8</ql:flags>
    </extensions>
   </trkpt>
   <trkpt lon="13.81648779" lat="51.05509758">
    <ele>135</ele>
    <extensions>
     <ql:flags>8</ql:flags>
    </extensions>
   </trkpt>
   <trkpt lon="13.81663799" lat="51.05492592">
    <ele>136</ele>
    <extensions>
     <ql:flags>8</ql:flags>
    </extensions>
   </trkpt>
   <trkpt lon="13.81665945" lat="51.05488300">
    <ele>136</ele>
    <extensions>
     <ql:flags>8</ql:flags>
    </extensions>
   </trkpt>
   <trkpt lon="13.81667693" lat="51.05477909">
    <ele>135</ele>
    <extensions>
     <ql:flags>0</ql:flags>
    </extensions>
   </trkpt>
   <trkpt lon="13.81665945" lat="51.05466843">
    <ele>133</ele>
    <extensions>
     <ql:flags>8</ql:flags>
    </extensions>
   </trkpt>
   <trkpt lon="13.81661654" lat="51.05458260">
    <ele>132</ele>
    <extensions>
     <ql:flags>8</ql:flags>
    </extensions>
   </trkpt>
   <trkpt lon="13.81648779" lat="51.05443239">
    <ele>129</ele>
    <extensions>
     <ql:flags>8</ql:flags>
    </extensions>
   </trkpt>
   <trkpt lon="13.81629467" lat="51.05432510">
    <ele>125</ele>
    <extensions>
     <ql:flags>8</ql:flags>
    </extensions>
   </trkpt>
   <trkpt lon="13.81592989" lat="51.05419636">
    <ele>123</ele>
    <extensions>
     <ql:flags>8</ql:flags>
    </extensions>
   </trkpt>
   <trkpt lon="13.81543238" lat="51.05404542">
    <ele>120</ele>
    <extensions>
     <ql:flags>0</ql:flags>
    </extensions>
   </trkpt>
   <trkpt lon="13.81541491" lat="51.05393887">
    <ele>120</ele>
    <extensions>
     <ql:flags>8</ql:flags>
    </extensions>
   </trkpt>
   <trkpt lon="13.81545518" lat="51.05381551">
    <ele>119</ele>
    <extensions>
     <ql:flags>0</ql:flags>
    </extensions>
   </trkpt>
   <trkpt lon="13.81550212" lat="51.05377128">
    <ele>119</ele>
    <extensions>
     <ql:flags>0</ql:flags>
    </extensions>
   </trkpt>
   <trkpt lon="13.81562948" lat="51.05381012">
    <ele>120</ele>
    <extensions>
     <ql:flags>8</ql:flags>
    </extensions>
   </trkpt>
   <trkpt lon="13.81577969" lat="51.05385303">
    <ele>120</ele>
    <extensions>
     <ql:flags>8</ql:flags>
    </extensions>
   </trkpt>
   <trkpt lon="13.81631349" lat="51.05393948">
    <ele>123</ele>
    <extensions>
     <ql:flags>0</ql:flags>
    </extensions>
   </trkpt>
   <trkpt lon="13.81648779" lat="51.05396032">
    <ele>125</ele>
    <extensions>
     <ql:flags>8</ql:flags>
    </extensions>
   </trkpt>
   <trkpt lon="13.81661654" lat="51.05396032">
    <ele>126</ele>
    <extensions>
     <ql:flags>8</ql:flags>
    </extensions>
   </trkpt>
   <trkpt lon="13.81678820" lat="51.05391741">
    <ele>128</ele>
    <extensions>
     <ql:flags>8</ql:flags>
    </extensions>
   </trkpt>
   <trkpt lon="13.81734610" lat="51.05370283">
    <ele>132</ele>
    <extensions>
     <ql:flags>8</ql:flags>
    </extensions>
   </trkpt>
   <trkpt lon="13.81805420" lat="51.05350971">
    <ele>139</ele>
    <extensions>
     <ql:flags>8</ql:flags>
    </extensions>
   </trkpt>
   <trkpt lon="13.81831169" lat="51.05340242">
    <ele>142</ele>
    <extensions>
     <ql:flags>8</ql:flags>
    </extensions>
   </trkpt>
   <trkpt lon="13.81886959" lat="51.05310202">
    <ele>147</ele>
    <extensions>
     <ql:flags>8</ql:flags>
    </extensions>
   </trkpt>
   <trkpt lon="13.81949186" lat="51.05286598">
    <ele>156</ele>
    <extensions>
     <ql:flags>8</ql:flags>
    </extensions>
   </trkpt>
   <trkpt lon="13.81981373" lat="51.05273724">
    <ele>158</ele>
    <extensions>
     <ql:flags>8</ql:flags>
    </extensions>
   </trkpt>
   <trkpt lon="13.82011150" lat="51.05256762">
    <ele>159</ele>
    <extensions>
     <ql:flags>0</ql:flags>
    </extensions>
   </trkpt>
   <trkpt lon="13.82017851" lat="51.05260849">
    <ele>162</ele>
    <extensions>
     <ql:flags>8</ql:flags>
    </extensions>
   </trkpt>
   <trkpt lon="13.82028580" lat="51.05265141">
    <ele>165</ele>
    <extensions>
     <ql:flags>8</ql:flags>
    </extensions>
   </trkpt>
   <trkpt lon="13.82037163" lat="51.05267286">
    <ele>168</ele>
    <extensions>
     <ql:flags>8</ql:flags>
    </extensions>
   </trkpt>
   <trkpt lon="13.82060636" lat="51.05269695">
    <ele>173</ele>
    <extensions>
     <ql:flags>0</ql:flags>
    </extensions>
   </trkpt>
   <trkpt lon="13.82144451" lat="51.05256557">
    <ele>185</ele>
    <extensions>
     <ql:flags>8</ql:flags>
    </extensions>
   </trkpt>
   <trkpt lon="13.82172346" lat="51.05247974">
    <ele>189</ele>
    <extensions>
     <ql:flags>8</ql:flags>
    </extensions>
   </trkpt>
   <trkpt lon="13.82204533" lat="51.05239391">
    <ele>194</ele>
    <extensions>
     <ql:flags>8</ql:flags>
    </extensions>
   </trkpt>
   <trkpt lon="13.82225990" lat="51.05239391">
    <ele>198</ele>
    <extensions>
     <ql:flags>8</ql:flags>
    </extensions>
   </trkpt>
   <trkpt lon="13.82245302" lat="51.05241537">
    <ele>201</ele>
    <extensions>
     <ql:flags>8</ql:flags>
    </extensions>
   </trkpt>
   <trkpt lon="13.82271051" lat="51.05245829">
    <ele>206</ele>
    <extensions>
     <ql:flags>8</ql:flags>
    </extensions>
   </trkpt>
   <trkpt lon="13.82303238" lat="51.05256557">
    <ele>211</ele>
    <extensions>
     <ql:flags>8</ql:flags>
    </extensions>
   </trkpt>
   <trkpt lon="13.82316113" lat="51.05254412">
    <ele>211</ele>
    <extensions>
     <ql:flags>8</ql:flags>
    </extensions>
   </trkpt>
   <trkpt lon="13.82328589" lat="51.05254395">
    <ele>211</ele>
    <extensions>
     <ql:flags>0</ql:flags>
    </extensions>
   </trkpt>
   <trkpt lon="13.82386923" lat="51.05273724">
    <ele>215</ele>
    <extensions>
     <ql:flags>8</ql:flags>
    </extensions>
   </trkpt>
   <trkpt lon="13.82464170" lat="51.05290890">
    <ele>223</ele>
    <extensions>
     <ql:flags>8</ql:flags>
    </extensions>
   </trkpt>
   <trkpt lon="13.82504940" lat="51.05299473">
    <ele>228</ele>
    <extensions>
     <ql:flags>8</ql:flags>
    </extensions>
   </trkpt>
   <trkpt lon="13.82580042" lat="51.05308056">
    <ele>234</ele>
    <extensions>
     <ql:flags>8</ql:flags>
    </extensions>
   </trkpt>
   <trkpt lon="13.82588625" lat="51.05312347">
    <ele>235</ele>
    <extensions>
     <ql:flags>8</ql:flags>
    </extensions>
   </trkpt>
   <trkpt lon="13.82596408" lat="51.05312493">
    <ele>235</ele>
    <extensions>
     <ql:flags>0</ql:flags>
    </extensions>
   </trkpt>
   <trkpt lon="13.82597208" lat="51.05318785">
    <ele>235</ele>
    <extensions>
     <ql:flags>8</ql:flags>
    </extensions>
   </trkpt>
   <trkpt lon="13.82604320" lat="51.05329314">
    <ele>235</ele>
    <extensions>
     <ql:flags>0</ql:flags>
    </extensions>
   </trkpt>
   <trkpt lon="13.82597208" lat="51.05318785">
    <ele>235</ele>
    <extensions>
     <ql:flags>8</ql:flags>
    </extensions>
   </trkpt>
   <trkpt lon="13.82596542" lat="51.05312578">
    <ele>235</ele>
    <extensions>
     <ql:flags>0</ql:flags>
    </extensions>
   </trkpt>
   <trkpt lon="13.82597208" lat="51.05312347">
    <ele>235</ele>
    <extensions>
     <ql:flags>8</ql:flags>
    </extensions>
   </trkpt>
   <trkpt lon="13.82718716" lat="51.05309312">
    <ele>244</ele>
    <extensions>
     <ql:flags>0</ql:flags>
    </extensions>
   </trkpt>
   <trkpt lon="13.82766724" lat="51.05308056">
    <ele>247</ele>
    <extensions>
     <ql:flags>8</ql:flags>
    </extensions>
   </trkpt>
   <trkpt lon="13.82843971" lat="51.05303764">
    <ele>251</ele>
    <extensions>
     <ql:flags>8</ql:flags>
    </extensions>
   </trkpt>
   <trkpt lon="13.82904053" lat="51.05301619">
    <ele>252</ele>
    <extensions>
     <ql:flags>8</ql:flags>
    </extensions>
   </trkpt>
   <trkpt lon="13.82914782" lat="51.05297327">
    <ele>252</ele>
    <extensions>
     <ql:flags>8</ql:flags>
    </extensions>
   </trkpt>
   <trkpt lon="13.82925510" lat="51.05288744">
    <ele>253</ele>
    <extensions>
     <ql:flags>8</ql:flags>
    </extensions>
   </trkpt>
   <trkpt lon="13.82929802" lat="51.05280161">
    <ele>253</ele>
    <extensions>
     <ql:flags>8</ql:flags>
    </extensions>
   </trkpt>
   <trkpt lon="13.82931948" lat="51.05271578">
    <ele>253</ele>
    <extensions>
     <ql:flags>8</ql:flags>
    </extensions>
   </trkpt>
   <trkpt lon="13.82934093" lat="51.05250120">
    <ele>254</ele>
    <extensions>
     <ql:flags>8</ql:flags>
    </extensions>
   </trkpt>
   <trkpt lon="13.82931948" lat="51.05237246">
    <ele>254</ele>
    <extensions>
     <ql:flags>8</ql:flags>
    </extensions>
   </trkpt>
   <trkpt lon="13.82934093" lat="51.05222225">
    <ele>254</ele>
    <extensions>
     <ql:flags>8</ql:flags>
    </extensions>
   </trkpt>
   <trkpt lon="13.82943485" lat="51.05207651">
    <ele>255</ele>
    <extensions>
     <ql:flags>0</ql:flags>
    </extensions>
   </trkpt>
   <trkpt lon="13.82955551" lat="51.05185747">
    <ele>255</ele>
    <extensions>
     <ql:flags>8</ql:flags>
    </extensions>
   </trkpt>
   <trkpt lon="13.82968426" lat="51.05172873">
    <ele>255</ele>
    <extensions>
     <ql:flags>8</ql:flags>
    </extensions>
   </trkpt>
   <trkpt lon="13.82983446" lat="51.05159998">
    <ele>256</ele>
    <extensions>
     <ql:flags>8</ql:flags>
    </extensions>
   </trkpt>
   <trkpt lon="13.83000612" lat="51.05153561">
    <ele>257</ele>
    <extensions>
     <ql:flags>8</ql:flags>
    </extensions>
   </trkpt>
   <trkpt lon="13.83131504" lat="51.05123520">
    <ele>267</ele>
    <extensions>
     <ql:flags>8</ql:flags>
    </extensions>
   </trkpt>
   <trkpt lon="13.83195747" lat="51.05109597">
    <ele>272</ele>
    <extensions>
     <ql:flags>0</ql:flags>
    </extensions>
   </trkpt>
   <trkpt lon="13.83200169" lat="51.05108500">
    <ele>272</ele>
    <extensions>
     <ql:flags>8</ql:flags>
    </extensions>
   </trkpt>
   <trkpt lon="13.83200307" lat="51.05108782">
    <ele>272</ele>
    <extensions>
     <ql:flags>0</ql:flags>
    </extensions>
   </trkpt>
   <trkpt lon="13.83200169" lat="51.05108500">
    <ele>272</ele>
    <extensions>
     <ql:flags>8</ql:flags>
    </extensions>
   </trkpt>
   <trkpt lon="13.83215327" lat="51.05104218">
    <ele>273</ele>
    <extensions>
     <ql:flags>0</ql:flags>
    </extensions>
   </trkpt>
   <trkpt lon="13.83212645" lat="51.05095903">
    <ele>273</ele>
    <extensions>
     <ql:flags>0</ql:flags>
    </extensions>
   </trkpt>
   <trkpt lon="13.83213043" lat="51.05095625">
    <ele>273</ele>
    <extensions>
     <ql:flags>8</ql:flags>
    </extensions>
   </trkpt>
   <trkpt lon="13.83219481" lat="51.05089188">
    <ele>273</ele>
    <extensions>
     <ql:flags>8</ql:flags>
    </extensions>
   </trkpt>
   <trkpt lon="13.83238792" lat="51.05076313">
    <ele>274</ele>
    <extensions>
     <ql:flags>8</ql:flags>
    </extensions>
   </trkpt>
   <trkpt lon="13.83253146" lat="51.05059724">
    <ele>274</ele>
    <extensions>
     <ql:flags>0</ql:flags>
    </extensions>
   </trkpt>
   <trkpt lon="13.83301020" lat="51.05033398">
    <ele>276</ele>
    <extensions>
     <ql:flags>8</ql:flags>
    </extensions>
   </trkpt>
   <trkpt lon="13.83320332" lat="51.05024815">
    <ele>277</ele>
    <extensions>
     <ql:flags>8</ql:flags>
    </extensions>
   </trkpt>
   <trkpt lon="13.83335352" lat="51.05020523">
    <ele>278</ele>
    <extensions>
     <ql:flags>8</ql:flags>
    </extensions>
   </trkpt>
   <trkpt lon="13.83367538" lat="51.05018377">
    <ele>280</ele>
    <extensions>
     <ql:flags>8</ql:flags>
    </extensions>
   </trkpt>
   <trkpt lon="13.83384705" lat="51.05011940">
    <ele>281</ele>
    <extensions>
     <ql:flags>8</ql:flags>
    </extensions>
   </trkpt>
   <trkpt lon="13.83393288" lat="51.05003357">
    <ele>281</ele>
    <extensions>
     <ql:flags>8</ql:flags>
    </extensions>
   </trkpt>
   <trkpt lon="13.83431911" lat="51.04981899">
    <ele>281</ele>
    <extensions>
     <ql:flags>8</ql:flags>
    </extensions>
   </trkpt>
   <trkpt lon="13.83455515" lat="51.04960442">
    <ele>281</ele>
    <extensions>
     <ql:flags>8</ql:flags>
    </extensions>
   </trkpt>
   <trkpt lon="13.83438349" lat="51.04904652">
    <ele>275</ele>
    <extensions>
     <ql:flags>8</ql:flags>
    </extensions>
   </trkpt>
   <trkpt lon="13.83442640" lat="51.04887486">
    <ele>274</ele>
    <extensions>
     <ql:flags>8</ql:flags>
    </extensions>
   </trkpt>
   <trkpt lon="13.83457661" lat="51.04878902">
    <ele>273</ele>
    <extensions>
     <ql:flags>8</ql:flags>
    </extensions>
   </trkpt>
   <trkpt lon="13.83461952" lat="51.04863882">
    <ele>272</ele>
    <extensions>
     <ql:flags>8</ql:flags>
    </extensions>
   </trkpt>
   <trkpt lon="13.83472681" lat="51.04846716">
    <ele>270</ele>
    <extensions>
     <ql:flags>8</ql:flags>
    </extensions>
   </trkpt>
   <trkpt lon="13.83474827" lat="51.04840279">
    <ele>269</ele>
    <extensions>
     <ql:flags>8</ql:flags>
    </extensions>
   </trkpt>
   <trkpt lon="13.83481264" lat="51.04829550">
    <ele>268</ele>
    <extensions>
     <ql:flags>8</ql:flags>
    </extensions>
   </trkpt>
   <trkpt lon="13.83491993" lat="51.04810238">
    <ele>267</ele>
    <extensions>
     <ql:flags>8</ql:flags>
    </extensions>
   </trkpt>
   <trkpt lon="13.83507013" lat="51.04778051">
    <ele>266</ele>
    <extensions>
     <ql:flags>8</ql:flags>
    </extensions>
   </trkpt>
   <trkpt lon="13.83552074" lat="51.04743719">
    <ele>269</ele>
    <extensions>
     <ql:flags>8</ql:flags>
    </extensions>
   </trkpt>
   <trkpt lon="13.83571386" lat="51.04717970">
    <ele>269</ele>
    <extensions>
     <ql:flags>8</ql:flags>
    </extensions>
   </trkpt>
   <trkpt lon="13.83579969" lat="51.04694366">
    <ele>268</ele>
    <extensions>
     <ql:flags>8</ql:flags>
    </extensions>
   </trkpt>
   <trkpt lon="13.83607864" lat="51.04666471">
    <ele>267</ele>
    <extensions>
     <ql:flags>8</ql:flags>
    </extensions>
   </trkpt>
   <trkpt lon="13.83625031" lat="51.04664326">
    <ele>267</ele>
    <extensions>
     <ql:flags>8</ql:flags>
    </extensions>
   </trkpt>
   <trkpt lon="13.83659363" lat="51.04634285">
    <ele>266</ele>
    <extensions>
     <ql:flags>8</ql:flags>
    </extensions>
   </trkpt>
   <trkpt lon="13.83688469" lat="51.04613632">
    <ele>266</ele>
    <extensions>
     <ql:flags>0</ql:flags>
    </extensions>
   </trkpt>
   <trkpt lon="13.83688603" lat="51.04613580">
    <ele>266</ele>
    <extensions>
     <ql:flags>0</ql:flags>
    </extensions>
   </trkpt>
   <trkpt lon="13.83706570" lat="51.04602098">
    <ele>266</ele>
    <extensions>
     <ql:flags>8</ql:flags>
    </extensions>
   </trkpt>
   <trkpt lon="13.83745193" lat="51.04580641">
    <ele>265</ele>
    <extensions>
     <ql:flags>8</ql:flags>
    </extensions>
   </trkpt>
   <trkpt lon="13.83751631" lat="51.04578495">
    <ele>265</ele>
    <extensions>
     <ql:flags>8</ql:flags>
    </extensions>
   </trkpt>
   <trkpt lon="13.83788109" lat="51.04548454">
    <ele>263</ele>
    <extensions>
     <ql:flags>8</ql:flags>
    </extensions>
   </trkpt>
   <trkpt lon="13.83809302" lat="51.04535804">
    <ele>261</ele>
    <extensions>
     <ql:flags>0</ql:flags>
    </extensions>
   </trkpt>
   <trkpt lon="13.83809566" lat="51.04535580">
    <ele>261</ele>
    <extensions>
     <ql:flags>8</ql:flags>
    </extensions>
   </trkpt>
   <trkpt lon="13.83869648" lat="51.04501247">
    <ele>257</ele>
    <extensions>
     <ql:flags>8</ql:flags>
    </extensions>
   </trkpt>
   <trkpt lon="13.83869648" lat="51.04490519">
    <ele>256</ele>
    <extensions>
     <ql:flags>8</ql:flags>
    </extensions>
   </trkpt>
   <trkpt lon="13.83846045" lat="51.04466915">
    <ele>254</ele>
    <extensions>
     <ql:flags>8</ql:flags>
    </extensions>
   </trkpt>
   <trkpt lon="13.83800983" lat="51.04436874">
    <ele>252</ele>
    <extensions>
     <ql:flags>8</ql:flags>
    </extensions>
   </trkpt>
   <trkpt lon="13.83788109" lat="51.04430437">
    <ele>252</ele>
    <extensions>
     <ql:flags>8</ql:flags>
    </extensions>
   </trkpt>
   <trkpt lon="13.83730446" lat="51.04404679">
    <ele>250</ele>
    <extensions>
     <ql:flags>0</ql:flags>
    </extensions>
   </trkpt>
   <trkpt lon="13.83905996" lat="51.04316754">
    <ele>222</ele>
    <extensions>
     <ql:flags>0</ql:flags>
    </extensions>
   </trkpt>
   <trkpt lon="13.83901834" lat="51.04314566">
    <ele>222</ele>
    <extensions>
     <ql:flags>8</ql:flags>
    </extensions>
   </trkpt>
   <trkpt lon="13.83876085" lat="51.04305983">
    <ele>219</ele>
    <extensions>
     <ql:flags>8</ql:flags>
    </extensions>
   </trkpt>
   <trkpt lon="13.83861065" lat="51.04301691">
    <ele>219</ele>
    <extensions>
     <ql:flags>8</ql:flags>
    </extensions>
   </trkpt>
   <trkpt lon="13.83856778" lat="51.04299591">
    <ele>218</ele>
    <extensions>
     <ql:flags>0</ql:flags>
    </extensions>
   </trkpt>
   <trkpt lon="13.83865356" lat="51.04297400">
    <ele>217</ele>
    <extensions>
     <ql:flags>8</ql:flags>
    </extensions>
   </trkpt>
   <trkpt lon="13.83873940" lat="51.04293108">
    <ele>216</ele>
    <extensions>
     <ql:flags>8</ql:flags>
    </extensions>
   </trkpt>
   <trkpt lon="13.83880377" lat="51.04293108">
    <ele>216</ele>
    <extensions>
     <ql:flags>8</ql:flags>
    </extensions>
   </trkpt>
   <trkpt lon="13.83893251" lat="51.04297400">
    <ele>217</ele>
    <extensions>
     <ql:flags>8</ql:flags>
    </extensions>
   </trkpt>
   <trkpt lon="13.83912563" lat="51.04295254">
    <ele>216</ele>
    <extensions>
     <ql:flags>8</ql:flags>
    </extensions>
   </trkpt>
   <trkpt lon="13.83940458" lat="51.04295254">
    <ele>217</ele>
    <extensions>
     <ql:flags>8</ql:flags>
    </extensions>
   </trkpt>
   <trkpt lon="13.83976936" lat="51.04299545">
    <ele>220</ele>
    <extensions>
     <ql:flags>8</ql:flags>
    </extensions>
   </trkpt>
   <trkpt lon="13.83974791" lat="51.04293108">
    <ele>218</ele>
    <extensions>
     <ql:flags>8</ql:flags>
    </extensions>
   </trkpt>
   <trkpt lon="13.83961916" lat="51.04288816">
    <ele>217</ele>
    <extensions>
     <ql:flags>8</ql:flags>
    </extensions>
   </trkpt>
   <trkpt lon="13.83953333" lat="51.04280233">
    <ele>216</ele>
    <extensions>
     <ql:flags>8</ql:flags>
    </extensions>
   </trkpt>
   <trkpt lon="13.83931875" lat="51.04278088">
    <ele>215</ele>
    <extensions>
     <ql:flags>8</ql:flags>
    </extensions>
   </trkpt>
   <trkpt lon="13.83899689" lat="51.04265213">
    <ele>213</ele>
    <extensions>
     <ql:flags>8</ql:flags>
    </extensions>
   </trkpt>
   <trkpt lon="13.83891106" lat="51.04258776">
    <ele>212</ele>
    <extensions>
     <ql:flags>8</ql:flags>
    </extensions>
   </trkpt>
   <trkpt lon="13.83888960" lat="51.04252338">
    <ele>211</ele>
    <extensions>
     <ql:flags>8</ql:flags>
    </extensions>
   </trkpt>
   <trkpt lon="13.83891106" lat="51.04243755">
    <ele>210</ele>
    <extensions>
     <ql:flags>8</ql:flags>
    </extensions>
   </trkpt>
   <trkpt lon="13.83886814" lat="51.04243755">
    <ele>209</ele>
    <extensions>
     <ql:flags>8</ql:flags>
    </extensions>
   </trkpt>
   <trkpt lon="13.83880377" lat="51.04241610">
    <ele>208</ele>
    <extensions>
     <ql:flags>8</ql:flags>
    </extensions>
   </trkpt>
   <trkpt lon="13.83871794" lat="51.04233027">
    <ele>207</ele>
    <extensions>
     <ql:flags>8</ql:flags>
    </extensions>
   </trkpt>
   <trkpt lon="13.83865356" lat="51.04228735">
    <ele>206</ele>
    <extensions>
     <ql:flags>8</ql:flags>
    </extensions>
   </trkpt>
   <trkpt lon="13.83863211" lat="51.04226589">
    <ele>206</ele>
    <extensions>
     <ql:flags>8</ql:flags>
    </extensions>
   </trkpt>
   <trkpt lon="13.83867502" lat="51.04224443">
    <ele>205</ele>
    <extensions>
     <ql:flags>8</ql:flags>
    </extensions>
   </trkpt>
   <trkpt lon="13.83869648" lat="51.04226589">
    <ele>206</ele>
    <extensions>
     <ql:flags>8</ql:flags>
    </extensions>
   </trkpt>
   <trkpt lon="13.83878231" lat="51.04230881">
    <ele>207</ele>
    <extensions>
     <ql:flags>8</ql:flags>
    </extensions>
   </trkpt>
   <trkpt lon="13.83895397" lat="51.04235172">
    <ele>210</ele>
    <extensions>
     <ql:flags>8</ql:flags>
    </extensions>
   </trkpt>
   <trkpt lon="13.83893251" lat="51.04226589">
    <ele>208</ele>
    <extensions>
     <ql:flags>8</ql:flags>
    </extensions>
   </trkpt>
   <trkpt lon="13.83886814" lat="51.04218006">
    <ele>206</ele>
    <extensions>
     <ql:flags>8</ql:flags>
    </extensions>
   </trkpt>
   <trkpt lon="13.83882523" lat="51.04209423">
    <ele>205</ele>
    <extensions>
     <ql:flags>8</ql:flags>
    </extensions>
   </trkpt>
   <trkpt lon="13.83880381" lat="51.04199320">
    <ele>207</ele>
    <extensions>
     <ql:flags>0</ql:flags>
    </extensions>
   </trkpt>
   <trkpt lon="13.83921146" lat="51.04228735">
    <ele>213</ele>
    <extensions>
     <ql:flags>8</ql:flags>
    </extensions>
   </trkpt>
   <trkpt lon="13.83944750" lat="51.04250193">
    <ele>216</ele>
    <extensions>
     <ql:flags>8</ql:flags>
    </extensions>
   </trkpt>
   <trkpt lon="13.83972645" lat="51.04263067">
    <ele>219</ele>
    <extensions>
     <ql:flags>8</ql:flags>
    </extensions>
   </trkpt>
   <trkpt lon="13.83996248" lat="51.04267359">
    <ele>222</ele>
    <extensions>
     <ql:flags>8</ql:flags>
    </extensions>
   </trkpt>
   <trkpt lon="13.84028435" lat="51.04278088">
    <ele>226</ele>
    <extensions>
     <ql:flags>8</ql:flags>
    </extensions>
   </trkpt>
   <trkpt lon="13.84085704" lat="51.04314471">
    <ele>229</ele>
    <extensions>
     <ql:flags>0</ql:flags>
    </extensions>
   </trkpt>
   <trkpt lon="13.84090662" lat="51.04301691">
    <ele>230</ele>
    <extensions>
     <ql:flags>8</ql:flags>
    </extensions>
   </trkpt>
   <trkpt lon="13.84090662" lat="51.04295254">
    <ele>231</ele>
    <extensions>
     <ql:flags>8</ql:flags>
    </extensions>
   </trkpt>
   <trkpt lon="13.84088516" lat="51.04290962">
    <ele>231</ele>
    <extensions>
     <ql:flags>8</ql:flags>
    </extensions>
   </trkpt>
   <trkpt lon="13.84082079" lat="51.04286671">
    <ele>231</ele>
    <extensions>
     <ql:flags>8</ql:flags>
    </extensions>
   </trkpt>
   <trkpt lon="13.84058475" lat="51.04260921">
    <ele>231</ele>
    <extensions>
     <ql:flags>8</ql:flags>
    </extensions>
   </trkpt>
   <trkpt lon="13.84019852" lat="51.04239464">
    <ele>227</ele>
    <extensions>
     <ql:flags>8</ql:flags>
    </extensions>
   </trkpt>
   <trkpt lon="13.84009123" lat="51.04237318">
    <ele>226</ele>
    <extensions>
     <ql:flags>8</ql:flags>
    </extensions>
   </trkpt>
   <trkpt lon="13.83985519" lat="51.04228735">
    <ele>223</ele>
    <extensions>
     <ql:flags>8</ql:flags>
    </extensions>
   </trkpt>
   <trkpt lon="13.83974791" lat="51.04224443">
    <ele>221</ele>
    <extensions>
     <ql:flags>8</ql:flags>
    </extensions>
   </trkpt>
   <trkpt lon="13.83979082" lat="51.04200840">
    <ele>224</ele>
    <extensions>
     <ql:flags>8</ql:flags>
    </extensions>
   </trkpt>
   <trkpt lon="13.84011269" lat="51.04194403">
    <ele>230</ele>
    <extensions>
     <ql:flags>8</ql:flags>
    </extensions>
   </trkpt>
   <trkpt lon="13.84060621" lat="51.04187965">
    <ele>237</ele>
    <extensions>
     <ql:flags>8</ql:flags>
    </extensions>
   </trkpt>
   <trkpt lon="13.84086370" lat="51.04172945">
    <ele>240</ele>
    <extensions>
     <ql:flags>8</ql:flags>
    </extensions>
   </trkpt>
   <trkpt lon="13.84105682" lat="51.04166508">
    <ele>242</ele>
    <extensions>
     <ql:flags>8</ql:flags>
    </extensions>
   </trkpt>
   <trkpt lon="13.84135723" lat="51.04168653">
    <ele>244</ele>
    <extensions>
     <ql:flags>8</ql:flags>
    </extensions>
   </trkpt>
   <trkpt lon="13.84148598" lat="51.04177237">
    <ele>244</ele>
    <extensions>
     <ql:flags>8</ql:flags>
    </extensions>
   </trkpt>
   <trkpt lon="13.84150077" lat="51.04179817">
    <ele>244</ele>
    <extensions>
     <ql:flags>0</ql:flags>
    </extensions>
   </trkpt>
   <trkpt lon="13.84152759" lat="51.04185989">
    <ele>244</ele>
    <extensions>
     <ql:flags>0</ql:flags>
    </extensions>
   </trkpt>
   <trkpt lon="13.84152889" lat="51.04196548">
    <ele>243</ele>
    <extensions>
     <ql:flags>8</ql:flags>
    </extensions>
   </trkpt>
   <trkpt lon="13.84157181" lat="51.04211569">
    <ele>242</ele>
    <extensions>
     <ql:flags>8</ql:flags>
    </extensions>
   </trkpt>
   <trkpt lon="13.84163618" lat="51.04213715">
    <ele>243</ele>
    <extensions>
     <ql:flags>8</ql:flags>
    </extensions>
   </trkpt>
   <trkpt lon="13.84169657" lat="51.04203040">
    <ele>244</ele>
    <extensions>
     <ql:flags>0</ql:flags>
    </extensions>
   </trkpt>
   <trkpt lon="13.84169791" lat="51.04202871">
    <ele>244</ele>
    <extensions>
     <ql:flags>0</ql:flags>
    </extensions>
   </trkpt>
   <trkpt lon="13.84167910" lat="51.04190111">
    <ele>245</ele>
    <extensions>
     <ql:flags>8</ql:flags>
    </extensions>
   </trkpt>
   <trkpt lon="13.84170055" lat="51.04183674">
    <ele>245</ele>
    <extensions>
     <ql:flags>8</ql:flags>
    </extensions>
   </trkpt>
   <trkpt lon="13.84170055" lat="51.04175091">
    <ele>246</ele>
    <extensions>
     <ql:flags>8</ql:flags>
    </extensions>
   </trkpt>
   <trkpt lon="13.84170055" lat="51.04170799">
    <ele>246</ele>
    <extensions>
     <ql:flags>8</ql:flags>
    </extensions>
   </trkpt>
   <trkpt lon="13.84165764" lat="51.04162216">
    <ele>246</ele>
    <extensions>
     <ql:flags>8</ql:flags>
    </extensions>
   </trkpt>
   <trkpt lon="13.84140015" lat="51.04134321">
    <ele>246</ele>
    <extensions>
     <ql:flags>8</ql:flags>
    </extensions>
   </trkpt>
   <trkpt lon="13.84133577" lat="51.04127884">
    <ele>246</ele>
    <extensions>
     <ql:flags>8</ql:flags>
    </extensions>
   </trkpt>
   <trkpt lon="13.84114265" lat="51.04115009">
    <ele>246</ele>
    <extensions>
     <ql:flags>8</ql:flags>
    </extensions>
   </trkpt>
   <trkpt lon="13.84082485" lat="51.04096172">
    <ele>244</ele>
    <extensions>
     <ql:flags>0</ql:flags>
    </extensions>
   </trkpt>
   <trkpt lon="13.84272520" lat="51.03885810">
    <ele>249</ele>
    <extensions>
     <ql:flags>0</ql:flags>
    </extensions>
   </trkpt>
   <trkpt lon="13.84172608" lat="51.03883189">
    <ele>241</ele>
    <extensions>
     <ql:flags>0</ql:flags>
    </extensions>
   </trkpt>
   <trkpt lon="13.84176363" lat="51.03821465">
    <ele>236</ele>
    <extensions>
     <ql:flags>0</ql:flags>
    </extensions>
   </trkpt>
   <trkpt lon="13.84182930" lat="51.03810310">
    <ele>236</ele>
    <extensions>
     <ql:flags>8</ql:flags>
    </extensions>
   </trkpt>
   <trkpt lon="13.84191513" lat="51.03803873">
    <ele>235</ele>
    <extensions>
     <ql:flags>8</ql:flags>
    </extensions>
   </trkpt>
   <trkpt lon="13.84197950" lat="51.03803873">
    <ele>236</ele>
    <extensions>
     <ql:flags>8</ql:flags>
    </extensions>
   </trkpt>
   <trkpt lon="13.84255886" lat="51.03818893">
    <ele>241</ele>
    <extensions>
     <ql:flags>8</ql:flags>
    </extensions>
   </trkpt>
   <trkpt lon="13.84268761" lat="51.03816748">
    <ele>242</ele>
    <extensions>
     <ql:flags>8</ql:flags>
    </extensions>
   </trkpt>
   <trkpt lon="13.84279225" lat="51.03810388">
    <ele>243</ele>
    <extensions>
     <ql:flags>0</ql:flags>
    </extensions>
   </trkpt>
   <trkpt lon="13.84275068" lat="51.03793647">
    <ele>241</ele>
    <extensions>
     <ql:flags>0</ql:flags>
    </extensions>
   </trkpt>
   <trkpt lon="13.84296656" lat="51.03780270">
    <ele>241</ele>
    <extensions>
     <ql:flags>8</ql:flags>
    </extensions>
   </trkpt>
   <trkpt lon="13.84298801" lat="51.03769541">
    <ele>241</ele>
    <extensions>
     <ql:flags>8</ql:flags>
    </extensions>
   </trkpt>
   <trkpt lon="13.84302829" lat="51.03761936">
    <ele>240</ele>
    <extensions>
     <ql:flags>0</ql:flags>
    </extensions>
   </trkpt>
   <trkpt lon="13.84251595" lat="51.03726625">
    <ele>233</ele>
    <extensions>
     <ql:flags>8</ql:flags>
    </extensions>
   </trkpt>
   <trkpt lon="13.84193659" lat="51.03692293">
    <ele>227</ele>
    <extensions>
     <ql:flags>8</ql:flags>
    </extensions>
   </trkpt>
   <trkpt lon="13.84132777" lat="51.03660807">
    <ele>225</ele>
    <extensions>
     <ql:flags>0</ql:flags>
    </extensions>
   </trkpt>
   <trkpt lon="13.84102334" lat="51.03652014">
    <ele>221</ele>
    <extensions>
     <ql:flags>0</ql:flags>
    </extensions>
   </trkpt>
   <trkpt lon="13.84131168" lat="51.03660131">
    <ele>225</ele>
    <extensions>
     <ql:flags>0</ql:flags>
    </extensions>
   </trkpt>
   <trkpt lon="13.84193659" lat="51.03692293">
    <ele>227</ele>
    <extensions>
     <ql:flags>8</ql:flags>
    </extensions>
   </trkpt>
   <trkpt lon="13.84251595" lat="51.03726625">
    <ele>233</ele>
    <extensions>
     <ql:flags>8</ql:flags>
    </extensions>
   </trkpt>
   <trkpt lon="13.84303231" lat="51.03760921">
    <ele>240</ele>
    <extensions>
     <ql:flags>0</ql:flags>
    </extensions>
   </trkpt>
   <trkpt lon="13.84414673" lat="51.03735209">
    <ele>246</ele>
    <extensions>
     <ql:flags>8</ql:flags>
    </extensions>
   </trkpt>
   <trkpt lon="13.84479046" lat="51.03715897">
    <ele>246</ele>
    <extensions>
     <ql:flags>8</ql:flags>
    </extensions>
   </trkpt>
   <trkpt lon="13.84558439" lat="51.03694439">
    <ele>244</ele>
    <extensions>
     <ql:flags>8</ql:flags>
    </extensions>
   </trkpt>
   <trkpt lon="13.84588480" lat="51.03688002">
    <ele>244</ele>
    <extensions>
     <ql:flags>8</ql:flags>
    </extensions>
   </trkpt>
   <trkpt lon="13.84635687" lat="51.03679419">
    <ele>243</ele>
    <extensions>
     <ql:flags>8</ql:flags>
    </extensions>
   </trkpt>
   <trkpt lon="13.84678602" lat="51.03677273">
    <ele>244</ele>
    <extensions>
     <ql:flags>8</ql:flags>
    </extensions>
   </trkpt>
   <trkpt lon="13.84798765" lat="51.03640795">
    <ele>244</ele>
    <extensions>
     <ql:flags>8</ql:flags>
    </extensions>
   </trkpt>
   <trkpt lon="13.84821836" lat="51.03640770">
    <ele>244</ele>
    <extensions>
     <ql:flags>0</ql:flags>
    </extensions>
   </trkpt>
   <trkpt lon="13.84862874" lat="51.03644913">
    <ele>245</ele>
    <extensions>
     <ql:flags>0</ql:flags>
    </extensions>
   </trkpt>
   <trkpt lon="13.84888757" lat="51.03649057">
    <ele>245</ele>
    <extensions>
     <ql:flags>0</ql:flags>
    </extensions>
   </trkpt>
   <trkpt lon="13.84922285" lat="51.03659880">
    <ele>247</ele>
    <extensions>
     <ql:flags>0</ql:flags>
    </extensions>
   </trkpt>
   <trkpt lon="13.84922553" lat="51.03660048">
    <ele>247</ele>
    <extensions>
     <ql:flags>0</ql:flags>
    </extensions>
   </trkpt>
   <trkpt lon="13.84923220" lat="51.03660107">
    <ele>247</ele>
    <extensions>
     <ql:flags>8</ql:flags>
    </extensions>
   </trkpt>
   <trkpt lon="13.84929657" lat="51.03655815">
    <ele>247</ele>
    <extensions>
     <ql:flags>8</ql:flags>
    </extensions>
   </trkpt>
   <trkpt lon="13.84953260" lat="51.03647232">
    <ele>247</ele>
    <extensions>
     <ql:flags>8</ql:flags>
    </extensions>
   </trkpt>
   <trkpt lon="13.85088444" lat="51.03593588">
    <ele>247</ele>
    <extensions>
     <ql:flags>8</ql:flags>
    </extensions>
   </trkpt>
   <trkpt lon="13.85122776" lat="51.03576422">
    <ele>246</ele>
    <extensions>
     <ql:flags>8</ql:flags>
    </extensions>
   </trkpt>
   <trkpt lon="13.85180179" lat="51.03555281">
    <ele>246</ele>
    <extensions>
     <ql:flags>0</ql:flags>
    </extensions>
   </trkpt>
   <trkpt lon="13.85180712" lat="51.03554964">
    <ele>246</ele>
    <extensions>
     <ql:flags>8</ql:flags>
    </extensions>
   </trkpt>
   <trkpt lon="13.85193586" lat="51.03557110">
    <ele>247</ele>
    <extensions>
     <ql:flags>8</ql:flags>
    </extensions>
   </trkpt>
   <trkpt lon="13.85212898" lat="51.03563547">
    <ele>247</ele>
    <extensions>
     <ql:flags>8</ql:flags>
    </extensions>
   </trkpt>
   <trkpt lon="13.85234356" lat="51.03580713">
    <ele>248</ele>
    <extensions>
     <ql:flags>8</ql:flags>
    </extensions>
   </trkpt>
   <trkpt lon="13.85251522" lat="51.03600025">
    <ele>250</ele>
    <extensions>
     <ql:flags>8</ql:flags>
    </extensions>
   </trkpt>
   <trkpt lon="13.85283709" lat="51.03655815">
    <ele>252</ele>
    <extensions>
     <ql:flags>8</ql:flags>
    </extensions>
   </trkpt>
   <trkpt lon="13.85292292" lat="51.03668690">
    <ele>253</ele>
    <extensions>
     <ql:flags>8</ql:flags>
    </extensions>
   </trkpt>
   <trkpt lon="13.85333061" lat="51.03722334">
    <ele>253</ele>
    <extensions>
     <ql:flags>8</ql:flags>
    </extensions>
   </trkpt>
   <trkpt lon="13.85353584" lat="51.03730568">
    <ele>253</ele>
    <extensions>
     <ql:flags>0</ql:flags>
    </extensions>
   </trkpt>
   <trkpt lon="13.85354519" lat="51.03730917">
    <ele>253</ele>
    <extensions>
     <ql:flags>8</ql:flags>
    </extensions>
   </trkpt>
   <trkpt lon="13.85348082" lat="51.03758812">
    <ele>256</ele>
    <extensions>
     <ql:flags>8</ql:flags>
    </extensions>
   </trkpt>
   <trkpt lon="13.85348086" lat="51.03769294">
    <ele>256</ele>
    <extensions>
     <ql:flags>0</ql:flags>
    </extensions>
   </trkpt>
   <trkpt lon="13.85410309" lat="51.03758812">
    <ele>255</ele>
    <extensions>
     <ql:flags>8</ql:flags>
    </extensions>
   </trkpt>
   <trkpt lon="13.85410581" lat="51.03758894">
    <ele>255</ele>
    <extensions>
     <ql:flags>0</ql:flags>
    </extensions>
   </trkpt>
   <trkpt lon="13.85414600" lat="51.03745937">
    <ele>254</ele>
    <extensions>
     <ql:flags>8</ql:flags>
    </extensions>
   </trkpt>
   <trkpt lon="13.85466099" lat="51.03715897">
    <ele>250</ele>
    <extensions>
     <ql:flags>8</ql:flags>
    </extensions>
   </trkpt>
   <trkpt lon="13.85497753" lat="51.03699282">
    <ele>248</ele>
    <extensions>
     <ql:flags>0</ql:flags>
    </extensions>
   </trkpt>
   <trkpt lon="13.85497619" lat="51.03698944">
    <ele>248</ele>
    <extensions>
     <ql:flags>0</ql:flags>
    </extensions>
   </trkpt>
   <trkpt lon="13.85547508" lat="51.03668757">
    <ele>245</ele>
    <extensions>
     <ql:flags>0</ql:flags>
    </extensions>
   </trkpt>
   <trkpt lon="13.85607719" lat="51.03634357">
    <ele>242</ele>
    <extensions>
     <ql:flags>8</ql:flags>
    </extensions>
   </trkpt>
   <trkpt lon="13.85622740" lat="51.03627920">
    <ele>241</ele>
    <extensions>
     <ql:flags>8</ql:flags>
    </extensions>
   </trkpt>
   <trkpt lon="13.85635614" lat="51.03625774">
    <ele>241</ele>
    <extensions>
     <ql:flags>8</ql:flags>
    </extensions>
   </trkpt>
   <trkpt lon="13.85738611" lat="51.03636503">
    <ele>238</ele>
    <extensions>
     <ql:flags>8</ql:flags>
    </extensions>
   </trkpt>
   <trkpt lon="13.85751486" lat="51.03638649">
    <ele>238</ele>
    <extensions>
     <ql:flags>8</ql:flags>
    </extensions>
   </trkpt>
   <trkpt lon="13.85757391" lat="51.03640769">
    <ele>238</ele>
    <extensions>
     <ql:flags>0</ql:flags>
    </extensions>
   </trkpt>
   <trkpt lon="13.85764096" lat="51.03636626">
    <ele>237</ele>
    <extensions>
     <ql:flags>0</ql:flags>
    </extensions>
   </trkpt>
   <trkpt lon="13.85785818" lat="51.03625774">
    <ele>235</ele>
    <extensions>
     <ql:flags>8</ql:flags>
    </extensions>
   </trkpt>
   <trkpt lon="13.85805130" lat="51.03621483">
    <ele>235</ele>
    <extensions>
     <ql:flags>8</ql:flags>
    </extensions>
   </trkpt>
   <trkpt lon="13.85863066" lat="51.03630066">
    <ele>235</ele>
    <extensions>
     <ql:flags>8</ql:flags>
    </extensions>
   </trkpt>
   <trkpt lon="13.85914564" lat="51.03640795">
    <ele>238</ele>
    <extensions>
     <ql:flags>8</ql:flags>
    </extensions>
   </trkpt>
   <trkpt lon="13.85942459" lat="51.03640795">
    <ele>239</ele>
    <extensions>
     <ql:flags>8</ql:flags>
    </extensions>
   </trkpt>
   <trkpt lon="13.85959625" lat="51.03651524">
    <ele>239</ele>
    <extensions>
     <ql:flags>8</ql:flags>
    </extensions>
   </trkpt>
   <trkpt lon="13.85989666" lat="51.03664398">
    <ele>241</ele>
    <extensions>
     <ql:flags>8</ql:flags>
    </extensions>
   </trkpt>
   <trkpt lon="13.86015415" lat="51.03668690">
    <ele>243</ele>
    <extensions>
     <ql:flags>8</ql:flags>
    </extensions>
   </trkpt>
   <trkpt lon="13.86071205" lat="51.03700876">
    <ele>246</ele>
    <extensions>
     <ql:flags>8</ql:flags>
    </extensions>
   </trkpt>
   <trkpt lon="13.86090521" lat="51.03713741">
    <ele>248</ele>
    <extensions>
     <ql:flags>0</ql:flags>
    </extensions>
   </trkpt>
   <trkpt lon="13.86102993" lat="51.03713825">
    <ele>250</ele>
    <extensions>
     <ql:flags>0</ql:flags>
    </extensions>
   </trkpt>
   <trkpt lon="13.86135180" lat="51.03720252">
    <ele>252</ele>
    <extensions>
     <ql:flags>0</ql:flags>
    </extensions>
   </trkpt>
   <trkpt lon="13.86172056" lat="51.03722334">
    <ele>254</ele>
    <extensions>
     <ql:flags>8</ql:flags>
    </extensions>
   </trkpt>
   <trkpt lon="13.86204243" lat="51.03718042">
    <ele>256</ele>
    <extensions>
     <ql:flags>8</ql:flags>
    </extensions>
   </trkpt>
   <trkpt lon="13.86221409" lat="51.03705168">
    <ele>257</ele>
    <extensions>
     <ql:flags>8</ql:flags>
    </extensions>
   </trkpt>
   <trkpt lon="13.86236429" lat="51.03670835">
    <ele>256</ele>
    <extensions>
     <ql:flags>8</ql:flags>
    </extensions>
   </trkpt>
   <trkpt lon="13.86240721" lat="51.03660107">
    <ele>256</ele>
    <extensions>
     <ql:flags>8</ql:flags>
    </extensions>
   </trkpt>
   <trkpt lon="13.86279345" lat="51.03632212">
    <ele>257</ele>
    <extensions>
     <ql:flags>8</ql:flags>
    </extensions>
   </trkpt>
   <trkpt lon="13.86345863" lat="51.03617191">
    <ele>260</ele>
    <extensions>
     <ql:flags>8</ql:flags>
    </extensions>
   </trkpt>
   <trkpt lon="13.86433840" lat="51.03585005">
    <ele>263</ele>
    <extensions>
     <ql:flags>8</ql:flags>
    </extensions>
   </trkpt>
   <trkpt lon="13.86485338" lat="51.03572130">
    <ele>265</ele>
    <extensions>
     <ql:flags>8</ql:flags>
    </extensions>
   </trkpt>
   <trkpt lon="13.86485338" lat="51.03561401">
    <ele>265</ele>
    <extensions>
     <ql:flags>8</ql:flags>
    </extensions>
   </trkpt>
   <trkpt lon="13.86493523" lat="51.03553167">
    <ele>265</ele>
    <extensions>
     <ql:flags>0</ql:flags>
    </extensions>
   </trkpt>
   <trkpt lon="13.86493921" lat="51.03552818">
    <ele>265</ele>
    <extensions>
     <ql:flags>8</ql:flags>
    </extensions>
   </trkpt>
   <trkpt lon="13.86472464" lat="51.03518486">
    <ele>264</ele>
    <extensions>
     <ql:flags>8</ql:flags>
    </extensions>
   </trkpt>
   <trkpt lon="13.86470318" lat="51.03505611">
    <ele>264</ele>
    <extensions>
     <ql:flags>8</ql:flags>
    </extensions>
   </trkpt>
   <trkpt lon="13.86472464" lat="51.03490591">
    <ele>264</ele>
    <extensions>
     <ql:flags>8</ql:flags>
    </extensions>
   </trkpt>
   <trkpt lon="13.86478901" lat="51.03464842">
    <ele>264</ele>
    <extensions>
     <ql:flags>8</ql:flags>
    </extensions>
   </trkpt>
   <trkpt lon="13.86498213" lat="51.03404760">
    <ele>266</ele>
    <extensions>
     <ql:flags>8</ql:flags>
    </extensions>
   </trkpt>
   <trkpt lon="13.86538987" lat="51.03237584">
    <ele>271</ele>
    <extensions>
     <ql:flags>0</ql:flags>
    </extensions>
   </trkpt>
   <trkpt lon="13.86541128" lat="51.03209496">
    <ele>271</ele>
    <extensions>
     <ql:flags>8</ql:flags>
    </extensions>
   </trkpt>
   <trkpt lon="13.86554003" lat="51.03185892">
    <ele>271</ele>
    <extensions>
     <ql:flags>8</ql:flags>
    </extensions>
   </trkpt>
   <trkpt lon="13.86584044" lat="51.03140831">
    <ele>273</ele>
    <extensions>
     <ql:flags>8</ql:flags>
    </extensions>
   </trkpt>
   <trkpt lon="13.86588335" lat="51.03127956">
    <ele>273</ele>
    <extensions>
     <ql:flags>8</ql:flags>
    </extensions>
   </trkpt>
   <trkpt lon="13.86588335" lat="51.03108644">
    <ele>273</ele>
    <extensions>
     <ql:flags>8</ql:flags>
    </extensions>
   </trkpt>
   <trkpt lon="13.86579752" lat="51.03048563">
    <ele>275</ele>
    <extensions>
     <ql:flags>8</ql:flags>
    </extensions>
   </trkpt>
   <trkpt lon="13.86579752" lat="51.03033543">
    <ele>275</ele>
    <extensions>
     <ql:flags>8</ql:flags>
    </extensions>
   </trkpt>
   <trkpt lon="13.86575460" lat="51.03020668">
    <ele>274</ele>
    <extensions>
     <ql:flags>8</ql:flags>
    </extensions>
   </trkpt>
   <trkpt lon="13.86489630" lat="51.02930546">
    <ele>268</ele>
    <extensions>
     <ql:flags>8</ql:flags>
    </extensions>
   </trkpt>
   <trkpt lon="13.86474609" lat="51.02913380">
    <ele>267</ele>
    <extensions>
     <ql:flags>8</ql:flags>
    </extensions>
   </trkpt>
   <trkpt lon="13.86457443" lat="51.02896214">
    <ele>266</ele>
    <extensions>
     <ql:flags>8</ql:flags>
    </extensions>
   </trkpt>
   <trkpt lon="13.86412382" lat="51.02855444">
    <ele>264</ele>
    <extensions>
     <ql:flags>8</ql:flags>
    </extensions>
   </trkpt>
   <trkpt lon="13.86365175" lat="51.02812529">
    <ele>262</ele>
    <extensions>
     <ql:flags>8</ql:flags>
    </extensions>
   </trkpt>
   <trkpt lon="13.86358738" lat="51.02806091">
    <ele>262</ele>
    <extensions>
     <ql:flags>8</ql:flags>
    </extensions>
   </trkpt>
   <trkpt lon="13.86352301" lat="51.02797508">
    <ele>262</ele>
    <extensions>
     <ql:flags>8</ql:flags>
    </extensions>
   </trkpt>
   <trkpt lon="13.86348009" lat="51.02784634">
    <ele>261</ele>
    <extensions>
     <ql:flags>8</ql:flags>
    </extensions>
   </trkpt>
   <trkpt lon="13.86350155" lat="51.02776051">
    <ele>261</ele>
    <extensions>
     <ql:flags>8</ql:flags>
    </extensions>
   </trkpt>
   <trkpt lon="13.86354446" lat="51.02771759">
    <ele>261</ele>
    <extensions>
     <ql:flags>8</ql:flags>
    </extensions>
   </trkpt>
   <trkpt lon="13.86367321" lat="51.02763176">
    <ele>261</ele>
    <extensions>
     <ql:flags>8</ql:flags>
    </extensions>
   </trkpt>
   <trkpt lon="13.86407827" lat="51.02739896">
    <ele>260</ele>
    <extensions>
     <ql:flags>0</ql:flags>
    </extensions>
   </trkpt>
   <trkpt lon="13.86375904" lat="51.02720261">
    <ele>259</ele>
    <extensions>
     <ql:flags>8</ql:flags>
    </extensions>
   </trkpt>
   <trkpt lon="13.86270761" lat="51.02647305">
    <ele>256</ele>
    <extensions>
     <ql:flags>8</ql:flags>
    </extensions>
   </trkpt>
   <trkpt lon="13.86255879" lat="51.02639421">
    <ele>256</ele>
    <extensions>
     <ql:flags>0</ql:flags>
    </extensions>
   </trkpt>
   <trkpt lon="13.86270761" lat="51.02647305">
    <ele>256</ele>
    <extensions>
     <ql:flags>8</ql:flags>
    </extensions>
   </trkpt>
   <trkpt lon="13.86375904" lat="51.02720261">
    <ele>259</ele>
    <extensions>
     <ql:flags>8</ql:flags>
    </extensions>
   </trkpt>
   <trkpt lon="13.86407692" lat="51.02739557">
    <ele>260</ele>
    <extensions>
     <ql:flags>0</ql:flags>
    </extensions>
   </trkpt>
   <trkpt lon="13.86408091" lat="51.02739573">
    <ele>260</ele>
    <extensions>
     <ql:flags>8</ql:flags>
    </extensions>
   </trkpt>
   <trkpt lon="13.86466026" lat="51.02709532">
    <ele>260</ele>
    <extensions>
     <ql:flags>8</ql:flags>
    </extensions>
   </trkpt>
   <trkpt lon="13.86519670" lat="51.02681637">
    <ele>261</ele>
    <extensions>
     <ql:flags>8</ql:flags>
    </extensions>
   </trkpt>
   <trkpt lon="13.86528254" lat="51.02677345">
    <ele>261</ele>
    <extensions>
     <ql:flags>8</ql:flags>
    </extensions>
   </trkpt>
   <trkpt lon="13.86545420" lat="51.02670908">
    <ele>261</ele>
    <extensions>
     <ql:flags>8</ql:flags>
    </extensions>
   </trkpt>
   <trkpt lon="13.86562586" lat="51.02668762">
    <ele>261</ele>
    <extensions>
     <ql:flags>8</ql:flags>
    </extensions>
   </trkpt>
   <trkpt lon="13.86577606" lat="51.02668762">
    <ele>261</ele>
    <extensions>
     <ql:flags>8</ql:flags>
    </extensions>
   </trkpt>
   <trkpt lon="13.86577744" lat="51.02668853">
    <ele>261</ele>
    <extensions>
     <ql:flags>0</ql:flags>
    </extensions>
   </trkpt>
   <trkpt lon="13.86579752" lat="51.02664471">
    <ele>261</ele>
    <extensions>
     <ql:flags>8</ql:flags>
    </extensions>
   </trkpt>
   <trkpt lon="13.86586189" lat="51.02660179">
    <ele>261</ele>
    <extensions>
     <ql:flags>8</ql:flags>
    </extensions>
   </trkpt>
   <trkpt lon="13.86615698" lat="51.02647540">
    <ele>261</ele>
    <extensions>
     <ql:flags>0</ql:flags>
    </extensions>
   </trkpt>
   <trkpt lon="13.86624813" lat="51.02638721">
    <ele>261</ele>
    <extensions>
     <ql:flags>8</ql:flags>
    </extensions>
   </trkpt>
   <trkpt lon="13.86631250" lat="51.02636576">
    <ele>261</ele>
    <extensions>
     <ql:flags>8</ql:flags>
    </extensions>
   </trkpt>
   <trkpt lon="13.86641979" lat="51.02636576">
    <ele>261</ele>
    <extensions>
     <ql:flags>8</ql:flags>
    </extensions>
   </trkpt>
   <trkpt lon="13.86652708" lat="51.02640867">
    <ele>262</ele>
    <extensions>
     <ql:flags>8</ql:flags>
    </extensions>
   </trkpt>
   <trkpt lon="13.86660759" lat="51.02647117">
    <ele>262</ele>
    <extensions>
     <ql:flags>0</ql:flags>
    </extensions>
   </trkpt>
   <trkpt lon="13.86678457" lat="51.02647305">
    <ele>263</ele>
    <extensions>
     <ql:flags>8</ql:flags>
    </extensions>
   </trkpt>
   <trkpt lon="13.86794329" lat="51.02617264">
    <ele>265</ele>
    <extensions>
     <ql:flags>8</ql:flags>
    </extensions>
   </trkpt>
   <trkpt lon="13.86832952" lat="51.02580786">
    <ele>263</ele>
    <extensions>
     <ql:flags>8</ql:flags>
    </extensions>
   </trkpt>
   <trkpt lon="13.86893034" lat="51.02550745">
    <ele>260</ele>
    <extensions>
     <ql:flags>8</ql:flags>
    </extensions>
   </trkpt>
   <trkpt lon="13.87073278" lat="51.02458477">
    <ele>252</ele>
    <extensions>
     <ql:flags>8</ql:flags>
    </extensions>
   </trkpt>
   <trkpt lon="13.87187004" lat="51.02385521">
    <ele>238</ele>
    <extensions>
     <ql:flags>8</ql:flags>
    </extensions>
   </trkpt>
   <trkpt lon="13.87236357" lat="51.02338314">
    <ele>236</ele>
    <extensions>
     <ql:flags>8</ql:flags>
    </extensions>
   </trkpt>
   <trkpt lon="13.87259696" lat="51.02319208">
    <ele>237</ele>
    <extensions>
     <ql:flags>0</ql:flags>
    </extensions>
   </trkpt>
   <trkpt lon="13.87274717" lat="51.02319039">
    <ele>238</ele>
    <extensions>
     <ql:flags>0</ql:flags>
    </extensions>
   </trkpt>
   <trkpt lon="13.87279272" lat="51.02329731">
    <ele>238</ele>
    <extensions>
     <ql:flags>8</ql:flags>
    </extensions>
   </trkpt>
   <trkpt lon="13.87283300" lat="51.02338154">
    <ele>237</ele>
    <extensions>
     <ql:flags>0</ql:flags>
    </extensions>
   </trkpt>
   <trkpt lon="13.87290001" lat="51.02336168">
    <ele>238</ele>
    <extensions>
     <ql:flags>8</ql:flags>
    </extensions>
   </trkpt>
   <trkpt lon="13.87292147" lat="51.02331877">
    <ele>238</ele>
    <extensions>
     <ql:flags>8</ql:flags>
    </extensions>
   </trkpt>
   <trkpt lon="13.87292147" lat="51.02325439">
    <ele>239</ele>
    <extensions>
     <ql:flags>8</ql:flags>
    </extensions>
   </trkpt>
   <trkpt lon="13.87296442" lat="51.02323183">
    <ele>239</ele>
    <extensions>
     <ql:flags>0</ql:flags>
    </extensions>
   </trkpt>
   <trkpt lon="13.87296711" lat="51.02323183">
    <ele>239</ele>
    <extensions>
     <ql:flags>0</ql:flags>
    </extensions>
   </trkpt>
   <trkpt lon="13.87292147" lat="51.02325439">
    <ele>239</ele>
    <extensions>
     <ql:flags>8</ql:flags>
    </extensions>
   </trkpt>
   <trkpt lon="13.87292147" lat="51.02331877">
    <ele>238</ele>
    <extensions>
     <ql:flags>8</ql:flags>
    </extensions>
   </trkpt>
   <trkpt lon="13.87290001" lat="51.02336168">
    <ele>238</ele>
    <extensions>
     <ql:flags>8</ql:flags>
    </extensions>
   </trkpt>
   <trkpt lon="13.87283970" lat="51.02338323">
    <ele>237</ele>
    <extensions>
     <ql:flags>0</ql:flags>
    </extensions>
   </trkpt>
   <trkpt lon="13.87287725" lat="51.02346781">
    <ele>237</ele>
    <extensions>
     <ql:flags>0</ql:flags>
    </extensions>
   </trkpt>
   <trkpt lon="13.87292147" lat="51.02349043">
    <ele>237</ele>
    <extensions>
     <ql:flags>8</ql:flags>
    </extensions>
   </trkpt>
   <trkpt lon="13.87307167" lat="51.02344751">
    <ele>238</ele>
    <extensions>
     <ql:flags>8</ql:flags>
    </extensions>
   </trkpt>
   <trkpt lon="13.87317896" lat="51.02344751">
    <ele>239</ele>
    <extensions>
     <ql:flags>8</ql:flags>
    </extensions>
   </trkpt>
   <trkpt lon="13.87330641" lat="51.02348896">
    <ele>240</ele>
    <extensions>
     <ql:flags>0</ql:flags>
    </extensions>
   </trkpt>
   <trkpt lon="13.87330372" lat="51.02349149">
    <ele>240</ele>
    <extensions>
     <ql:flags>0</ql:flags>
    </extensions>
   </trkpt>
   <trkpt lon="13.87341499" lat="51.02344751">
    <ele>241</ele>
    <extensions>
     <ql:flags>8</ql:flags>
    </extensions>
   </trkpt>
   <trkpt lon="13.87377977" lat="51.02344751">
    <ele>244</ele>
    <extensions>
     <ql:flags>8</ql:flags>
    </extensions>
   </trkpt>
   <trkpt lon="13.87405872" lat="51.02336168">
    <ele>246</ele>
    <extensions>
     <ql:flags>8</ql:flags>
    </extensions>
   </trkpt>
   <trkpt lon="13.87442350" lat="51.02319002">
    <ele>247</ele>
    <extensions>
     <ql:flags>8</ql:flags>
    </extensions>
   </trkpt>
   <trkpt lon="13.87446642" lat="51.02297544">
    <ele>247</ele>
    <extensions>
     <ql:flags>8</ql:flags>
    </extensions>
   </trkpt>
   <trkpt lon="13.87463808" lat="51.02286816">
    <ele>247</ele>
    <extensions>
     <ql:flags>8</ql:flags>
    </extensions>
   </trkpt>
   <trkpt lon="13.87484733" lat="51.02276240">
    <ele>248</ele>
    <extensions>
     <ql:flags>0</ql:flags>
    </extensions>
   </trkpt>
   <trkpt lon="13.87483526" lat="51.02274295">
    <ele>248</ele>
    <extensions>
     <ql:flags>0</ql:flags>
    </extensions>
   </trkpt>
   <trkpt lon="13.87461662" lat="51.02263212">
    <ele>248</ele>
    <extensions>
     <ql:flags>8</ql:flags>
    </extensions>
   </trkpt>
   <trkpt lon="13.87412310" lat="51.02231026">
    <ele>249</ele>
    <extensions>
     <ql:flags>8</ql:flags>
    </extensions>
   </trkpt>
   <trkpt lon="13.87350082" lat="51.02220297">
    <ele>250</ele>
    <extensions>
     <ql:flags>8</ql:flags>
    </extensions>
   </trkpt>
   <trkpt lon="13.87326479" lat="51.02222443">
    <ele>249</ele>
    <extensions>
     <ql:flags>8</ql:flags>
    </extensions>
   </trkpt>
   <trkpt lon="13.87305021" lat="51.02218151">
    <ele>250</ele>
    <extensions>
     <ql:flags>8</ql:flags>
    </extensions>
   </trkpt>
   <trkpt lon="13.87239311" lat="51.02182100">
    <ele>249</ele>
    <extensions>
     <ql:flags>0</ql:flags>
    </extensions>
   </trkpt>
   <trkpt lon="13.87187004" lat="51.02181673">
    <ele>248</ele>
    <extensions>
     <ql:flags>8</ql:flags>
    </extensions>
   </trkpt>
   <trkpt lon="13.87163401" lat="51.02177382">
    <ele>247</ele>
    <extensions>
     <ql:flags>8</ql:flags>
    </extensions>
   </trkpt>
   <trkpt lon="13.87129068" lat="51.02177382">
    <ele>245</ele>
    <extensions>
     <ql:flags>8</ql:flags>
    </extensions>
   </trkpt>
   <trkpt lon="13.87103319" lat="51.02166653">
    <ele>243</ele>
    <extensions>
     <ql:flags>8</ql:flags>
    </extensions>
   </trkpt>
   <trkpt lon="13.87084007" lat="51.02153778">
    <ele>242</ele>
    <extensions>
     <ql:flags>8</ql:flags>
    </extensions>
   </trkpt>
   <trkpt lon="13.87068987" lat="51.02136612">
    <ele>241</ele>
    <extensions>
     <ql:flags>8</ql:flags>
    </extensions>
   </trkpt>
   <trkpt lon="13.87045383" lat="51.02119446">
    <ele>240</ele>
    <extensions>
     <ql:flags>8</ql:flags>
    </extensions>
   </trkpt>
   <trkpt lon="13.86991739" lat="51.02113008">
    <ele>237</ele>
    <extensions>
     <ql:flags>8</ql:flags>
    </extensions>
   </trkpt>
   <trkpt lon="13.86959553" lat="51.02097988">
    <ele>234</ele>
    <extensions>
     <ql:flags>8</ql:flags>
    </extensions>
   </trkpt>
   <trkpt lon="13.86940241" lat="51.02093697">
    <ele>233</ele>
    <extensions>
     <ql:flags>8</ql:flags>
    </extensions>
   </trkpt>
   <trkpt lon="13.86918783" lat="51.02091551">
    <ele>232</ele>
    <extensions>
     <ql:flags>8</ql:flags>
    </extensions>
   </trkpt>
   <trkpt lon="13.86908054" lat="51.02087259">
    <ele>232</ele>
    <extensions>
     <ql:flags>8</ql:flags>
    </extensions>
   </trkpt>
   <trkpt lon="13.86903763" lat="51.02080822">
    <ele>231</ele>
    <extensions>
     <ql:flags>8</ql:flags>
    </extensions>
   </trkpt>
   <trkpt lon="13.86901617" lat="51.02063656">
    <ele>231</ele>
    <extensions>
     <ql:flags>8</ql:flags>
    </extensions>
   </trkpt>
   <trkpt lon="13.86890888" lat="51.02052927">
    <ele>231</ele>
    <extensions>
     <ql:flags>8</ql:flags>
    </extensions>
   </trkpt>
   <trkpt lon="13.86875868" lat="51.02050781">
    <ele>230</ele>
    <extensions>
     <ql:flags>8</ql:flags>
    </extensions>
   </trkpt>
   <trkpt lon="13.86860847" lat="51.02050781">
    <ele>230</ele>
    <extensions>
     <ql:flags>8</ql:flags>
    </extensions>
   </trkpt>
   <trkpt lon="13.86847973" lat="51.02055073">
    <ele>229</ele>
    <extensions>
     <ql:flags>8</ql:flags>
    </extensions>
   </trkpt>
   <trkpt lon="13.86813641" lat="51.02055073">
    <ele>228</ele>
    <extensions>
     <ql:flags>8</ql:flags>
    </extensions>
   </trkpt>
   <trkpt lon="13.86796474" lat="51.02050781">
    <ele>228</ele>
    <extensions>
     <ql:flags>8</ql:flags>
    </extensions>
   </trkpt>
   <trkpt lon="13.86779308" lat="51.02044344">
    <ele>227</ele>
    <extensions>
     <ql:flags>8</ql:flags>
    </extensions>
   </trkpt>
   <trkpt lon="13.86766434" lat="51.02035761">
    <ele>227</ele>
    <extensions>
     <ql:flags>8</ql:flags>
    </extensions>
   </trkpt>
   <trkpt lon="13.86758123" lat="51.02029593">
    <ele>226</ele>
    <extensions>
     <ql:flags>0</ql:flags>
    </extensions>
   </trkpt>
   <trkpt lon="13.86747122" lat="51.02035761">
    <ele>226</ele>
    <extensions>
     <ql:flags>8</ql:flags>
    </extensions>
   </trkpt>
   <trkpt lon="13.86729956" lat="51.02040052">
    <ele>226</ele>
    <extensions>
     <ql:flags>8</ql:flags>
    </extensions>
   </trkpt>
   <trkpt lon="13.86692141" lat="51.02039997">
    <ele>223</ele>
    <extensions>
     <ql:flags>0</ql:flags>
    </extensions>
   </trkpt>
   <trkpt lon="13.86691332" lat="51.02040052">
    <ele>222</ele>
    <extensions>
     <ql:flags>8</ql:flags>
    </extensions>
   </trkpt>
   <trkpt lon="13.86676316" lat="51.02033737">
    <ele>220</ele>
    <extensions>
     <ql:flags>0</ql:flags>
    </extensions>
   </trkpt>
   <trkpt lon="13.86632998" lat="51.02011856">
    <ele>211</ele>
    <extensions>
     <ql:flags>0</ql:flags>
    </extensions>
   </trkpt>
   <trkpt lon="13.86626959" lat="51.02003574">
    <ele>209</ele>
    <extensions>
     <ql:flags>8</ql:flags>
    </extensions>
   </trkpt>
   <trkpt lon="13.86644125" lat="51.01997137">
    <ele>211</ele>
    <extensions>
     <ql:flags>8</ql:flags>
    </extensions>
   </trkpt>
   <trkpt lon="13.86674170" lat="51.01993051">
    <ele>216</ele>
    <extensions>
     <ql:flags>0</ql:flags>
    </extensions>
   </trkpt>
   <trkpt lon="13.86674166" lat="51.01992846">
    <ele>216</ele>
    <extensions>
     <ql:flags>8</ql:flags>
    </extensions>
   </trkpt>
   <trkpt lon="13.86652708" lat="51.01982117">
    <ele>211</ele>
    <extensions>
     <ql:flags>8</ql:flags>
    </extensions>
   </trkpt>
   <trkpt lon="13.86650701" lat="51.01969224">
    <ele>209</ele>
    <extensions>
     <ql:flags>0</ql:flags>
    </extensions>
   </trkpt>
   <trkpt lon="13.86650562" lat="51.01969242">
    <ele>209</ele>
    <extensions>
     <ql:flags>8</ql:flags>
    </extensions>
   </trkpt>
   <trkpt lon="13.86653249" lat="51.01965926">
    <ele>210</ele>
    <extensions>
     <ql:flags>0</ql:flags>
    </extensions>
   </trkpt>
   <trkpt lon="13.86663437" lat="51.01952076">
    <ele>209</ele>
    <extensions>
     <ql:flags>8</ql:flags>
    </extensions>
   </trkpt>
   <trkpt lon="13.86637688" lat="51.01958513">
    <ele>206</ele>
    <extensions>
     <ql:flags>8</ql:flags>
    </extensions>
   </trkpt>
   <trkpt lon="13.86573315" lat="51.01949930">
    <ele>188</ele>
    <extensions>
     <ql:flags>8</ql:flags>
    </extensions>
   </trkpt>
   <trkpt lon="13.86547565" lat="51.01949930">
    <ele>182</ele>
    <extensions>
     <ql:flags>8</ql:flags>
    </extensions>
   </trkpt>
   <trkpt lon="13.86521816" lat="51.01952076">
    <ele>176</ele>
    <extensions>
     <ql:flags>8</ql:flags>
    </extensions>
   </trkpt>
   <trkpt lon="13.86504650" lat="51.01960659">
    <ele>174</ele>
    <extensions>
     <ql:flags>8</ql:flags>
    </extensions>
   </trkpt>
   <trkpt lon="13.86489630" lat="51.01969242">
    <ele>171</ele>
    <extensions>
     <ql:flags>8</ql:flags>
    </extensions>
   </trkpt>
   <trkpt lon="13.86476893" lat="51.02007600">
    <ele>173</ele>
    <extensions>
     <ql:flags>0</ql:flags>
    </extensions>
   </trkpt>
   <trkpt lon="13.86476893" lat="51.02007683">
    <ele>173</ele>
    <extensions>
     <ql:flags>0</ql:flags>
    </extensions>
   </trkpt>
   <trkpt lon="13.86472464" lat="51.02020741">
    <ele>173</ele>
    <extensions>
     <ql:flags>8</ql:flags>
    </extensions>
   </trkpt>
   <trkpt lon="13.86463881" lat="51.02020741">
    <ele>171</ele>
    <extensions>
     <ql:flags>8</ql:flags>
    </extensions>
   </trkpt>
   <trkpt lon="13.86453152" lat="51.02012157">
    <ele>167</ele>
    <extensions>
     <ql:flags>8</ql:flags>
    </extensions>
   </trkpt>
   <trkpt lon="13.86442423" lat="51.01994991">
    <ele>162</ele>
    <extensions>
     <ql:flags>8</ql:flags>
    </extensions>
   </trkpt>
   <trkpt lon="13.86438131" lat="51.01982117">
    <ele>160</ele>
    <extensions>
     <ql:flags>8</ql:flags>
    </extensions>
   </trkpt>
   <trkpt lon="13.86444439" lat="51.01963106">
    <ele>159</ele>
    <extensions>
     <ql:flags>0</ql:flags>
    </extensions>
   </trkpt>
   <trkpt lon="13.86454899" lat="51.01950333">
    <ele>159</ele>
    <extensions>
     <ql:flags>0</ql:flags>
    </extensions>
   </trkpt>
   <trkpt lon="13.86459589" lat="51.01939201">
    <ele>157</ele>
    <extensions>
     <ql:flags>8</ql:flags>
    </extensions>
   </trkpt>
   <trkpt lon="13.86466026" lat="51.01930618">
    <ele>157</ele>
    <extensions>
     <ql:flags>8</ql:flags>
    </extensions>
   </trkpt>
   <trkpt lon="13.86466026" lat="51.01928473">
    <ele>157</ele>
    <extensions>
     <ql:flags>8</ql:flags>
    </extensions>
   </trkpt>
   <trkpt lon="13.86463881" lat="51.01926327">
    <ele>156</ele>
    <extensions>
     <ql:flags>8</ql:flags>
    </extensions>
   </trkpt>
   <trkpt lon="13.86460130" lat="51.01924449">
    <ele>154</ele>
    <extensions>
     <ql:flags>0</ql:flags>
    </extensions>
   </trkpt>
   <trkpt lon="13.86461735" lat="51.01919889">
    <ele>154</ele>
    <extensions>
     <ql:flags>8</ql:flags>
    </extensions>
   </trkpt>
   <trkpt lon="13.86461735" lat="51.01909161">
    <ele>152</ele>
    <extensions>
     <ql:flags>8</ql:flags>
    </extensions>
   </trkpt>
   <trkpt lon="13.86457443" lat="51.01904869">
    <ele>150</ele>
    <extensions>
     <ql:flags>8</ql:flags>
    </extensions>
   </trkpt>
   <trkpt lon="13.86438131" lat="51.01894140">
    <ele>146</ele>
    <extensions>
     <ql:flags>8</ql:flags>
    </extensions>
   </trkpt>
   <trkpt lon="13.86373758" lat="51.01855516">
    <ele>135</ele>
    <extensions>
     <ql:flags>8</ql:flags>
    </extensions>
   </trkpt>
   <trkpt lon="13.86320114" lat="51.01819038">
    <ele>130</ele>
    <extensions>
     <ql:flags>8</ql:flags>
    </extensions>
   </trkpt>
   <trkpt lon="13.86296649" lat="51.01800102">
    <ele>128</ele>
    <extensions>
     <ql:flags>0</ql:flags>
    </extensions>
   </trkpt>
   <trkpt lon="13.86296511" lat="51.01799726">
    <ele>128</ele>
    <extensions>
     <ql:flags>8</ql:flags>
    </extensions>
   </trkpt>
   <trkpt lon="13.86313677" lat="51.01782560">
    <ele>127</ele>
    <extensions>
     <ql:flags>8</ql:flags>
    </extensions>
   </trkpt>
   <trkpt lon="13.86337280" lat="51.01763248">
    <ele>127</ele>
    <extensions>
     <ql:flags>8</ql:flags>
    </extensions>
   </trkpt>
   <trkpt lon="13.86384487" lat="51.01735353">
    <ele>127</ele>
    <extensions>
     <ql:flags>8</ql:flags>
    </extensions>
   </trkpt>
   <trkpt lon="13.86472464" lat="51.01683855">
    <ele>126</ele>
    <extensions>
     <ql:flags>8</ql:flags>
    </extensions>
   </trkpt>
   <trkpt lon="13.86474609" lat="51.01681709">
    <ele>126</ele>
    <extensions>
     <ql:flags>8</ql:flags>
    </extensions>
   </trkpt>
   <trkpt lon="13.86498213" lat="51.01668835">
    <ele>127</ele>
    <extensions>
     <ql:flags>8</ql:flags>
    </extensions>
   </trkpt>
   <trkpt lon="13.86551857" lat="51.01638794">
    <ele>128</ele>
    <extensions>
     <ql:flags>8</ql:flags>
    </extensions>
   </trkpt>
   <trkpt lon="13.86618376" lat="51.01604462">
    <ele>129</ele>
    <extensions>
     <ql:flags>8</ql:flags>
    </extensions>
   </trkpt>
   <trkpt lon="13.86721373" lat="51.01555109">
    <ele>133</ele>
    <extensions>
     <ql:flags>8</ql:flags>
    </extensions>
   </trkpt>
   <trkpt lon="13.86832952" lat="51.01497173">
    <ele>136</ele>
    <extensions>
     <ql:flags>8</ql:flags>
    </extensions>
   </trkpt>
   <trkpt lon="13.86908054" lat="51.01462841">
    <ele>138</ele>
    <extensions>
     <ql:flags>8</ql:flags>
    </extensions>
   </trkpt>
   <trkpt lon="13.86963844" lat="51.01426363">
    <ele>138</ele>
    <extensions>
     <ql:flags>8</ql:flags>
    </extensions>
   </trkpt>
   <trkpt lon="13.86987448" lat="51.01404905">
    <ele>137</ele>
    <extensions>
     <ql:flags>8</ql:flags>
    </extensions>
   </trkpt>
   <trkpt lon="13.87006760" lat="51.01379156">
    <ele>135</ele>
    <extensions>
     <ql:flags>8</ql:flags>
    </extensions>
   </trkpt>
   <trkpt lon="13.87008905" lat="51.01377010">
    <ele>135</ele>
    <extensions>
     <ql:flags>8</ql:flags>
    </extensions>
   </trkpt>
   <trkpt lon="13.87013197" lat="51.01374865">
    <ele>135</ele>
    <extensions>
     <ql:flags>8</ql:flags>
    </extensions>
   </trkpt>
   <trkpt lon="13.87124777" lat="51.01321220">
    <ele>136</ele>
    <extensions>
     <ql:flags>8</ql:flags>
    </extensions>
   </trkpt>
   <trkpt lon="13.87187004" lat="51.01291180">
    <ele>132</ele>
    <extensions>
     <ql:flags>8</ql:flags>
    </extensions>
   </trkpt>
   <trkpt lon="13.87210608" lat="51.01280451">
    <ele>132</ele>
    <extensions>
     <ql:flags>8</ql:flags>
    </extensions>
   </trkpt>
   <trkpt lon="13.87229919" lat="51.01276159">
    <ele>132</ele>
    <extensions>
     <ql:flags>8</ql:flags>
    </extensions>
   </trkpt>
   <trkpt lon="13.87264252" lat="51.01274014">
    <ele>133</ele>
    <extensions>
     <ql:flags>8</ql:flags>
    </extensions>
   </trkpt>
   <trkpt lon="13.87270689" lat="51.01271868">
    <ele>133</ele>
    <extensions>
     <ql:flags>8</ql:flags>
    </extensions>
   </trkpt>
   <trkpt lon="13.87289335" lat="51.01263512">
    <ele>134</ele>
    <extensions>
     <ql:flags>0</ql:flags>
    </extensions>
   </trkpt>
   <trkpt lon="13.87302876" lat="51.01274014">
    <ele>134</ele>
    <extensions>
     <ql:flags>8</ql:flags>
    </extensions>
   </trkpt>
   <trkpt lon="13.87311459" lat="51.01282597">
    <ele>135</ele>
    <extensions>
     <ql:flags>8</ql:flags>
    </extensions>
   </trkpt>
   <trkpt lon="13.87326215" lat="51.01293207">
    <ele>136</ele>
    <extensions>
     <ql:flags>0</ql:flags>
    </extensions>
   </trkpt>
   <trkpt lon="13.87347937" lat="51.01306200">
    <ele>138</ele>
    <extensions>
     <ql:flags>8</ql:flags>
    </extensions>
   </trkpt>
   <trkpt lon="13.87356520" lat="51.01308346">
    <ele>139</ele>
    <extensions>
     <ql:flags>8</ql:flags>
    </extensions>
   </trkpt>
   <trkpt lon="13.87403727" lat="51.01299763">
    <ele>141</ele>
    <extensions>
     <ql:flags>8</ql:flags>
    </extensions>
   </trkpt>
   <trkpt lon="13.87416601" lat="51.01299763">
    <ele>142</ele>
    <extensions>
     <ql:flags>8</ql:flags>
    </extensions>
   </trkpt>
   <trkpt lon="13.87424518" lat="51.01301751">
    <ele>143</ele>
    <extensions>
     <ql:flags>0</ql:flags>
    </extensions>
   </trkpt>
   <trkpt lon="13.87429476" lat="51.01306200">
    <ele>144</ele>
    <extensions>
     <ql:flags>8</ql:flags>
    </extensions>
   </trkpt>
   <trkpt lon="13.87429476" lat="51.01323366">
    <ele>148</ele>
    <extensions>
     <ql:flags>8</ql:flags>
    </extensions>
   </trkpt>
   <trkpt lon="13.87431622" lat="51.01334095">
    <ele>150</ele>
    <extensions>
     <ql:flags>8</ql:flags>
    </extensions>
   </trkpt>
   <trkpt lon="13.87440205" lat="51.01346970">
    <ele>154</ele>
    <extensions>
     <ql:flags>8</ql:flags>
    </extensions>
   </trkpt>
   <trkpt lon="13.87448788" lat="51.01351261">
    <ele>156</ele>
    <extensions>
     <ql:flags>8</ql:flags>
    </extensions>
   </trkpt>
   <trkpt lon="13.87461662" lat="51.01351261">
    <ele>159</ele>
    <extensions>
     <ql:flags>8</ql:flags>
    </extensions>
   </trkpt>
   <trkpt lon="13.87476683" lat="51.01349115">
    <ele>161</ele>
    <extensions>
     <ql:flags>8</ql:flags>
    </extensions>
   </trkpt>
   <trkpt lon="13.87487411" lat="51.01346970">
    <ele>163</ele>
    <extensions>
     <ql:flags>8</ql:flags>
    </extensions>
   </trkpt>
   <trkpt lon="13.87517452" lat="51.01308346">
    <ele>155</ele>
    <extensions>
     <ql:flags>8</ql:flags>
    </extensions>
   </trkpt>
   <trkpt lon="13.87534618" lat="51.01297617">
    <ele>153</ele>
    <extensions>
     <ql:flags>8</ql:flags>
    </extensions>
   </trkpt>
   <trkpt lon="13.87551785" lat="51.01291180">
    <ele>152</ele>
    <extensions>
     <ql:flags>8</ql:flags>
    </extensions>
   </trkpt>
   <trkpt lon="13.87558222" lat="51.01289034">
    <ele>153</ele>
    <extensions>
     <ql:flags>8</ql:flags>
    </extensions>
   </trkpt>
   <trkpt lon="13.87590408" lat="51.01284742">
    <ele>156</ele>
    <extensions>
     <ql:flags>8</ql:flags>
    </extensions>
   </trkpt>
   <trkpt lon="13.87607579" lat="51.01282885">
    <ele>157</ele>
    <extensions>
     <ql:flags>0</ql:flags>
    </extensions>
   </trkpt>
   <trkpt lon="13.87616158" lat="51.01278305">
    <ele>157</ele>
    <extensions>
     <ql:flags>8</ql:flags>
    </extensions>
   </trkpt>
   <trkpt lon="13.87757778" lat="51.01256847">
    <ele>163</ele>
    <extensions>
     <ql:flags>8</ql:flags>
    </extensions>
   </trkpt>
   <trkpt lon="13.87783527" lat="51.01267576">
    <ele>170</ele>
    <extensions>
     <ql:flags>8</ql:flags>
    </extensions>
   </trkpt>
   <trkpt lon="13.87792110" lat="51.01267576">
    <ele>171</ele>
    <extensions>
     <ql:flags>8</ql:flags>
    </extensions>
   </trkpt>
   <trkpt lon="13.87798548" lat="51.01267576">
    <ele>172</ele>
    <extensions>
     <ql:flags>8</ql:flags>
    </extensions>
   </trkpt>
   <trkpt lon="13.87817860" lat="51.01250410">
    <ele>168</ele>
    <extensions>
     <ql:flags>8</ql:flags>
    </extensions>
   </trkpt>
   <trkpt lon="13.87935877" lat="51.01209641">
    <ele>172</ele>
    <extensions>
     <ql:flags>8</ql:flags>
    </extensions>
   </trkpt>
   <trkpt lon="13.87965918" lat="51.01205349">
    <ele>177</ele>
    <extensions>
     <ql:flags>8</ql:flags>
    </extensions>
   </trkpt>
   <trkpt lon="13.87974501" lat="51.01203203">
    <ele>178</ele>
    <extensions>
     <ql:flags>8</ql:flags>
    </extensions>
   </trkpt>
   <trkpt lon="13.87987375" lat="51.01196766">
    <ele>179</ele>
    <extensions>
     <ql:flags>8</ql:flags>
    </extensions>
   </trkpt>
   <trkpt lon="13.88056040" lat="51.01158142">
    <ele>174</ele>
    <extensions>
     <ql:flags>8</ql:flags>
    </extensions>
   </trkpt>
   <trkpt lon="13.88058186" lat="51.01158142">
    <ele>174</ele>
    <extensions>
     <ql:flags>8</ql:flags>
    </extensions>
   </trkpt>
   <trkpt lon="13.88066769" lat="51.01160288">
    <ele>176</ele>
    <extensions>
     <ql:flags>8</ql:flags>
    </extensions>
   </trkpt>
   <trkpt lon="13.88071060" lat="51.01160288">
    <ele>177</ele>
    <extensions>
     <ql:flags>8</ql:flags>
    </extensions>
   </trkpt>
   <trkpt lon="13.88075352" lat="51.01155996">
    <ele>175</ele>
    <extensions>
     <ql:flags>8</ql:flags>
    </extensions>
   </trkpt>
   <trkpt lon="13.88075352" lat="51.01151705">
    <ele>173</ele>
    <extensions>
     <ql:flags>8</ql:flags>
    </extensions>
   </trkpt>
   <trkpt lon="13.88079643" lat="51.01149559">
    <ele>173</ele>
    <extensions>
     <ql:flags>8</ql:flags>
    </extensions>
   </trkpt>
   <trkpt lon="13.88124704" lat="51.01136684">
    <ele>172</ele>
    <extensions>
     <ql:flags>8</ql:flags>
    </extensions>
   </trkpt>
   <trkpt lon="13.88126850" lat="51.01136684">
    <ele>172</ele>
    <extensions>
     <ql:flags>8</ql:flags>
    </extensions>
   </trkpt>
   <trkpt lon="13.88148308" lat="51.01132393">
    <ele>175</ele>
    <extensions>
     <ql:flags>8</ql:flags>
    </extensions>
   </trkpt>
   <trkpt lon="13.88171911" lat="51.01134539">
    <ele>181</ele>
    <extensions>
     <ql:flags>8</ql:flags>
    </extensions>
   </trkpt>
   <trkpt lon="13.88201952" lat="51.01132393">
    <ele>187</ele>
    <extensions>
     <ql:flags>8</ql:flags>
    </extensions>
   </trkpt>
   <trkpt lon="13.88214827" lat="51.01128101">
    <ele>188</ele>
    <extensions>
     <ql:flags>8</ql:flags>
    </extensions>
   </trkpt>
   <trkpt lon="13.88216972" lat="51.01125956">
    <ele>188</ele>
    <extensions>
     <ql:flags>8</ql:flags>
    </extensions>
   </trkpt>
   <trkpt lon="13.88219118" lat="51.01119518">
    <ele>186</ele>
    <extensions>
     <ql:flags>8</ql:flags>
    </extensions>
   </trkpt>
   <trkpt lon="13.88225555" lat="51.01102352">
    <ele>180</ele>
    <extensions>
     <ql:flags>8</ql:flags>
    </extensions>
   </trkpt>
   <trkpt lon="13.88227701" lat="51.01091623">
    <ele>177</ele>
    <extensions>
     <ql:flags>8</ql:flags>
    </extensions>
   </trkpt>
   <trkpt lon="13.88229847" lat="51.01087332">
    <ele>175</ele>
    <extensions>
     <ql:flags>8</ql:flags>
    </extensions>
   </trkpt>
   <trkpt lon="13.88236284" lat="51.01087332">
    <ele>177</ele>
    <extensions>
     <ql:flags>8</ql:flags>
    </extensions>
   </trkpt>
   <trkpt lon="13.88242722" lat="51.01080894">
    <ele>176</ele>
    <extensions>
     <ql:flags>8</ql:flags>
    </extensions>
   </trkpt>
   <trkpt lon="13.88262033" lat="51.01072311">
    <ele>176</ele>
    <extensions>
     <ql:flags>8</ql:flags>
    </extensions>
   </trkpt>
   <trkpt lon="13.88266325" lat="51.01070166">
    <ele>176</ele>
    <extensions>
     <ql:flags>8</ql:flags>
    </extensions>
   </trkpt>
   <trkpt lon="13.88313532" lat="51.01048708">
    <ele>175</ele>
    <extensions>
     <ql:flags>8</ql:flags>
    </extensions>
   </trkpt>
   <trkpt lon="13.88350010" lat="51.01035833">
    <ele>175</ele>
    <extensions>
     <ql:flags>8</ql:flags>
    </extensions>
   </trkpt>
   <trkpt lon="13.88362885" lat="51.01029396">
    <ele>175</ele>
    <extensions>
     <ql:flags>8</ql:flags>
    </extensions>
   </trkpt>
   <trkpt lon="13.88386488" lat="51.01027250">
    <ele>178</ele>
    <extensions>
     <ql:flags>8</ql:flags>
    </extensions>
   </trkpt>
   <trkpt lon="13.88450861" lat="51.01016521">
    <ele>185</ele>
    <extensions>
     <ql:flags>8</ql:flags>
    </extensions>
   </trkpt>
   <trkpt lon="13.88455153" lat="51.01014376">
    <ele>185</ele>
    <extensions>
     <ql:flags>8</ql:flags>
    </extensions>
   </trkpt>
   <trkpt lon="13.88457298" lat="51.01010084">
    <ele>184</ele>
    <extensions>
     <ql:flags>8</ql:flags>
    </extensions>
   </trkpt>
   <trkpt lon="13.88478756" lat="51.00992918">
    <ele>182</ele>
    <extensions>
     <ql:flags>8</ql:flags>
    </extensions>
   </trkpt>
   <trkpt lon="13.88487339" lat="51.00986481">
    <ele>181</ele>
    <extensions>
     <ql:flags>8</ql:flags>
    </extensions>
   </trkpt>
   <trkpt lon="13.88491631" lat="51.00977898">
    <ele>179</ele>
    <extensions>
     <ql:flags>8</ql:flags>
    </extensions>
   </trkpt>
   <trkpt lon="13.88515234" lat="51.00969315">
    <ele>180</ele>
    <extensions>
     <ql:flags>8</ql:flags>
    </extensions>
   </trkpt>
   <trkpt lon="13.88538842" lat="51.00963001">
    <ele>182</ele>
    <extensions>
     <ql:flags>0</ql:flags>
    </extensions>
   </trkpt>
   <trkpt lon="13.88571024" lat="51.00960732">
    <ele>187</ele>
    <extensions>
     <ql:flags>8</ql:flags>
    </extensions>
   </trkpt>
   <trkpt lon="13.88596773" lat="51.00960732">
    <ele>191</ele>
    <extensions>
     <ql:flags>8</ql:flags>
    </extensions>
   </trkpt>
   <trkpt lon="13.88611794" lat="51.00954294">
    <ele>192</ele>
    <extensions>
     <ql:flags>8</ql:flags>
    </extensions>
   </trkpt>
   <trkpt lon="13.88616085" lat="51.00909233">
    <ele>184</ele>
    <extensions>
     <ql:flags>8</ql:flags>
    </extensions>
   </trkpt>
   <trkpt lon="13.88633251" lat="51.00902796">
    <ele>185</ele>
    <extensions>
     <ql:flags>8</ql:flags>
    </extensions>
   </trkpt>
   <trkpt lon="13.88656855" lat="51.00904942">
    <ele>189</ele>
    <extensions>
     <ql:flags>8</ql:flags>
    </extensions>
   </trkpt>
   <trkpt lon="13.88736248" lat="51.00937128">
    <ele>207</ele>
    <extensions>
     <ql:flags>8</ql:flags>
    </extensions>
   </trkpt>
   <trkpt lon="13.88746977" lat="51.00939274">
    <ele>209</ele>
    <extensions>
     <ql:flags>8</ql:flags>
    </extensions>
   </trkpt>
   <trkpt lon="13.88761997" lat="51.00932837">
    <ele>211</ele>
    <extensions>
     <ql:flags>8</ql:flags>
    </extensions>
   </trkpt>
   <trkpt lon="13.88794184" lat="51.00885630">
    <ele>209</ele>
    <extensions>
     <ql:flags>8</ql:flags>
    </extensions>
   </trkpt>
   <trkpt lon="13.88792038" lat="51.00874901">
    <ele>207</ele>
    <extensions>
     <ql:flags>8</ql:flags>
    </extensions>
   </trkpt>
   <trkpt lon="13.88772726" lat="51.00853443">
    <ele>196</ele>
    <extensions>
     <ql:flags>8</ql:flags>
    </extensions>
   </trkpt>
   <trkpt lon="13.88774872" lat="51.00847006">
    <ele>194</ele>
    <extensions>
     <ql:flags>8</ql:flags>
    </extensions>
   </trkpt>
   <trkpt lon="13.88802767" lat="51.00840569">
    <ele>196</ele>
    <extensions>
     <ql:flags>8</ql:flags>
    </extensions>
   </trkpt>
   <trkpt lon="13.88899326" lat="51.00825548">
    <ele>195</ele>
    <extensions>
     <ql:flags>8</ql:flags>
    </extensions>
   </trkpt>
   <trkpt lon="13.88905764" lat="51.00825548">
    <ele>195</ele>
    <extensions>
     <ql:flags>8</ql:flags>
    </extensions>
   </trkpt>
   <trkpt lon="13.88983011" lat="51.00872755">
    <ele>217</ele>
    <extensions>
     <ql:flags>8</ql:flags>
    </extensions>
   </trkpt>
   <trkpt lon="13.89004469" lat="51.00877047">
    <ele>221</ele>
    <extensions>
     <ql:flags>8</ql:flags>
    </extensions>
   </trkpt>
   <trkpt lon="13.89038135" lat="51.00867818">
    <ele>222</ele>
    <extensions>
     <ql:flags>0</ql:flags>
    </extensions>
   </trkpt>
   <trkpt lon="13.89068842" lat="51.00844860">
    <ele>215</ele>
    <extensions>
     <ql:flags>8</ql:flags>
    </extensions>
   </trkpt>
   <trkpt lon="13.89122486" lat="51.00816965">
    <ele>207</ele>
    <extensions>
     <ql:flags>8</ql:flags>
    </extensions>
   </trkpt>
   <trkpt lon="13.89124632" lat="51.00795507">
    <ele>197</ele>
    <extensions>
     <ql:flags>8</ql:flags>
    </extensions>
   </trkpt>
   <trkpt lon="13.89124632" lat="51.00793362">
    <ele>196</ele>
    <extensions>
     <ql:flags>8</ql:flags>
    </extensions>
   </trkpt>
   <trkpt lon="13.89137506" lat="51.00793362">
    <ele>197</ele>
    <extensions>
     <ql:flags>8</ql:flags>
    </extensions>
   </trkpt>
   <trkpt lon="13.89171839" lat="51.00804090">
    <ele>203</ele>
    <extensions>
     <ql:flags>8</ql:flags>
    </extensions>
   </trkpt>
   <trkpt lon="13.89236212" lat="51.00851297">
    <ele>227</ele>
    <extensions>
     <ql:flags>8</ql:flags>
    </extensions>
   </trkpt>
   <trkpt lon="13.89251232" lat="51.00851297">
    <ele>229</ele>
    <extensions>
     <ql:flags>8</ql:flags>
    </extensions>
   </trkpt>
   <trkpt lon="13.89287710" lat="51.00823402">
    <ele>225</ele>
    <extensions>
     <ql:flags>8</ql:flags>
    </extensions>
   </trkpt>
   <trkpt lon="13.89298439" lat="51.00784779">
    <ele>213</ele>
    <extensions>
     <ql:flags>8</ql:flags>
    </extensions>
   </trkpt>
   <trkpt lon="13.89298439" lat="51.00769758">
    <ele>206</ele>
    <extensions>
     <ql:flags>8</ql:flags>
    </extensions>
   </trkpt>
   <trkpt lon="13.89304876" lat="51.00750446">
    <ele>198</ele>
    <extensions>
     <ql:flags>8</ql:flags>
    </extensions>
   </trkpt>
   <trkpt lon="13.89317751" lat="51.00739717">
    <ele>194</ele>
    <extensions>
     <ql:flags>8</ql:flags>
    </extensions>
   </trkpt>
   <trkpt lon="13.89332771" lat="51.00737572">
    <ele>194</ele>
    <extensions>
     <ql:flags>8</ql:flags>
    </extensions>
   </trkpt>
   <trkpt lon="13.89343500" lat="51.00748301">
    <ele>200</ele>
    <extensions>
     <ql:flags>8</ql:flags>
    </extensions>
   </trkpt>
   <trkpt lon="13.89364958" lat="51.00765467">
    <ele>210</ele>
    <extensions>
     <ql:flags>8</ql:flags>
    </extensions>
   </trkpt>
   <trkpt lon="13.89414310" lat="51.00776196">
    <ele>220</ele>
    <extensions>
     <ql:flags>8</ql:flags>
    </extensions>
   </trkpt>
   <trkpt lon="13.89452934" lat="51.00776196">
    <ele>223</ele>
    <extensions>
     <ql:flags>8</ql:flags>
    </extensions>
   </trkpt>
   <trkpt lon="13.89506578" lat="51.00748301">
    <ele>211</ele>
    <extensions>
     <ql:flags>8</ql:flags>
    </extensions>
   </trkpt>
   <trkpt lon="13.89530182" lat="51.00746155">
    <ele>211</ele>
    <extensions>
     <ql:flags>8</ql:flags>
    </extensions>
   </trkpt>
   <trkpt lon="13.89562368" lat="51.00748301">
    <ele>212</ele>
    <extensions>
     <ql:flags>8</ql:flags>
    </extensions>
   </trkpt>
   <trkpt lon="13.89594555" lat="51.00756884">
    <ele>213</ele>
    <extensions>
     <ql:flags>8</ql:flags>
    </extensions>
   </trkpt>
   <trkpt lon="13.89620304" lat="51.00778341">
    <ele>221</ele>
    <extensions>
     <ql:flags>8</ql:flags>
    </extensions>
   </trkpt>
   <trkpt lon="13.89622450" lat="51.00780487">
    <ele>221</ele>
    <extensions>
     <ql:flags>8</ql:flags>
    </extensions>
   </trkpt>
   <trkpt lon="13.89656782" lat="51.00827694">
    <ele>231</ele>
    <extensions>
     <ql:flags>8</ql:flags>
    </extensions>
   </trkpt>
   <trkpt lon="13.89652491" lat="51.00889921">
    <ele>249</ele>
    <extensions>
     <ql:flags>8</ql:flags>
    </extensions>
   </trkpt>
   <trkpt lon="13.89663219" lat="51.00909233">
    <ele>253</ele>
    <extensions>
     <ql:flags>8</ql:flags>
    </extensions>
   </trkpt>
   <trkpt lon="13.89673948" lat="51.00913525">
    <ele>254</ele>
    <extensions>
     <ql:flags>8</ql:flags>
    </extensions>
   </trkpt>
   <trkpt lon="13.89691114" lat="51.00913525">
    <ele>252</ele>
    <extensions>
     <ql:flags>8</ql:flags>
    </extensions>
   </trkpt>
   <trkpt lon="13.89753342" lat="51.00885630">
    <ele>245</ele>
    <extensions>
     <ql:flags>8</ql:flags>
    </extensions>
   </trkpt>
   <trkpt lon="13.89776945" lat="51.00870609">
    <ele>243</ele>
    <extensions>
     <ql:flags>8</ql:flags>
    </extensions>
   </trkpt>
   <trkpt lon="13.89804840" lat="51.00872755">
    <ele>246</ele>
    <extensions>
     <ql:flags>8</ql:flags>
    </extensions>
   </trkpt>
   <trkpt lon="13.89828444" lat="51.00868464">
    <ele>247</ele>
    <extensions>
     <ql:flags>8</ql:flags>
    </extensions>
   </trkpt>
   <trkpt lon="13.89830589" lat="51.00849152">
    <ele>241</ele>
    <extensions>
     <ql:flags>8</ql:flags>
    </extensions>
   </trkpt>
   <trkpt lon="13.89843464" lat="51.00829840">
    <ele>235</ele>
    <extensions>
     <ql:flags>8</ql:flags>
    </extensions>
   </trkpt>
   <trkpt lon="13.89862776" lat="51.00812674">
    <ele>232</ele>
    <extensions>
     <ql:flags>8</ql:flags>
    </extensions>
   </trkpt>
   <trkpt lon="13.89892817" lat="51.00797653">
    <ele>229</ele>
    <extensions>
     <ql:flags>8</ql:flags>
    </extensions>
   </trkpt>
   <trkpt lon="13.89929295" lat="51.00791216">
    <ele>228</ele>
    <extensions>
     <ql:flags>8</ql:flags>
    </extensions>
   </trkpt>
   <trkpt lon="13.89963627" lat="51.00799799">
    <ele>232</ele>
    <extensions>
     <ql:flags>8</ql:flags>
    </extensions>
   </trkpt>
   <trkpt lon="13.90004396" lat="51.00801945">
    <ele>234</ele>
    <extensions>
     <ql:flags>8</ql:flags>
    </extensions>
   </trkpt>
   <trkpt lon="13.90070915" lat="51.00791216">
    <ele>231</ele>
    <extensions>
     <ql:flags>8</ql:flags>
    </extensions>
   </trkpt>
   <trkpt lon="13.90195370" lat="51.00776196">
    <ele>222</ele>
    <extensions>
     <ql:flags>8</ql:flags>
    </extensions>
   </trkpt>
   <trkpt lon="13.90233994" lat="51.00778341">
    <ele>222</ele>
    <extensions>
     <ql:flags>8</ql:flags>
    </extensions>
   </trkpt>
   <trkpt lon="13.90246868" lat="51.00793362">
    <ele>229</ele>
    <extensions>
     <ql:flags>8</ql:flags>
    </extensions>
   </trkpt>
   <trkpt lon="13.90268326" lat="51.00797653">
    <ele>231</ele>
    <extensions>
     <ql:flags>8</ql:flags>
    </extensions>
   </trkpt>
   <trkpt lon="13.90347719" lat="51.00767612">
    <ele>217</ele>
    <extensions>
     <ql:flags>8</ql:flags>
    </extensions>
   </trkpt>
   <trkpt lon="13.90373468" lat="51.00748301">
    <ele>207</ele>
    <extensions>
     <ql:flags>8</ql:flags>
    </extensions>
   </trkpt>
   <trkpt lon="13.90390635" lat="51.00750446">
    <ele>208</ele>
    <extensions>
     <ql:flags>8</ql:flags>
    </extensions>
   </trkpt>
   <trkpt lon="13.90409946" lat="51.00767612">
    <ele>216</ele>
    <extensions>
     <ql:flags>8</ql:flags>
    </extensions>
   </trkpt>
   <trkpt lon="13.90429258" lat="51.00774050">
    <ele>219</ele>
    <extensions>
     <ql:flags>8</ql:flags>
    </extensions>
   </trkpt>
   <trkpt lon="13.90457153" lat="51.00776196">
    <ele>219</ele>
    <extensions>
     <ql:flags>8</ql:flags>
    </extensions>
   </trkpt>
   <trkpt lon="13.90542984" lat="51.00713968">
    <ele>191</ele>
    <extensions>
     <ql:flags>8</ql:flags>
    </extensions>
   </trkpt>
   <trkpt lon="13.90566587" lat="51.00711823">
    <ele>190</ele>
    <extensions>
     <ql:flags>8</ql:flags>
    </extensions>
   </trkpt>
   <trkpt lon="13.90585899" lat="51.00709677">
    <ele>189</ele>
    <extensions>
     <ql:flags>8</ql:flags>
    </extensions>
   </trkpt>
   <trkpt lon="13.90654564" lat="51.00713968">
    <ele>191</ele>
    <extensions>
     <ql:flags>8</ql:flags>
    </extensions>
   </trkpt>
   <trkpt lon="13.90708208" lat="51.00711823">
    <ele>191</ele>
    <extensions>
     <ql:flags>8</ql:flags>
    </extensions>
   </trkpt>
   <trkpt lon="13.90731812" lat="51.00726843">
    <ele>195</ele>
    <extensions>
     <ql:flags>8</ql:flags>
    </extensions>
   </trkpt>
   <trkpt lon="13.90746832" lat="51.00750446">
    <ele>201</ele>
    <extensions>
     <ql:flags>8</ql:flags>
    </extensions>
   </trkpt>
   <trkpt lon="13.90748978" lat="51.00776196">
    <ele>207</ele>
    <extensions>
     <ql:flags>8</ql:flags>
    </extensions>
   </trkpt>
   <trkpt lon="13.90772183" lat="51.00795139">
    <ele>211</ele>
    <extensions>
     <ql:flags>0</ql:flags>
    </extensions>
   </trkpt>
   <trkpt lon="13.90772581" lat="51.00795507">
    <ele>211</ele>
    <extensions>
     <ql:flags>8</ql:flags>
    </extensions>
   </trkpt>
   <trkpt lon="13.90778620" lat="51.00799454">
    <ele>212</ele>
    <extensions>
     <ql:flags>0</ql:flags>
    </extensions>
   </trkpt>
   <trkpt lon="13.90817642" lat="51.00720406">
    <ele>191</ele>
    <extensions>
     <ql:flags>8</ql:flags>
    </extensions>
   </trkpt>
   <trkpt lon="13.90873432" lat="51.00662470">
    <ele>173</ele>
    <extensions>
     <ql:flags>8</ql:flags>
    </extensions>
   </trkpt>
   <trkpt lon="13.90907764" lat="51.00598097">
    <ele>160</ele>
    <extensions>
     <ql:flags>8</ql:flags>
    </extensions>
   </trkpt>
   <trkpt lon="13.90924931" lat="51.00546598">
    <ele>154</ele>
    <extensions>
     <ql:flags>8</ql:flags>
    </extensions>
   </trkpt>
   <trkpt lon="13.90948270" lat="51.00507036">
    <ele>150</ele>
    <extensions>
     <ql:flags>0</ql:flags>
    </extensions>
   </trkpt>
   <trkpt lon="13.90948136" lat="51.00506190">
    <ele>150</ele>
    <extensions>
     <ql:flags>0</ql:flags>
    </extensions>
   </trkpt>
   <trkpt lon="13.90967846" lat="51.00497246">
    <ele>150</ele>
    <extensions>
     <ql:flags>8</ql:flags>
    </extensions>
   </trkpt>
   <trkpt lon="13.90993595" lat="51.00490808">
    <ele>149</ele>
    <extensions>
     <ql:flags>8</ql:flags>
    </extensions>
   </trkpt>
   <trkpt lon="13.91036510" lat="51.00484371">
    <ele>149</ele>
    <extensions>
     <ql:flags>8</ql:flags>
    </extensions>
   </trkpt>
   <trkpt lon="13.91047239" lat="51.00477934">
    <ele>149</ele>
    <extensions>
     <ql:flags>8</ql:flags>
    </extensions>
   </trkpt>
   <trkpt lon="13.91055822" lat="51.00462914">
    <ele>148</ele>
    <extensions>
     <ql:flags>8</ql:flags>
    </extensions>
   </trkpt>
   <trkpt lon="13.91053681" lat="51.00441798">
    <ele>146</ele>
    <extensions>
     <ql:flags>0</ql:flags>
    </extensions>
   </trkpt>
   <trkpt lon="13.91055827" lat="51.00426651">
    <ele>145</ele>
    <extensions>
     <ql:flags>0</ql:flags>
    </extensions>
   </trkpt>
   <trkpt lon="13.91060114" lat="51.00402832">
    <ele>144</ele>
    <extensions>
     <ql:flags>8</ql:flags>
    </extensions>
   </trkpt>
   <trkpt lon="13.91062260" lat="51.00383520">
    <ele>143</ele>
    <extensions>
     <ql:flags>8</ql:flags>
    </extensions>
   </trkpt>
   <trkpt lon="13.91060114" lat="51.00362062">
    <ele>142</ele>
    <extensions>
     <ql:flags>8</ql:flags>
    </extensions>
   </trkpt>
   <trkpt lon="13.91055822" lat="51.00349188">
    <ele>141</ele>
    <extensions>
     <ql:flags>8</ql:flags>
    </extensions>
   </trkpt>
   <trkpt lon="13.91040802" lat="51.00321293">
    <ele>140</ele>
    <extensions>
     <ql:flags>8</ql:flags>
    </extensions>
   </trkpt>
   <trkpt lon="13.91034365" lat="51.00304127">
    <ele>139</ele>
    <extensions>
     <ql:flags>8</ql:flags>
    </extensions>
   </trkpt>
   <trkpt lon="13.91032219" lat="51.00293398">
    <ele>139</ele>
    <extensions>
     <ql:flags>8</ql:flags>
    </extensions>
   </trkpt>
   <trkpt lon="13.91032219" lat="51.00282669">
    <ele>139</ele>
    <extensions>
     <ql:flags>8</ql:flags>
    </extensions>
   </trkpt>
   <trkpt lon="13.91040802" lat="51.00248337">
    <ele>138</ele>
    <extensions>
     <ql:flags>8</ql:flags>
    </extensions>
   </trkpt>
   <trkpt lon="13.91047239" lat="51.00233316">
    <ele>138</ele>
    <extensions>
     <ql:flags>8</ql:flags>
    </extensions>
   </trkpt>
   <trkpt lon="13.91053677" lat="51.00222588">
    <ele>139</ele>
    <extensions>
     <ql:flags>8</ql:flags>
    </extensions>
   </trkpt>
   <trkpt lon="13.91057968" lat="51.00216150">
    <ele>139</ele>
    <extensions>
     <ql:flags>8</ql:flags>
    </extensions>
   </trkpt>
   <trkpt lon="13.91064405" lat="51.00211859">
    <ele>139</ele>
    <extensions>
     <ql:flags>8</ql:flags>
    </extensions>
   </trkpt>
   <trkpt lon="13.91077280" lat="51.00205421">
    <ele>139</ele>
    <extensions>
     <ql:flags>8</ql:flags>
    </extensions>
   </trkpt>
   <trkpt lon="13.91094446" lat="51.00203276">
    <ele>140</ele>
    <extensions>
     <ql:flags>8</ql:flags>
    </extensions>
   </trkpt>
   <trkpt lon="13.91106789" lat="51.00199283">
    <ele>140</ele>
    <extensions>
     <ql:flags>0</ql:flags>
    </extensions>
   </trkpt>
   <trkpt lon="13.91107321" lat="51.00190401">
    <ele>140</ele>
    <extensions>
     <ql:flags>8</ql:flags>
    </extensions>
   </trkpt>
   <trkpt lon="13.91083717" lat="51.00083113">
    <ele>139</ele>
    <extensions>
     <ql:flags>8</ql:flags>
    </extensions>
   </trkpt>
   <trkpt lon="13.91081710" lat="51.00032071">
    <ele>138</ele>
    <extensions>
     <ql:flags>0</ql:flags>
    </extensions>
   </trkpt>
   <trkpt lon="13.91085599" lat="51.00025216">
    <ele>138</ele>
    <extensions>
     <ql:flags>0</ql:flags>
    </extensions>
   </trkpt>
   <trkpt lon="13.91098738" lat="51.00025177">
    <ele>138</ele>
    <extensions>
     <ql:flags>8</ql:flags>
    </extensions>
   </trkpt>
   <trkpt lon="13.91130924" lat="51.00018740">
    <ele>138</ele>
    <extensions>
     <ql:flags>8</ql:flags>
    </extensions>
   </trkpt>
   <trkpt lon="13.91173840" lat="51.00012302">
    <ele>138</ele>
    <extensions>
     <ql:flags>8</ql:flags>
    </extensions>
   </trkpt>
   <trkpt lon="13.91206026" lat="51.00010157">
    <ele>138</ele>
    <extensions>
     <ql:flags>8</ql:flags>
    </extensions>
   </trkpt>
   <trkpt lon="13.91294003" lat="51.00010157">
    <ele>138</ele>
    <extensions>
     <ql:flags>8</ql:flags>
    </extensions>
   </trkpt>
   <trkpt lon="13.91375542" lat="51.00010157">
    <ele>139</ele>
    <extensions>
     <ql:flags>8</ql:flags>
    </extensions>
   </trkpt>
   <trkpt lon="13.91396999" lat="51.00010157">
    <ele>140</ele>
    <extensions>
     <ql:flags>8</ql:flags>
    </extensions>
   </trkpt>
   <trkpt lon="13.91448498" lat="51.00012302">
    <ele>141</ele>
    <extensions>
     <ql:flags>8</ql:flags>
    </extensions>
   </trkpt>
   <trkpt lon="13.91461372" lat="51.00012302">
    <ele>141</ele>
    <extensions>
     <ql:flags>8</ql:flags>
    </extensions>
   </trkpt>
   <trkpt lon="13.91489267" lat="51.00014448">
    <ele>141</ele>
    <extensions>
     <ql:flags>8</ql:flags>
    </extensions>
   </trkpt>
   <trkpt lon="13.91568661" lat="51.00029469">
    <ele>143</ele>
    <extensions>
     <ql:flags>8</ql:flags>
    </extensions>
   </trkpt>
   <trkpt lon="13.91592264" lat="51.00033760">
    <ele>144</ele>
    <extensions>
     <ql:flags>8</ql:flags>
    </extensions>
   </trkpt>
   <trkpt lon="13.91611576" lat="51.00035906">
    <ele>144</ele>
    <extensions>
     <ql:flags>8</ql:flags>
    </extensions>
   </trkpt>
   <trkpt lon="13.91633034" lat="51.00035906">
    <ele>145</ele>
    <extensions>
     <ql:flags>8</ql:flags>
    </extensions>
   </trkpt>
   <trkpt lon="13.91731739" lat="51.00020885">
    <ele>147</ele>
    <extensions>
     <ql:flags>8</ql:flags>
    </extensions>
   </trkpt>
   <trkpt lon="13.91774654" lat="51.00010157">
    <ele>147</ele>
    <extensions>
     <ql:flags>8</ql:flags>
    </extensions>
   </trkpt>
   <trkpt lon="13.91873360" lat="50.99973679">
    <ele>148</ele>
    <extensions>
     <ql:flags>8</ql:flags>
    </extensions>
   </trkpt>
   <trkpt lon="13.91907692" lat="50.99965096">
    <ele>147</ele>
    <extensions>
     <ql:flags>8</ql:flags>
    </extensions>
   </trkpt>
   <trkpt lon="13.91939878" lat="50.99969387">
    <ele>148</ele>
    <extensions>
     <ql:flags>8</ql:flags>
    </extensions>
   </trkpt>
   <trkpt lon="13.91967773" lat="50.99977970">
    <ele>149</ele>
    <extensions>
     <ql:flags>8</ql:flags>
    </extensions>
   </trkpt>
   <trkpt lon="13.91991377" lat="50.99982262">
    <ele>150</ele>
    <extensions>
     <ql:flags>8</ql:flags>
    </extensions>
   </trkpt>
   <trkpt lon="13.92047167" lat="50.99975824">
    <ele>151</ele>
    <extensions>
     <ql:flags>8</ql:flags>
    </extensions>
   </trkpt>
   <trkpt lon="13.92064333" lat="50.99977970">
    <ele>151</ele>
    <extensions>
     <ql:flags>8</ql:flags>
    </extensions>
   </trkpt>
   <trkpt lon="13.92079353" lat="50.99982262">
    <ele>152</ele>
    <extensions>
     <ql:flags>8</ql:flags>
    </extensions>
   </trkpt>
   <trkpt lon="13.92113686" lat="50.99992990">
    <ele>155</ele>
    <extensions>
     <ql:flags>8</ql:flags>
    </extensions>
   </trkpt>
   <trkpt lon="13.92128706" lat="50.99999428">
    <ele>156</ele>
    <extensions>
     <ql:flags>8</ql:flags>
    </extensions>
   </trkpt>
   <trkpt lon="13.92152309" lat="51.00005865">
    <ele>157</ele>
    <extensions>
     <ql:flags>8</ql:flags>
    </extensions>
   </trkpt>
   <trkpt lon="13.92161031" lat="51.00008037">
    <ele>158</ele>
    <extensions>
     <ql:flags>0</ql:flags>
    </extensions>
   </trkpt>
  </trkseg>
 </trk>
 <extensions>
  <ql:key>838eb6e889ad003698619323c5ddd288</ql:key>
  <ql:sortingRoadbook>0</ql:sortingRoadbook>
  <ql:sortingFolder>0</ql:sortingFolder>
  <ql:correlation>1</ql:correlation>
 </extensions>
</gpx>
