<?xml version="1.0" encoding="UTF-8" standalone="no" ?>
<gpx version="1.1" xmlns:gpxx="http://www.garmin.com/xmlschemas/GpxExtensions/v3" creator="QMapShack 1.10.0 http://www.qlandkarte.org/" xsi:schemaLocation="http://www.topografix.com/GPX/1/1 http://www.topografix.com/GPX/1/1/gpx.xsd http://www.garmin.com/xmlschemas/GpxExtensions/v3 http://www.garmin.com/xmlschemas/GpxExtensionsv3.xsd http://www.garmin.com/xmlschemas/TrackPointExtension/v1 http://www.garmin.com/xmlschemas/TrackPointExtensionv1.xsd http://www.garmin.com/xmlschemas/WaypointExtension/v1 http://www.garmin.com/xmlschemas/WaypointExtensionv1.xsd http://www.qlandkarte.org/xmlschemas/v1.1 http://www.qlandkarte.org/xmlschemas/v1.1/ql-extensions.xsd http://www.cluetrust.com/XML/GPXDATA/1/0 http://www.cluetrust.com/Schemas/gpxdata10.xsd" xmlns:xsi="http://www.w3.org/2001/XMLSchema-instance" xmlns:tp1="http://www.garmin.com/xmlschemas/TrackPointExtension/v1" xmlns="http://www.topografix.com/GPX/1/1" xmlns:rmc="urn:net:trekbuddy:1.0:nmea:rmc" xmlns:gpxdata="http://www.cluetrust.com/XML/GPXDATA/1/0" xmlns:ql="http://www.qlandkarte.org/xmlschemas/v1.1" xmlns:gpxtpx="http://www.garmin.com/xmlschemas/TrackPointExtension/v1" xmlns:wptx1="http://www.garmin.com/xmlschemas/WaypointExtension/v1">
 <metadata>
  <name>Streifzug 10: Von Mockritz nach Prohlis – durch den Gebergrund</name>
  <link href="https://www.dvb.de/de-de/entdecken/wandertipps/mockritz-prohlis/">
   <text>Webseite</text>
   <type>Link</type>
  </link>
  <time>2020-06-23T15:49:21.000Z</time>
 </metadata>
 <wpt lat="51.01431667" lon="13.74803333">
  <ele>155</ele>
  <time>2020-07-26T15:43:30.531Z</time>
  <name>Wegpunkt 1 Hier</name>
  <sym>Flag, Blue</sym>
  <extensions>
   <ql:key>0f56a32c540df70945ed145e3bee440e</ql:key>
   <ql:flags>3</ql:flags>
   <ql:bubble yoff="-150" xoff="-320" width="300"/>
   <ql:history>
    <ql:event>
     <ql:icon>://icons/48x48/Start.png</ql:icon>
     <ql:time>2020-07-26T15:43:30.531Z</ql:time>
     <ql:comment>Erstversion.</ql:comment>
    </ql:event>
    <ql:event>
     <ql:icon>://icons/48x48/WptEditProx.png</ql:icon>
     <ql:time>2020-07-26T15:43:32.734Z</ql:time>
     <ql:comment>Abstandsalarm geändert</ql:comment>
    </ql:event>
   </ql:history>
   <wptx1:WaypointExtension>
    <wptx1:Proximity>10.00000000</wptx1:Proximity>
   </wptx1:WaypointExtension>
  </extensions>
 </wpt>
 <wpt lat="51.00759526" lon="13.74161866">
  <ele>189</ele>
  <time>2020-07-26T15:44:58.982Z</time>
  <name>Wegpunkt 2 Rechts</name>
  <sym>Flag, Blue</sym>
  <extensions>
   <ql:key>e8a7fa3121eae96d6e8ddc20e3e11e28</ql:key>
   <ql:flags>3</ql:flags>
   <ql:bubble yoff="-150" xoff="-320" width="300"/>
   <ql:history>
    <ql:event>
     <ql:icon>://icons/48x48/Start.png</ql:icon>
     <ql:time>2020-07-26T15:44:58.982Z</ql:time>
     <ql:comment>Erstversion.</ql:comment>
    </ql:event>
    <ql:event>
     <ql:icon>://icons/48x48/WptEditProx.png</ql:icon>
     <ql:time>2020-07-26T15:45:02.348Z</ql:time>
     <ql:comment>Abstandsalarm geändert</ql:comment>
    </ql:event>
    <ql:event>
     <ql:icon>://icons/48x48/WptEditProx.png</ql:icon>
     <ql:time>2020-07-26T15:45:06.661Z</ql:time>
     <ql:comment>Abstandsalarm geändert</ql:comment>
    </ql:event>
    <ql:event>
     <ql:icon>://icons/48x48/WptMove.png</ql:icon>
     <ql:time>2020-07-26T15:45:12.670Z</ql:time>
     <ql:comment>Position geändert</ql:comment>
    </ql:event>
   </ql:history>
   <wptx1:WaypointExtension>
    <wptx1:Proximity>10.00000000</wptx1:Proximity>
   </wptx1:WaypointExtension>
  </extensions>
 </wpt>
 <wpt lat="51.00410000" lon="13.73145000">
  <ele>204</ele>
  <time>2020-07-26T15:46:12.915Z</time>
  <name>Wegpunkt 3 Rechts</name>
  <sym>Flag, Blue</sym>
  <extensions>
   <ql:key>e3e72aae350b13ce1fe83d332856f290</ql:key>
   <ql:flags>3</ql:flags>
   <ql:bubble yoff="-150" xoff="-320" width="300"/>
   <ql:history>
    <ql:event>
     <ql:icon>://icons/48x48/Start.png</ql:icon>
     <ql:time>2020-07-26T15:46:12.916Z</ql:time>
     <ql:comment>Erstversion.</ql:comment>
    </ql:event>
    <ql:event>
     <ql:icon>://icons/48x48/WptEditProx.png</ql:icon>
     <ql:time>2020-07-26T15:46:16.656Z</ql:time>
     <ql:comment>Abstandsalarm geändert</ql:comment>
    </ql:event>
   </ql:history>
   <wptx1:WaypointExtension>
    <wptx1:Proximity>10.00000000</wptx1:Proximity>
   </wptx1:WaypointExtension>
  </extensions>
 </wpt>
 <wpt lat="50.99488333" lon="13.72661667">
  <ele>252</ele>
  <time>2020-07-26T15:47:14.617Z</time>
  <name>Wegpunkt 4 Links</name>
  <sym>Flag, Blue</sym>
  <extensions>
   <ql:key>87aecee4bb6f04f6e614304793ac5b65</ql:key>
   <ql:flags>3</ql:flags>
   <ql:bubble yoff="-150" xoff="-320" width="300"/>
   <ql:history>
    <ql:event>
     <ql:icon>://icons/48x48/Start.png</ql:icon>
     <ql:time>2020-07-26T15:47:14.618Z</ql:time>
     <ql:comment>Erstversion.</ql:comment>
    </ql:event>
    <ql:event>
     <ql:icon>://icons/48x48/WptEditProx.png</ql:icon>
     <ql:time>2020-07-26T15:47:17.524Z</ql:time>
     <ql:comment>Abstandsalarm geändert</ql:comment>
    </ql:event>
   </ql:history>
   <wptx1:WaypointExtension>
    <wptx1:Proximity>10.00000000</wptx1:Proximity>
   </wptx1:WaypointExtension>
  </extensions>
 </wpt>
 <wpt lat="50.98291667" lon="13.71948333">
  <ele>343</ele>
  <time>2020-07-26T15:49:04.061Z</time>
  <name>Wegpunkt 5 Rechts</name>
  <sym>Flag, Blue</sym>
  <extensions>
   <ql:key>912fac5f631a66626b403d2f52cc8490</ql:key>
   <ql:flags>3</ql:flags>
   <ql:bubble yoff="-150" xoff="-320" width="300"/>
   <ql:history>
    <ql:event>
     <ql:icon>://icons/48x48/Start.png</ql:icon>
     <ql:time>2020-07-26T15:49:04.061Z</ql:time>
     <ql:comment>Erstversion.</ql:comment>
    </ql:event>
    <ql:event>
     <ql:icon>://icons/48x48/WptEditProx.png</ql:icon>
     <ql:time>2020-07-26T15:49:06.384Z</ql:time>
     <ql:comment>Abstandsalarm geändert</ql:comment>
    </ql:event>
    <ql:event>
     <ql:icon>://icons/48x48/EditText.png</ql:icon>
     <ql:time>2020-07-27T03:12:09.579Z</ql:time>
     <ql:comment>Name geändert</ql:comment>
    </ql:event>
   </ql:history>
   <wptx1:WaypointExtension>
    <wptx1:Proximity>10.00000000</wptx1:Proximity>
   </wptx1:WaypointExtension>
  </extensions>
 </wpt>
 <wpt lat="50.98196667" lon="13.72336667">
  <ele>330</ele>
  <time>2020-07-26T15:50:12.621Z</time>
  <name>Wegpunkt 6 Links</name>
  <sym>Flag, Blue</sym>
  <extensions>
   <ql:key>764a29ca4964cf52cd458d0839ab1b6a</ql:key>
   <ql:flags>3</ql:flags>
   <ql:bubble yoff="-150" xoff="-320" width="300"/>
   <ql:history>
    <ql:event>
     <ql:icon>://icons/48x48/Start.png</ql:icon>
     <ql:time>2020-07-26T15:50:12.622Z</ql:time>
     <ql:comment>Erstversion.</ql:comment>
    </ql:event>
    <ql:event>
     <ql:icon>://icons/48x48/WptEditProx.png</ql:icon>
     <ql:time>2020-07-26T15:50:16.208Z</ql:time>
     <ql:comment>Abstandsalarm geändert</ql:comment>
    </ql:event>
    <ql:event>
     <ql:icon>://icons/48x48/EditText.png</ql:icon>
     <ql:time>2020-07-27T03:12:28.301Z</ql:time>
     <ql:comment>Name geändert</ql:comment>
    </ql:event>
   </ql:history>
   <wptx1:WaypointExtension>
    <wptx1:Proximity>10.00000000</wptx1:Proximity>
   </wptx1:WaypointExtension>
  </extensions>
 </wpt>
 <wpt lat="50.98198333" lon="13.73340000">
  <ele>295</ele>
  <time>2020-07-26T15:51:21.719Z</time>
  <name>Wegpunkt 7 Hier</name>
  <sym>Flag, Blue</sym>
  <extensions>
   <ql:key>1455217175e2cac01814a4ebade8a70a</ql:key>
   <ql:flags>3</ql:flags>
   <ql:bubble yoff="-150" xoff="-320" width="300"/>
   <ql:history>
    <ql:event>
     <ql:icon>://icons/48x48/Start.png</ql:icon>
     <ql:time>2020-07-26T15:51:21.720Z</ql:time>
     <ql:comment>Erstversion.</ql:comment>
    </ql:event>
    <ql:event>
     <ql:icon>://icons/48x48/WptEditProx.png</ql:icon>
     <ql:time>2020-07-26T15:51:24.499Z</ql:time>
     <ql:comment>Abstandsalarm geändert</ql:comment>
    </ql:event>
    <ql:event>
     <ql:icon>://icons/48x48/EditText.png</ql:icon>
     <ql:time>2020-07-27T03:12:40.156Z</ql:time>
     <ql:comment>Name geändert</ql:comment>
    </ql:event>
   </ql:history>
   <wptx1:WaypointExtension>
    <wptx1:Proximity>10.00000000</wptx1:Proximity>
   </wptx1:WaypointExtension>
  </extensions>
 </wpt>
 <wpt lat="50.97992802" lon="13.73870444">
  <ele>267</ele>
  <time>2020-07-26T15:53:38.604Z</time>
  <name>Wegpunkt 8 Voraus</name>
  <sym>Flag, Blue</sym>
  <extensions>
   <ql:key>16515c58e2e6444e1915d287370733d7</ql:key>
   <ql:flags>3</ql:flags>
   <ql:bubble yoff="-150" xoff="-320" width="300"/>
   <ql:history>
    <ql:event>
     <ql:icon>://icons/48x48/Start.png</ql:icon>
     <ql:time>2020-07-26T15:53:38.605Z</ql:time>
     <ql:comment>Erstversion.</ql:comment>
    </ql:event>
    <ql:event>
     <ql:icon>://icons/48x48/WptEditProx.png</ql:icon>
     <ql:time>2020-07-26T15:53:40.979Z</ql:time>
     <ql:comment>Abstandsalarm geändert</ql:comment>
    </ql:event>
    <ql:event>
     <ql:icon>://icons/48x48/WptMove.png</ql:icon>
     <ql:time>2020-07-26T15:53:51.477Z</ql:time>
     <ql:comment>Position geändert</ql:comment>
    </ql:event>
    <ql:event>
     <ql:icon>://icons/48x48/EditText.png</ql:icon>
     <ql:time>2020-07-27T03:12:56.411Z</ql:time>
     <ql:comment>Name geändert</ql:comment>
    </ql:event>
   </ql:history>
   <wptx1:WaypointExtension>
    <wptx1:Proximity>10.00000000</wptx1:Proximity>
   </wptx1:WaypointExtension>
  </extensions>
 </wpt>
 <wpt lat="50.98451667" lon="13.75313333">
  <ele>263</ele>
  <time>2020-07-27T03:15:39.752Z</time>
  <name>Wegpunkt 9 Hier</name>
  <sym>Flag, Blue</sym>
  <extensions>
   <ql:key>70691c5d106a85d8137e35fe09a12d41</ql:key>
   <ql:flags>3</ql:flags>
   <ql:bubble yoff="-150" xoff="-320" width="300"/>
   <ql:history>
    <ql:event>
     <ql:icon>://icons/48x48/Start.png</ql:icon>
     <ql:time>2020-07-27T03:15:39.753Z</ql:time>
     <ql:comment>Erstversion.</ql:comment>
    </ql:event>
    <ql:event>
     <ql:icon>://icons/48x48/WptEditProx.png</ql:icon>
     <ql:time>2020-07-27T03:15:42.488Z</ql:time>
     <ql:comment>Abstandsalarm geändert</ql:comment>
    </ql:event>
   </ql:history>
   <wptx1:WaypointExtension>
    <wptx1:Proximity>10.00000000</wptx1:Proximity>
   </wptx1:WaypointExtension>
  </extensions>
 </wpt>
 <wpt lat="50.98640000" lon="13.75426667">
  <ele>229</ele>
  <time>2020-07-27T03:24:29.531Z</time>
  <name>Wegpunkt 11 Hier</name>
  <sym>Flag, Blue</sym>
  <extensions>
   <ql:key>7577f73f42b706d4e763a1e78dde5b50</ql:key>
   <ql:flags>3</ql:flags>
   <ql:bubble yoff="-150" xoff="-320" width="300"/>
   <ql:history>
    <ql:event>
     <ql:icon>://icons/48x48/Start.png</ql:icon>
     <ql:time>2020-07-27T03:24:29.532Z</ql:time>
     <ql:comment>Erstversion.</ql:comment>
    </ql:event>
    <ql:event>
     <ql:icon>://icons/48x48/WptEditProx.png</ql:icon>
     <ql:time>2020-07-27T03:24:33.888Z</ql:time>
     <ql:comment>Abstandsalarm geändert</ql:comment>
    </ql:event>
    <ql:event>
     <ql:icon>://icons/48x48/EditText.png</ql:icon>
     <ql:time>2020-07-27T03:35:39.280Z</ql:time>
     <ql:comment>Name geändert</ql:comment>
    </ql:event>
   </ql:history>
   <wptx1:WaypointExtension>
    <wptx1:Proximity>10.00000000</wptx1:Proximity>
   </wptx1:WaypointExtension>
  </extensions>
 </wpt>
 <wpt lat="50.98856667" lon="13.76066667">
  <ele>220</ele>
  <time>2020-07-27T03:26:16.777Z</time>
  <name>Wegpunkt 12 Links</name>
  <sym>Flag, Blue</sym>
  <extensions>
   <ql:key>f0c8bd047edaa089578e7f3519d94108</ql:key>
   <ql:flags>3</ql:flags>
   <ql:bubble yoff="-150" xoff="-320" width="300"/>
   <ql:history>
    <ql:event>
     <ql:icon>://icons/48x48/Start.png</ql:icon>
     <ql:time>2020-07-27T03:26:16.777Z</ql:time>
     <ql:comment>Erstversion.</ql:comment>
    </ql:event>
    <ql:event>
     <ql:icon>://icons/48x48/WptEditProx.png</ql:icon>
     <ql:time>2020-07-27T03:26:20.893Z</ql:time>
     <ql:comment>Abstandsalarm geändert</ql:comment>
    </ql:event>
    <ql:event>
     <ql:icon>://icons/48x48/EditText.png</ql:icon>
     <ql:time>2020-07-27T03:35:53.956Z</ql:time>
     <ql:comment>Name geändert</ql:comment>
    </ql:event>
   </ql:history>
   <wptx1:WaypointExtension>
    <wptx1:Proximity>10.00000000</wptx1:Proximity>
   </wptx1:WaypointExtension>
  </extensions>
 </wpt>
 <wpt lat="50.98986667" lon="13.76278333">
  <ele>229</ele>
  <time>2020-07-27T03:27:50.640Z</time>
  <name>Wegpunkt 13 Hier</name>
  <sym>Flag, Blue</sym>
  <extensions>
   <ql:key>4705b6d19fa7d21d2bacd7b49b6c0b9c</ql:key>
   <ql:flags>3</ql:flags>
   <ql:bubble yoff="-150" xoff="-320" width="300"/>
   <ql:history>
    <ql:event>
     <ql:icon>://icons/48x48/Start.png</ql:icon>
     <ql:time>2020-07-27T03:27:50.640Z</ql:time>
     <ql:comment>Erstversion.</ql:comment>
    </ql:event>
    <ql:event>
     <ql:icon>://icons/48x48/WptEditProx.png</ql:icon>
     <ql:time>2020-07-27T03:27:53.733Z</ql:time>
     <ql:comment>Abstandsalarm geändert</ql:comment>
    </ql:event>
    <ql:event>
     <ql:icon>://icons/48x48/EditText.png</ql:icon>
     <ql:time>2020-07-27T03:36:08.385Z</ql:time>
     <ql:comment>Name geändert</ql:comment>
    </ql:event>
   </ql:history>
   <wptx1:WaypointExtension>
    <wptx1:Proximity>10.00000000</wptx1:Proximity>
   </wptx1:WaypointExtension>
  </extensions>
 </wpt>
 <wpt lat="50.98816667" lon="13.76738333">
  <ele>198</ele>
  <time>2020-07-27T03:33:05.063Z</time>
  <name>Wegpunkt 14 Rechts</name>
  <sym>Flag, Blue</sym>
  <extensions>
   <ql:key>096dd699fff11d5495ac11e6e022673e</ql:key>
   <ql:flags>3</ql:flags>
   <ql:bubble yoff="-150" xoff="-320" width="300"/>
   <ql:history>
    <ql:event>
     <ql:icon>://icons/48x48/Start.png</ql:icon>
     <ql:time>2020-07-27T03:33:05.064Z</ql:time>
     <ql:comment>Erstversion.</ql:comment>
    </ql:event>
    <ql:event>
     <ql:icon>://icons/48x48/WptEditProx.png</ql:icon>
     <ql:time>2020-07-27T03:33:07.821Z</ql:time>
     <ql:comment>Abstandsalarm geändert</ql:comment>
    </ql:event>
    <ql:event>
     <ql:icon>://icons/48x48/EditText.png</ql:icon>
     <ql:time>2020-07-27T03:36:19.228Z</ql:time>
     <ql:comment>Name geändert</ql:comment>
    </ql:event>
   </ql:history>
   <wptx1:WaypointExtension>
    <wptx1:Proximity>10.00000000</wptx1:Proximity>
   </wptx1:WaypointExtension>
  </extensions>
 </wpt>
 <wpt lat="50.97420000" lon="13.74981667">
  <ele>329</ele>
  <time>2020-07-27T03:34:21.849Z</time>
  <name>Wegpunkt 10 Hier</name>
  <sym>Flag, Blue</sym>
  <extensions>
   <ql:key>63784a2268eb84da0e4a77e76baa2e90</ql:key>
   <ql:flags>3</ql:flags>
   <ql:bubble yoff="-150" xoff="-320" width="300"/>
   <ql:history>
    <ql:event>
     <ql:icon>://icons/48x48/Start.png</ql:icon>
     <ql:time>2020-07-27T03:34:21.850Z</ql:time>
     <ql:comment>Erstversion.</ql:comment>
    </ql:event>
    <ql:event>
     <ql:icon>://icons/48x48/WptEditProx.png</ql:icon>
     <ql:time>2020-07-27T03:34:25.733Z</ql:time>
     <ql:comment>Abstandsalarm geändert</ql:comment>
    </ql:event>
   </ql:history>
   <wptx1:WaypointExtension>
    <wptx1:Proximity>10.00000000</wptx1:Proximity>
   </wptx1:WaypointExtension>
  </extensions>
 </wpt>
 <wpt lat="50.99021667" lon="13.77613333">
  <ele>176</ele>
  <time>2020-07-27T03:37:32.969Z</time>
  <name>Wegpunkt 15 Rechts</name>
  <sym>Flag, Blue</sym>
  <extensions>
   <ql:key>c2ecc99e3a4523e021a23503f24e0d98</ql:key>
   <ql:flags>3</ql:flags>
   <ql:bubble yoff="-150" xoff="-320" width="300"/>
   <ql:history>
    <ql:event>
     <ql:icon>://icons/48x48/Start.png</ql:icon>
     <ql:time>2020-07-27T03:37:32.970Z</ql:time>
     <ql:comment>Erstversion.</ql:comment>
    </ql:event>
    <ql:event>
     <ql:icon>://icons/48x48/WptEditProx.png</ql:icon>
     <ql:time>2020-07-27T03:37:36.164Z</ql:time>
     <ql:comment>Abstandsalarm geändert</ql:comment>
    </ql:event>
   </ql:history>
   <wptx1:WaypointExtension>
    <wptx1:Proximity>10.00000000</wptx1:Proximity>
   </wptx1:WaypointExtension>
  </extensions>
 </wpt>
 <wpt lat="50.99202930" lon="13.77982007">
  <ele>172</ele>
  <time>2020-07-27T03:38:38.508Z</time>
  <name>Wegpunkt 16 Voraus</name>
  <sym>Flag, Blue</sym>
  <extensions>
   <ql:key>29cf2d33b833223af210fba8e52153cd</ql:key>
   <ql:flags>3</ql:flags>
   <ql:bubble yoff="-150" xoff="-320" width="300"/>
   <ql:history>
    <ql:event>
     <ql:icon>://icons/48x48/Start.png</ql:icon>
     <ql:time>2020-07-27T03:38:38.508Z</ql:time>
     <ql:comment>Erstversion.</ql:comment>
    </ql:event>
    <ql:event>
     <ql:icon>://icons/48x48/WptEditProx.png</ql:icon>
     <ql:time>2020-07-27T03:38:41.560Z</ql:time>
     <ql:comment>Abstandsalarm geändert</ql:comment>
    </ql:event>
    <ql:event>
     <ql:icon>://icons/48x48/WptMove.png</ql:icon>
     <ql:time>2020-07-27T03:38:54.916Z</ql:time>
     <ql:comment>Position geändert</ql:comment>
    </ql:event>
   </ql:history>
   <wptx1:WaypointExtension>
    <wptx1:Proximity>10.00000000</wptx1:Proximity>
   </wptx1:WaypointExtension>
  </extensions>
 </wpt>
 <wpt lat="50.99408333" lon="13.78715000">
  <ele>155</ele>
  <time>2020-07-27T03:40:13.245Z</time>
  <name>Wegpunkt 17 Links</name>
  <sym>Flag, Blue</sym>
  <extensions>
   <ql:key>5e51a06eb5b077e81d5c0a0b0dabc5f2</ql:key>
   <ql:flags>3</ql:flags>
   <ql:bubble yoff="-150" xoff="-320" width="300"/>
   <ql:history>
    <ql:event>
     <ql:icon>://icons/48x48/Start.png</ql:icon>
     <ql:time>2020-07-27T03:40:13.246Z</ql:time>
     <ql:comment>Erstversion.</ql:comment>
    </ql:event>
    <ql:event>
     <ql:icon>://icons/48x48/WptEditProx.png</ql:icon>
     <ql:time>2020-07-27T03:40:16.124Z</ql:time>
     <ql:comment>Abstandsalarm geändert</ql:comment>
    </ql:event>
   </ql:history>
   <wptx1:WaypointExtension>
    <wptx1:Proximity>10.00000000</wptx1:Proximity>
   </wptx1:WaypointExtension>
  </extensions>
 </wpt>
 <wpt lat="50.99841227" lon="13.79901664">
  <ele>142</ele>
  <time>2020-07-27T03:41:25.404Z</time>
  <name>Wegpunkt 18 Voraus</name>
  <sym>Flag, Blue</sym>
  <extensions>
   <ql:key>9e401e26c171191d31e81d63101f08de</ql:key>
   <ql:flags>3</ql:flags>
   <ql:bubble yoff="-150" xoff="-320" width="300"/>
   <ql:history>
    <ql:event>
     <ql:icon>://icons/48x48/Start.png</ql:icon>
     <ql:time>2020-07-27T03:41:25.405Z</ql:time>
     <ql:comment>Erstversion.</ql:comment>
    </ql:event>
    <ql:event>
     <ql:icon>://icons/48x48/WptEditProx.png</ql:icon>
     <ql:time>2020-07-27T03:41:28.134Z</ql:time>
     <ql:comment>Abstandsalarm geändert</ql:comment>
    </ql:event>
    <ql:event>
     <ql:icon>://icons/48x48/WptMove.png</ql:icon>
     <ql:time>2020-07-27T03:41:40.154Z</ql:time>
     <ql:comment>Position geändert</ql:comment>
    </ql:event>
   </ql:history>
   <wptx1:WaypointExtension>
    <wptx1:Proximity>10.00000000</wptx1:Proximity>
   </wptx1:WaypointExtension>
  </extensions>
 </wpt>
 <trk>
  <name>Track</name>
  <extensions>
   <ql:key>e296f8bbc218c759fca8d105a8758b2f</ql:key>
   <ql:flags>5</ql:flags>
   <ql:history>
    <ql:event>
     <ql:icon>://icons/48x48/Start.png</ql:icon>
     <ql:time>2020-06-23T18:05:50.016Z</ql:time>
     <ql:comment>Erstversion.</ql:comment>
    </ql:event>
    <ql:event>
     <ql:icon>://icons/48x48/ActFoot.png</ql:icon>
     <ql:time>2020-06-30T16:41:00.789Z</ql:time>
     <ql:comment>Die Aktivität wurde für den gesamten Track auf 'Fußgänger' geändert.</ql:comment>
    </ql:event>
   </ql:history>
   <gpxx:TrackExtension>
    <gpxx:DisplayColor>DarkBlue</gpxx:DisplayColor>
   </gpxx:TrackExtension>
  </extensions>
  <trkseg>
   <trkpt lat="51.01432909" lon="13.74799360">
    <ele>155</ele>
    <extensions>
     <ql:flags>2147483648</ql:flags>
    </extensions>
   </trkpt>
   <trkpt lat="51.01374865" lon="13.74846697">
    <ele>157</ele>
    <extensions>
     <ql:flags>2147483656</ql:flags>
    </extensions>
   </trkpt>
   <trkpt lat="51.01370573" lon="13.74846697">
    <ele>157</ele>
    <extensions>
     <ql:flags>2147483656</ql:flags>
    </extensions>
   </trkpt>
   <trkpt lat="51.01338387" lon="13.74874592">
    <ele>156</ele>
    <extensions>
     <ql:flags>2147483656</ql:flags>
    </extensions>
   </trkpt>
   <trkpt lat="51.01331949" lon="13.74874592">
    <ele>157</ele>
    <extensions>
     <ql:flags>2147483656</ql:flags>
    </extensions>
   </trkpt>
   <trkpt lat="51.01314783" lon="13.74878883">
    <ele>157</ele>
    <extensions>
     <ql:flags>2147483656</ql:flags>
    </extensions>
   </trkpt>
   <trkpt lat="51.01308346" lon="13.74881029">
    <ele>157</ele>
    <extensions>
     <ql:flags>2147483656</ql:flags>
    </extensions>
   </trkpt>
   <trkpt lat="51.01304319" lon="13.74885325">
    <ele>156</ele>
    <extensions>
     <ql:flags>2147483648</ql:flags>
    </extensions>
   </trkpt>
   <trkpt lat="51.01284742" lon="13.74900341">
    <ele>156</ele>
    <extensions>
     <ql:flags>2147483656</ql:flags>
    </extensions>
   </trkpt>
   <trkpt lat="51.01222515" lon="13.74928236">
    <ele>156</ele>
    <extensions>
     <ql:flags>2147483656</ql:flags>
    </extensions>
   </trkpt>
   <trkpt lat="51.01207495" lon="13.74928236">
    <ele>157</ele>
    <extensions>
     <ql:flags>2147483656</ql:flags>
    </extensions>
   </trkpt>
   <trkpt lat="51.01192474" lon="13.74917507">
    <ele>159</ele>
    <extensions>
     <ql:flags>2147483656</ql:flags>
    </extensions>
   </trkpt>
   <trkpt lat="51.01177454" lon="13.74893904">
    <ele>160</ele>
    <extensions>
     <ql:flags>2147483656</ql:flags>
    </extensions>
   </trkpt>
   <trkpt lat="51.01168871" lon="13.74850988">
    <ele>159</ele>
    <extensions>
     <ql:flags>2147483656</ql:flags>
    </extensions>
   </trkpt>
   <trkpt lat="51.01156098" lon="13.74817331">
    <ele>159</ele>
    <extensions>
     <ql:flags>2147483648</ql:flags>
    </extensions>
   </trkpt>
   <trkpt lat="51.01130125" lon="13.74758859">
    <ele>160</ele>
    <extensions>
     <ql:flags>2147483648</ql:flags>
    </extensions>
   </trkpt>
   <trkpt lat="51.01121664" lon="13.74743700">
    <ele>160</ele>
    <extensions>
     <ql:flags>2147483656</ql:flags>
    </extensions>
   </trkpt>
   <trkpt lat="51.01074709" lon="13.74686305">
    <ele>163</ele>
    <extensions>
     <ql:flags>2147483648</ql:flags>
    </extensions>
   </trkpt>
   <trkpt lat="51.01074457" lon="13.74685764">
    <ele>163</ele>
    <extensions>
     <ql:flags>2147483656</ql:flags>
    </extensions>
   </trkpt>
   <trkpt lat="51.01068020" lon="13.74636412">
    <ele>163</ele>
    <extensions>
     <ql:flags>2147483656</ql:flags>
    </extensions>
   </trkpt>
   <trkpt lat="51.01061583" lon="13.74606371">
    <ele>164</ele>
    <extensions>
     <ql:flags>2147483656</ql:flags>
    </extensions>
   </trkpt>
   <trkpt lat="51.01055145" lon="13.74578476">
    <ele>165</ele>
    <extensions>
     <ql:flags>2147483656</ql:flags>
    </extensions>
   </trkpt>
   <trkpt lat="51.01046562" lon="13.74524832">
    <ele>166</ele>
    <extensions>
     <ql:flags>2147483656</ql:flags>
    </extensions>
   </trkpt>
   <trkpt lat="51.01040125" lon="13.74475479">
    <ele>165</ele>
    <extensions>
     <ql:flags>2147483656</ql:flags>
    </extensions>
   </trkpt>
   <trkpt lat="51.01040106" lon="13.74467168">
    <ele>165</ele>
    <extensions>
     <ql:flags>2147483648</ql:flags>
    </extensions>
   </trkpt>
   <trkpt lat="51.01035833" lon="13.74471188">
    <ele>165</ele>
    <extensions>
     <ql:flags>2147483656</ql:flags>
    </extensions>
   </trkpt>
   <trkpt lat="51.01031542" lon="13.74475479">
    <ele>166</ele>
    <extensions>
     <ql:flags>2147483656</ql:flags>
    </extensions>
   </trkpt>
   <trkpt lat="51.01029446" lon="13.74477093">
    <ele>167</ele>
    <extensions>
     <ql:flags>2147483648</ql:flags>
    </extensions>
   </trkpt>
   <trkpt lat="51.01027250" lon="13.74471188">
    <ele>167</ele>
    <extensions>
     <ql:flags>2147483656</ql:flags>
    </extensions>
   </trkpt>
   <trkpt lat="51.01020813" lon="13.74460459">
    <ele>168</ele>
    <extensions>
     <ql:flags>2147483656</ql:flags>
    </extensions>
   </trkpt>
   <trkpt lat="51.01014376" lon="13.74454021">
    <ele>169</ele>
    <extensions>
     <ql:flags>2147483656</ql:flags>
    </extensions>
   </trkpt>
   <trkpt lat="51.01003647" lon="13.74451876">
    <ele>170</ele>
    <extensions>
     <ql:flags>2147483656</ql:flags>
    </extensions>
   </trkpt>
   <trkpt lat="51.00995064" lon="13.74456167">
    <ele>172</ele>
    <extensions>
     <ql:flags>2147483656</ql:flags>
    </extensions>
   </trkpt>
   <trkpt lat="51.00986481" lon="13.74458313">
    <ele>173</ele>
    <extensions>
     <ql:flags>2147483656</ql:flags>
    </extensions>
   </trkpt>
   <trkpt lat="51.00977898" lon="13.74456167">
    <ele>175</ele>
    <extensions>
     <ql:flags>2147483656</ql:flags>
    </extensions>
   </trkpt>
   <trkpt lat="51.00967169" lon="13.74445438">
    <ele>176</ele>
    <extensions>
     <ql:flags>2147483656</ql:flags>
    </extensions>
   </trkpt>
   <trkpt lat="51.00945711" lon="13.74413252">
    <ele>178</ele>
    <extensions>
     <ql:flags>2147483656</ql:flags>
    </extensions>
   </trkpt>
   <trkpt lat="51.00934982" lon="13.74393940">
    <ele>179</ele>
    <extensions>
     <ql:flags>2147483656</ql:flags>
    </extensions>
   </trkpt>
   <trkpt lat="51.00928545" lon="13.74385357">
    <ele>180</ele>
    <extensions>
     <ql:flags>2147483656</ql:flags>
    </extensions>
   </trkpt>
   <trkpt lat="51.00885630" lon="13.74303818">
    <ele>180</ele>
    <extensions>
     <ql:flags>2147483656</ql:flags>
    </extensions>
   </trkpt>
   <trkpt lat="51.00881300" lon="13.74287192">
    <ele>180</ele>
    <extensions>
     <ql:flags>2147483648</ql:flags>
    </extensions>
   </trkpt>
   <trkpt lat="51.00842714" lon="13.74230862">
    <ele>181</ele>
    <extensions>
     <ql:flags>2147483656</ql:flags>
    </extensions>
   </trkpt>
   <trkpt lat="51.00819111" lon="13.74202967">
    <ele>184</ele>
    <extensions>
     <ql:flags>2147483656</ql:flags>
    </extensions>
   </trkpt>
   <trkpt lat="51.00774050" lon="13.74179363">
    <ele>188</ele>
    <extensions>
     <ql:flags>2147483656</ql:flags>
    </extensions>
   </trkpt>
   <trkpt lat="51.00752592" lon="13.74160051">
    <ele>189</ele>
    <extensions>
     <ql:flags>2147483656</ql:flags>
    </extensions>
   </trkpt>
   <trkpt lat="51.00741863" lon="13.74151468">
    <ele>190</ele>
    <extensions>
     <ql:flags>2147483656</ql:flags>
    </extensions>
   </trkpt>
   <trkpt lat="51.00716114" lon="13.74117136">
    <ele>192</ele>
    <extensions>
     <ql:flags>2147483656</ql:flags>
    </extensions>
   </trkpt>
   <trkpt lat="51.00705385" lon="13.74095678">
    <ele>192</ele>
    <extensions>
     <ql:flags>2147483656</ql:flags>
    </extensions>
   </trkpt>
   <trkpt lat="51.00701094" lon="13.74089241">
    <ele>193</ele>
    <extensions>
     <ql:flags>2147483656</ql:flags>
    </extensions>
   </trkpt>
   <trkpt lat="51.00690365" lon="13.74069929">
    <ele>193</ele>
    <extensions>
     <ql:flags>2147483656</ql:flags>
    </extensions>
   </trkpt>
   <trkpt lat="51.00683928" lon="13.74061346">
    <ele>193</ele>
    <extensions>
     <ql:flags>2147483656</ql:flags>
    </extensions>
   </trkpt>
   <trkpt lat="51.00677490" lon="13.74048471">
    <ele>193</ele>
    <extensions>
     <ql:flags>2147483656</ql:flags>
    </extensions>
   </trkpt>
   <trkpt lat="51.00671053" lon="13.74027014">
    <ele>192</ele>
    <extensions>
     <ql:flags>2147483656</ql:flags>
    </extensions>
   </trkpt>
   <trkpt lat="51.00662470" lon="13.74009848">
    <ele>192</ele>
    <extensions>
     <ql:flags>2147483656</ql:flags>
    </extensions>
   </trkpt>
   <trkpt lat="51.00658178" lon="13.74003410">
    <ele>192</ele>
    <extensions>
     <ql:flags>2147483656</ql:flags>
    </extensions>
   </trkpt>
   <trkpt lat="51.00647449" lon="13.73988390">
    <ele>193</ele>
    <extensions>
     <ql:flags>2147483656</ql:flags>
    </extensions>
   </trkpt>
   <trkpt lat="51.00640839" lon="13.73973508">
    <ele>193</ele>
    <extensions>
     <ql:flags>2147483648</ql:flags>
    </extensions>
   </trkpt>
   <trkpt lat="51.00645155" lon="13.73961170">
    <ele>192</ele>
    <extensions>
     <ql:flags>2147483648</ql:flags>
    </extensions>
   </trkpt>
  </trkseg>
  <trkseg>
   <trkpt lat="51.00645578" lon="13.73960633">
    <ele>192</ele>
    <extensions>
     <ql:flags>2147483648</ql:flags>
    </extensions>
   </trkpt>
   <trkpt lat="51.00643158" lon="13.73954058">
    <ele>192</ele>
    <extensions>
     <ql:flags>2147483656</ql:flags>
    </extensions>
   </trkpt>
   <trkpt lat="51.00636721" lon="13.73945475">
    <ele>192</ele>
    <extensions>
     <ql:flags>2147483656</ql:flags>
    </extensions>
   </trkpt>
   <trkpt lat="51.00610971" lon="13.73889685">
    <ele>192</ele>
    <extensions>
     <ql:flags>2147483656</ql:flags>
    </extensions>
   </trkpt>
   <trkpt lat="51.00600243" lon="13.73848915">
    <ele>192</ele>
    <extensions>
     <ql:flags>2147483656</ql:flags>
    </extensions>
   </trkpt>
   <trkpt lat="51.00598097" lon="13.73823166">
    <ele>191</ele>
    <extensions>
     <ql:flags>2147483656</ql:flags>
    </extensions>
   </trkpt>
   <trkpt lat="51.00578785" lon="13.73767376">
    <ele>193</ele>
    <extensions>
     <ql:flags>2147483656</ql:flags>
    </extensions>
   </trkpt>
   <trkpt lat="51.00563765" lon="13.73737335">
    <ele>194</ele>
    <extensions>
     <ql:flags>2147483656</ql:flags>
    </extensions>
   </trkpt>
   <trkpt lat="51.00553036" lon="13.73718023">
    <ele>194</ele>
    <extensions>
     <ql:flags>2147483656</ql:flags>
    </extensions>
   </trkpt>
   <trkpt lat="51.00542307" lon="13.73696566">
    <ele>194</ele>
    <extensions>
     <ql:flags>2147483656</ql:flags>
    </extensions>
   </trkpt>
   <trkpt lat="51.00538015" lon="13.73672962">
    <ele>193</ele>
    <extensions>
     <ql:flags>2147483656</ql:flags>
    </extensions>
   </trkpt>
   <trkpt lat="51.00529432" lon="13.73655796">
    <ele>193</ele>
    <extensions>
     <ql:flags>2147483656</ql:flags>
    </extensions>
   </trkpt>
   <trkpt lat="51.00522995" lon="13.73636484">
    <ele>193</ele>
    <extensions>
     <ql:flags>2147483656</ql:flags>
    </extensions>
   </trkpt>
   <trkpt lat="51.00520849" lon="13.73615026">
    <ele>192</ele>
    <extensions>
     <ql:flags>2147483656</ql:flags>
    </extensions>
   </trkpt>
   <trkpt lat="51.00510120" lon="13.73589277">
    <ele>193</ele>
    <extensions>
     <ql:flags>2147483656</ql:flags>
    </extensions>
   </trkpt>
   <trkpt lat="51.00505829" lon="13.73569965">
    <ele>193</ele>
    <extensions>
     <ql:flags>2147483656</ql:flags>
    </extensions>
   </trkpt>
   <trkpt lat="51.00510120" lon="13.73557091">
    <ele>192</ele>
    <extensions>
     <ql:flags>2147483656</ql:flags>
    </extensions>
   </trkpt>
   <trkpt lat="51.00518489" lon="13.73542209">
    <ele>191</ele>
    <extensions>
     <ql:flags>2147483648</ql:flags>
    </extensions>
   </trkpt>
   <trkpt lat="51.00517896" lon="13.73538319">
    <ele>191</ele>
    <extensions>
     <ql:flags>2147483648</ql:flags>
    </extensions>
   </trkpt>
   <trkpt lat="51.00516558" lon="13.73531342">
    <ele>191</ele>
    <extensions>
     <ql:flags>2147483656</ql:flags>
    </extensions>
   </trkpt>
   <trkpt lat="51.00514412" lon="13.73524904">
    <ele>191</ele>
    <extensions>
     <ql:flags>2147483656</ql:flags>
    </extensions>
   </trkpt>
   <trkpt lat="51.00510120" lon="13.73518467">
    <ele>191</ele>
    <extensions>
     <ql:flags>2147483656</ql:flags>
    </extensions>
   </trkpt>
   <trkpt lat="51.00484643" lon="13.73484407">
    <ele>192</ele>
    <extensions>
     <ql:flags>2147483648</ql:flags>
    </extensions>
   </trkpt>
  </trkseg>
  <trkseg>
   <trkpt lat="51.00484389" lon="13.73484005">
    <ele>192</ele>
    <extensions>
     <ql:flags>2147483648</ql:flags>
    </extensions>
   </trkpt>
   <trkpt lat="51.00482225" lon="13.73479843">
    <ele>192</ele>
    <extensions>
     <ql:flags>2147483656</ql:flags>
    </extensions>
   </trkpt>
   <trkpt lat="51.00469497" lon="13.73469387">
    <ele>192</ele>
    <extensions>
     <ql:flags>2147483648</ql:flags>
    </extensions>
   </trkpt>
   <trkpt lat="51.00443602" lon="13.73443365">
    <ele>193</ele>
    <extensions>
     <ql:flags>2147483656</ql:flags>
    </extensions>
   </trkpt>
   <trkpt lat="51.00417852" lon="13.73411179">
    <ele>196</ele>
    <extensions>
     <ql:flags>2147483656</ql:flags>
    </extensions>
   </trkpt>
   <trkpt lat="51.00407124" lon="13.73394012">
    <ele>197</ele>
    <extensions>
     <ql:flags>2147483656</ql:flags>
    </extensions>
   </trkpt>
   <trkpt lat="51.00400686" lon="13.73374701">
    <ele>197</ele>
    <extensions>
     <ql:flags>2147483656</ql:flags>
    </extensions>
   </trkpt>
   <trkpt lat="51.00396395" lon="13.73355389">
    <ele>198</ele>
    <extensions>
     <ql:flags>2147483656</ql:flags>
    </extensions>
   </trkpt>
   <trkpt lat="51.00390127" lon="13.73301883">
    <ele>199</ele>
    <extensions>
     <ql:flags>2147483648</ql:flags>
    </extensions>
   </trkpt>
   <trkpt lat="51.00385666" lon="13.73256683">
    <ele>200</ele>
    <extensions>
     <ql:flags>2147483656</ql:flags>
    </extensions>
   </trkpt>
   <trkpt lat="51.00387812" lon="13.73237371">
    <ele>200</ele>
    <extensions>
     <ql:flags>2147483656</ql:flags>
    </extensions>
   </trkpt>
   <trkpt lat="51.00400686" lon="13.73183727">
    <ele>202</ele>
    <extensions>
     <ql:flags>2147483656</ql:flags>
    </extensions>
   </trkpt>
   <trkpt lat="51.00411281" lon="13.73151813">
    <ele>203</ele>
    <extensions>
     <ql:flags>2147483648</ql:flags>
    </extensions>
   </trkpt>
   <trkpt lat="51.00409927" lon="13.73149533">
    <ele>203</ele>
    <extensions>
     <ql:flags>2147483648</ql:flags>
    </extensions>
   </trkpt>
   <trkpt lat="51.00383520" lon="13.73110771">
    <ele>203</ele>
    <extensions>
     <ql:flags>2147483656</ql:flags>
    </extensions>
   </trkpt>
   <trkpt lat="51.00366354" lon="13.73097897">
    <ele>204</ele>
    <extensions>
     <ql:flags>2147483656</ql:flags>
    </extensions>
   </trkpt>
   <trkpt lat="51.00353479" lon="13.73095751">
    <ele>205</ele>
    <extensions>
     <ql:flags>2147483656</ql:flags>
    </extensions>
   </trkpt>
   <trkpt lat="51.00351334" lon="13.73097897">
    <ele>205</ele>
    <extensions>
     <ql:flags>2147483656</ql:flags>
    </extensions>
   </trkpt>
   <trkpt lat="51.00344896" lon="13.73106480">
    <ele>206</ele>
    <extensions>
     <ql:flags>2147483656</ql:flags>
    </extensions>
   </trkpt>
   <trkpt lat="51.00338680" lon="13.73121236">
    <ele>206</ele>
    <extensions>
     <ql:flags>2147483648</ql:flags>
    </extensions>
   </trkpt>
   <trkpt lat="51.00312710" lon="13.73082876">
    <ele>210</ele>
    <extensions>
     <ql:flags>2147483656</ql:flags>
    </extensions>
   </trkpt>
   <trkpt lat="51.00297689" lon="13.73072147">
    <ele>213</ele>
    <extensions>
     <ql:flags>2147483656</ql:flags>
    </extensions>
   </trkpt>
   <trkpt lat="51.00269801" lon="13.73041977">
    <ele>216</ele>
    <extensions>
     <ql:flags>2147483648</ql:flags>
    </extensions>
   </trkpt>
   <trkpt lat="51.00263357" lon="13.73024940">
    <ele>217</ele>
    <extensions>
     <ql:flags>2147483656</ql:flags>
    </extensions>
   </trkpt>
   <trkpt lat="51.00259066" lon="13.73016357">
    <ele>218</ele>
    <extensions>
     <ql:flags>2147483656</ql:flags>
    </extensions>
   </trkpt>
   <trkpt lat="51.00241899" lon="13.72954130">
    <ele>221</ele>
    <extensions>
     <ql:flags>2147483656</ql:flags>
    </extensions>
   </trkpt>
   <trkpt lat="51.00226879" lon="13.72909069">
    <ele>224</ele>
    <extensions>
     <ql:flags>2147483656</ql:flags>
    </extensions>
   </trkpt>
   <trkpt lat="51.00218296" lon="13.72896194">
    <ele>226</ele>
    <extensions>
     <ql:flags>2147483656</ql:flags>
    </extensions>
   </trkpt>
   <trkpt lat="51.00203276" lon="13.72864008">
    <ele>228</ele>
    <extensions>
     <ql:flags>2147483656</ql:flags>
    </extensions>
   </trkpt>
   <trkpt lat="51.00196838" lon="13.72851133">
    <ele>228</ele>
    <extensions>
     <ql:flags>2147483656</ql:flags>
    </extensions>
   </trkpt>
   <trkpt lat="51.00192547" lon="13.72836113">
    <ele>228</ele>
    <extensions>
     <ql:flags>2147483656</ql:flags>
    </extensions>
   </trkpt>
   <trkpt lat="51.00183964" lon="13.72825384">
    <ele>228</ele>
    <extensions>
     <ql:flags>2147483656</ql:flags>
    </extensions>
   </trkpt>
   <trkpt lat="51.00179672" lon="13.72806072">
    <ele>228</ele>
    <extensions>
     <ql:flags>2147483656</ql:flags>
    </extensions>
   </trkpt>
   <trkpt lat="51.00162506" lon="13.72771740">
    <ele>228</ele>
    <extensions>
     <ql:flags>2147483656</ql:flags>
    </extensions>
   </trkpt>
   <trkpt lat="51.00143194" lon="13.72763157">
    <ele>228</ele>
    <extensions>
     <ql:flags>2147483656</ql:flags>
    </extensions>
   </trkpt>
   <trkpt lat="51.00132465" lon="13.72754574">
    <ele>229</ele>
    <extensions>
     <ql:flags>2147483656</ql:flags>
    </extensions>
   </trkpt>
   <trkpt lat="51.00121737" lon="13.72752428">
    <ele>229</ele>
    <extensions>
     <ql:flags>2147483656</ql:flags>
    </extensions>
   </trkpt>
   <trkpt lat="51.00098133" lon="13.72743845">
    <ele>231</ele>
    <extensions>
     <ql:flags>2147483656</ql:flags>
    </extensions>
   </trkpt>
   <trkpt lat="51.00072384" lon="13.72730970">
    <ele>233</ele>
    <extensions>
     <ql:flags>2147483656</ql:flags>
    </extensions>
   </trkpt>
   <trkpt lat="51.00063801" lon="13.72728825">
    <ele>234</ele>
    <extensions>
     <ql:flags>2147483656</ql:flags>
    </extensions>
   </trkpt>
   <trkpt lat="51.00048780" lon="13.72715950">
    <ele>235</ele>
    <extensions>
     <ql:flags>2147483656</ql:flags>
    </extensions>
   </trkpt>
   <trkpt lat="51.00025177" lon="13.72685909">
    <ele>235</ele>
    <extensions>
     <ql:flags>2147483656</ql:flags>
    </extensions>
   </trkpt>
   <trkpt lat="51.00014448" lon="13.72677326">
    <ele>236</ele>
    <extensions>
     <ql:flags>2147483656</ql:flags>
    </extensions>
   </trkpt>
   <trkpt lat="50.99999428" lon="13.72670889">
    <ele>236</ele>
    <extensions>
     <ql:flags>2147483656</ql:flags>
    </extensions>
   </trkpt>
   <trkpt lat="50.99965096" lon="13.72670889">
    <ele>238</ele>
    <extensions>
     <ql:flags>2147483656</ql:flags>
    </extensions>
   </trkpt>
   <trkpt lat="50.99950075" lon="13.72675180">
    <ele>239</ele>
    <extensions>
     <ql:flags>2147483656</ql:flags>
    </extensions>
   </trkpt>
   <trkpt lat="50.99939346" lon="13.72668743">
    <ele>239</ele>
    <extensions>
     <ql:flags>2147483656</ql:flags>
    </extensions>
   </trkpt>
   <trkpt lat="50.99915743" lon="13.72651577">
    <ele>238</ele>
    <extensions>
     <ql:flags>2147483656</ql:flags>
    </extensions>
   </trkpt>
   <trkpt lat="50.99905014" lon="13.72640848">
    <ele>238</ele>
    <extensions>
     <ql:flags>2147483656</ql:flags>
    </extensions>
   </trkpt>
   <trkpt lat="50.99892139" lon="13.72630119">
    <ele>237</ele>
    <extensions>
     <ql:flags>2147483656</ql:flags>
    </extensions>
   </trkpt>
   <trkpt lat="50.99872828" lon="13.72627974">
    <ele>237</ele>
    <extensions>
     <ql:flags>2147483656</ql:flags>
    </extensions>
   </trkpt>
   <trkpt lat="50.99862099" lon="13.72619390">
    <ele>237</ele>
    <extensions>
     <ql:flags>2147483656</ql:flags>
    </extensions>
   </trkpt>
   <trkpt lat="50.99851370" lon="13.72595787">
    <ele>237</ele>
    <extensions>
     <ql:flags>2147483656</ql:flags>
    </extensions>
   </trkpt>
   <trkpt lat="50.99842787" lon="13.72582912">
    <ele>237</ele>
    <extensions>
     <ql:flags>2147483656</ql:flags>
    </extensions>
   </trkpt>
   <trkpt lat="50.99825621" lon="13.72578621">
    <ele>238</ele>
    <extensions>
     <ql:flags>2147483656</ql:flags>
    </extensions>
   </trkpt>
   <trkpt lat="50.99817038" lon="13.72572184">
    <ele>238</ele>
    <extensions>
     <ql:flags>2147483656</ql:flags>
    </extensions>
   </trkpt>
   <trkpt lat="50.99791288" lon="13.72591496">
    <ele>239</ele>
    <extensions>
     <ql:flags>2147483656</ql:flags>
    </extensions>
   </trkpt>
   <trkpt lat="50.99780560" lon="13.72591496">
    <ele>241</ele>
    <extensions>
     <ql:flags>2147483656</ql:flags>
    </extensions>
   </trkpt>
   <trkpt lat="50.99771976" lon="13.72587204">
    <ele>242</ele>
    <extensions>
     <ql:flags>2147483656</ql:flags>
    </extensions>
   </trkpt>
   <trkpt lat="50.99765539" lon="13.72587204">
    <ele>242</ele>
    <extensions>
     <ql:flags>2147483656</ql:flags>
    </extensions>
   </trkpt>
   <trkpt lat="50.99756956" lon="13.72580767">
    <ele>243</ele>
    <extensions>
     <ql:flags>2147483656</ql:flags>
    </extensions>
   </trkpt>
   <trkpt lat="50.99748373" lon="13.72587204">
    <ele>244</ele>
    <extensions>
     <ql:flags>2147483656</ql:flags>
    </extensions>
   </trkpt>
   <trkpt lat="50.99731425" lon="13.72601960">
    <ele>246</ele>
    <extensions>
     <ql:flags>2147483648</ql:flags>
    </extensions>
   </trkpt>
   <trkpt lat="50.99735498" lon="13.72606516">
    <ele>245</ele>
    <extensions>
     <ql:flags>2147483656</ql:flags>
    </extensions>
   </trkpt>
   <trkpt lat="50.99718332" lon="13.72621536">
    <ele>247</ele>
    <extensions>
     <ql:flags>2147483656</ql:flags>
    </extensions>
   </trkpt>
   <trkpt lat="50.99705458" lon="13.72623682">
    <ele>248</ele>
    <extensions>
     <ql:flags>2147483656</ql:flags>
    </extensions>
   </trkpt>
   <trkpt lat="50.99694729" lon="13.72621536">
    <ele>248</ele>
    <extensions>
     <ql:flags>2147483656</ql:flags>
    </extensions>
   </trkpt>
   <trkpt lat="50.99688292" lon="13.72619390">
    <ele>248</ele>
    <extensions>
     <ql:flags>2147483656</ql:flags>
    </extensions>
   </trkpt>
   <trkpt lat="50.99668980" lon="13.72625828">
    <ele>248</ele>
    <extensions>
     <ql:flags>2147483656</ql:flags>
    </extensions>
   </trkpt>
   <trkpt lat="50.99653959" lon="13.72623682">
    <ele>248</ele>
    <extensions>
     <ql:flags>2147483656</ql:flags>
    </extensions>
   </trkpt>
   <trkpt lat="50.99634647" lon="13.72632265">
    <ele>248</ele>
    <extensions>
     <ql:flags>2147483656</ql:flags>
    </extensions>
   </trkpt>
   <trkpt lat="50.99617481" lon="13.72638702">
    <ele>248</ele>
    <extensions>
     <ql:flags>2147483656</ql:flags>
    </extensions>
   </trkpt>
   <trkpt lat="50.99604607" lon="13.72638702">
    <ele>249</ele>
    <extensions>
     <ql:flags>2147483656</ql:flags>
    </extensions>
   </trkpt>
   <trkpt lat="50.99596024" lon="13.72642994">
    <ele>249</ele>
    <extensions>
     <ql:flags>2147483656</ql:flags>
    </extensions>
   </trkpt>
   <trkpt lat="50.99581003" lon="13.72645140">
    <ele>249</ele>
    <extensions>
     <ql:flags>2147483656</ql:flags>
    </extensions>
   </trkpt>
   <trkpt lat="50.99570274" lon="13.72645140">
    <ele>250</ele>
    <extensions>
     <ql:flags>2147483656</ql:flags>
    </extensions>
   </trkpt>
   <trkpt lat="50.99565983" lon="13.72642994">
    <ele>250</ele>
    <extensions>
     <ql:flags>2147483656</ql:flags>
    </extensions>
   </trkpt>
   <trkpt lat="50.99565983" lon="13.72640848">
    <ele>250</ele>
    <extensions>
     <ql:flags>2147483656</ql:flags>
    </extensions>
   </trkpt>
   <trkpt lat="50.99553108" lon="13.72640848">
    <ele>250</ele>
    <extensions>
     <ql:flags>2147483656</ql:flags>
    </extensions>
   </trkpt>
   <trkpt lat="50.99540234" lon="13.72638702">
    <ele>250</ele>
    <extensions>
     <ql:flags>2147483656</ql:flags>
    </extensions>
   </trkpt>
   <trkpt lat="50.99525213" lon="13.72638702">
    <ele>250</ele>
    <extensions>
     <ql:flags>2147483656</ql:flags>
    </extensions>
   </trkpt>
   <trkpt lat="50.99501610" lon="13.72651577">
    <ele>251</ele>
    <extensions>
     <ql:flags>2147483656</ql:flags>
    </extensions>
   </trkpt>
   <trkpt lat="50.99493027" lon="13.72658014">
    <ele>252</ele>
    <extensions>
     <ql:flags>2147483656</ql:flags>
    </extensions>
   </trkpt>
   <trkpt lat="50.99480494" lon="13.72662310">
    <ele>252</ele>
    <extensions>
     <ql:flags>2147483648</ql:flags>
    </extensions>
   </trkpt>
   <trkpt lat="50.99473723" lon="13.72662444">
    <ele>252</ele>
    <extensions>
     <ql:flags>2147483648</ql:flags>
    </extensions>
   </trkpt>
   <trkpt lat="50.99469576" lon="13.72681488">
    <ele>253</ele>
    <extensions>
     <ql:flags>2147483648</ql:flags>
    </extensions>
   </trkpt>
   <trkpt lat="50.99469423" lon="13.72681618">
    <ele>253</ele>
    <extensions>
     <ql:flags>2147483656</ql:flags>
    </extensions>
   </trkpt>
   <trkpt lat="50.99465132" lon="13.72677326">
    <ele>253</ele>
    <extensions>
     <ql:flags>2147483656</ql:flags>
    </extensions>
   </trkpt>
   <trkpt lat="50.99456549" lon="13.72673035">
    <ele>253</ele>
    <extensions>
     <ql:flags>2147483656</ql:flags>
    </extensions>
   </trkpt>
   <trkpt lat="50.99450111" lon="13.72666597">
    <ele>254</ele>
    <extensions>
     <ql:flags>2147483656</ql:flags>
    </extensions>
   </trkpt>
   <trkpt lat="50.99439383" lon="13.72664452">
    <ele>254</ele>
    <extensions>
     <ql:flags>2147483656</ql:flags>
    </extensions>
   </trkpt>
   <trkpt lat="50.99424635" lon="13.72664590">
    <ele>256</ele>
    <extensions>
     <ql:flags>2147483648</ql:flags>
    </extensions>
   </trkpt>
   <trkpt lat="50.99424362" lon="13.72664452">
    <ele>256</ele>
    <extensions>
     <ql:flags>2147483656</ql:flags>
    </extensions>
   </trkpt>
   <trkpt lat="50.99416087" lon="13.72662310">
    <ele>256</ele>
    <extensions>
     <ql:flags>2147483648</ql:flags>
    </extensions>
   </trkpt>
   <trkpt lat="50.99400759" lon="13.72651577">
    <ele>257</ele>
    <extensions>
     <ql:flags>2147483656</ql:flags>
    </extensions>
   </trkpt>
   <trkpt lat="50.99396467" lon="13.72638702">
    <ele>257</ele>
    <extensions>
     <ql:flags>2147483656</ql:flags>
    </extensions>
   </trkpt>
   <trkpt lat="50.99387884" lon="13.72617245">
    <ele>258</ele>
    <extensions>
     <ql:flags>2147483656</ql:flags>
    </extensions>
   </trkpt>
   <trkpt lat="50.99379301" lon="13.72612953">
    <ele>258</ele>
    <extensions>
     <ql:flags>2147483656</ql:flags>
    </extensions>
   </trkpt>
   <trkpt lat="50.99334240" lon="13.72627974">
    <ele>261</ele>
    <extensions>
     <ql:flags>2147483656</ql:flags>
    </extensions>
   </trkpt>
   <trkpt lat="50.99327803" lon="13.72632265">
    <ele>262</ele>
    <extensions>
     <ql:flags>2147483656</ql:flags>
    </extensions>
   </trkpt>
   <trkpt lat="50.99315117" lon="13.72583319">
    <ele>262</ele>
    <extensions>
     <ql:flags>2147483648</ql:flags>
    </extensions>
   </trkpt>
   <trkpt lat="50.99314928" lon="13.72582912">
    <ele>262</ele>
    <extensions>
     <ql:flags>2147483656</ql:flags>
    </extensions>
   </trkpt>
   <trkpt lat="50.99306345" lon="13.72589350">
    <ele>262</ele>
    <extensions>
     <ql:flags>2147483656</ql:flags>
    </extensions>
   </trkpt>
   <trkpt lat="50.99302053" lon="13.72589350">
    <ele>263</ele>
    <extensions>
     <ql:flags>2147483656</ql:flags>
    </extensions>
   </trkpt>
   <trkpt lat="50.99299908" lon="13.72587204">
    <ele>263</ele>
    <extensions>
     <ql:flags>2147483656</ql:flags>
    </extensions>
   </trkpt>
   <trkpt lat="50.99282742" lon="13.72539997">
    <ele>262</ele>
    <extensions>
     <ql:flags>2147483656</ql:flags>
    </extensions>
   </trkpt>
   <trkpt lat="50.99272013" lon="13.72531414">
    <ele>263</ele>
    <extensions>
     <ql:flags>2147483656</ql:flags>
    </extensions>
   </trkpt>
   <trkpt lat="50.99184352" lon="13.72555156">
    <ele>268</ele>
    <extensions>
     <ql:flags>2147483648</ql:flags>
    </extensions>
   </trkpt>
   <trkpt lat="50.99184036" lon="13.72555017">
    <ele>268</ele>
    <extensions>
     <ql:flags>2147483656</ql:flags>
    </extensions>
   </trkpt>
   <trkpt lat="50.99169016" lon="13.72428417">
    <ele>272</ele>
    <extensions>
     <ql:flags>2147483656</ql:flags>
    </extensions>
   </trkpt>
   <trkpt lat="50.99166870" lon="13.72368336">
    <ele>276</ele>
    <extensions>
     <ql:flags>2147483656</ql:flags>
    </extensions>
   </trkpt>
   <trkpt lat="50.99166870" lon="13.72237444">
    <ele>278</ele>
    <extensions>
     <ql:flags>2147483656</ql:flags>
    </extensions>
   </trkpt>
   <trkpt lat="50.99166832" lon="13.72237448">
    <ele>278</ele>
    <extensions>
     <ql:flags>2147483648</ql:flags>
    </extensions>
   </trkpt>
   <trkpt lat="50.99153996" lon="13.72237444">
    <ele>279</ele>
    <extensions>
     <ql:flags>2147483656</ql:flags>
    </extensions>
   </trkpt>
   <trkpt lat="50.99136829" lon="13.72243881">
    <ele>281</ele>
    <extensions>
     <ql:flags>2147483656</ql:flags>
    </extensions>
   </trkpt>
   <trkpt lat="50.99096243" lon="13.72244020">
    <ele>283</ele>
    <extensions>
     <ql:flags>2147483648</ql:flags>
    </extensions>
   </trkpt>
   <trkpt lat="50.99038124" lon="13.72241735">
    <ele>286</ele>
    <extensions>
     <ql:flags>2147483656</ql:flags>
    </extensions>
   </trkpt>
   <trkpt lat="50.98963022" lon="13.72224569">
    <ele>290</ele>
    <extensions>
     <ql:flags>2147483656</ql:flags>
    </extensions>
   </trkpt>
   <trkpt lat="50.98952293" lon="13.72220278">
    <ele>291</ele>
    <extensions>
     <ql:flags>2147483656</ql:flags>
    </extensions>
   </trkpt>
   <trkpt lat="50.98967314" lon="13.72149467">
    <ele>292</ele>
    <extensions>
     <ql:flags>2147483656</ql:flags>
    </extensions>
   </trkpt>
   <trkpt lat="50.98986626" lon="13.72037888">
    <ele>293</ele>
    <extensions>
     <ql:flags>2147483656</ql:flags>
    </extensions>
   </trkpt>
   <trkpt lat="50.99003792" lon="13.71969223">
    <ele>294</ele>
    <extensions>
     <ql:flags>2147483656</ql:flags>
    </extensions>
   </trkpt>
   <trkpt lat="50.99001529" lon="13.71945892">
    <ele>295</ele>
    <extensions>
     <ql:flags>2147483648</ql:flags>
    </extensions>
   </trkpt>
   <trkpt lat="50.98990917" lon="13.71945620">
    <ele>295</ele>
    <extensions>
     <ql:flags>2147483656</ql:flags>
    </extensions>
   </trkpt>
   <trkpt lat="50.98961070" lon="13.71941332">
    <ele>298</ele>
    <extensions>
     <ql:flags>2147483648</ql:flags>
    </extensions>
   </trkpt>
   <trkpt lat="50.98960876" lon="13.71941328">
    <ele>298</ele>
    <extensions>
     <ql:flags>2147483656</ql:flags>
    </extensions>
   </trkpt>
   <trkpt lat="50.98950405" lon="13.71941064">
    <ele>299</ele>
    <extensions>
     <ql:flags>2147483648</ql:flags>
    </extensions>
   </trkpt>
   <trkpt lat="50.98943710" lon="13.71964931">
    <ele>299</ele>
    <extensions>
     <ql:flags>2147483656</ql:flags>
    </extensions>
   </trkpt>
   <trkpt lat="50.98945750" lon="13.71996988">
    <ele>297</ele>
    <extensions>
     <ql:flags>2147483648</ql:flags>
    </extensions>
   </trkpt>
   <trkpt lat="50.98948002" lon="13.72037888">
    <ele>296</ele>
    <extensions>
     <ql:flags>2147483656</ql:flags>
    </extensions>
   </trkpt>
   <trkpt lat="50.98945856" lon="13.72089386">
    <ele>295</ele>
    <extensions>
     <ql:flags>2147483656</ql:flags>
    </extensions>
   </trkpt>
   <trkpt lat="50.98932981" lon="13.72168779">
    <ele>294</ele>
    <extensions>
     <ql:flags>2147483656</ql:flags>
    </extensions>
   </trkpt>
   <trkpt lat="50.98928690" lon="13.72203112">
    <ele>293</ele>
    <extensions>
     <ql:flags>2147483656</ql:flags>
    </extensions>
   </trkpt>
   <trkpt lat="50.98926620" lon="13.72209285">
    <ele>293</ele>
    <extensions>
     <ql:flags>2147483648</ql:flags>
    </extensions>
   </trkpt>
   <trkpt lat="50.98922253" lon="13.72209549">
    <ele>293</ele>
    <extensions>
     <ql:flags>2147483656</ql:flags>
    </extensions>
   </trkpt>
   <trkpt lat="50.98866463" lon="13.72166634">
    <ele>298</ele>
    <extensions>
     <ql:flags>2147483656</ql:flags>
    </extensions>
   </trkpt>
   <trkpt lat="50.98853588" lon="13.72158051">
    <ele>299</ele>
    <extensions>
     <ql:flags>2147483656</ql:flags>
    </extensions>
   </trkpt>
   <trkpt lat="50.98808527" lon="13.72134447">
    <ele>302</ele>
    <extensions>
     <ql:flags>2147483656</ql:flags>
    </extensions>
   </trkpt>
   <trkpt lat="50.98778486" lon="13.72123718">
    <ele>304</ele>
    <extensions>
     <ql:flags>2147483656</ql:flags>
    </extensions>
   </trkpt>
   <trkpt lat="50.98696947" lon="13.72106552">
    <ele>312</ele>
    <extensions>
     <ql:flags>2147483656</ql:flags>
    </extensions>
   </trkpt>
   <trkpt lat="50.98503828" lon="13.72057199">
    <ele>329</ele>
    <extensions>
     <ql:flags>2147483656</ql:flags>
    </extensions>
   </trkpt>
   <trkpt lat="50.98407269" lon="13.72012138">
    <ele>339</ele>
    <extensions>
     <ql:flags>2147483656</ql:flags>
    </extensions>
   </trkpt>
   <trkpt lat="50.98323584" lon="13.71971369">
    <ele>343</ele>
    <extensions>
     <ql:flags>2147483656</ql:flags>
    </extensions>
   </trkpt>
   <trkpt lat="50.98295689" lon="13.71954203">
    <ele>343</ele>
    <extensions>
     <ql:flags>2147483656</ql:flags>
    </extensions>
   </trkpt>
   <trkpt lat="50.98272085" lon="13.71939182">
    <ele>341</ele>
    <extensions>
     <ql:flags>2147483656</ql:flags>
    </extensions>
   </trkpt>
   <trkpt lat="50.98261356" lon="13.71934891">
    <ele>340</ele>
    <extensions>
     <ql:flags>2147483656</ql:flags>
    </extensions>
   </trkpt>
   <trkpt lat="50.98250693" lon="13.71918131">
    <ele>339</ele>
    <extensions>
     <ql:flags>2147483648</ql:flags>
    </extensions>
   </trkpt>
   <trkpt lat="50.98244190" lon="13.71924162">
    <ele>338</ele>
    <extensions>
     <ql:flags>2147483656</ql:flags>
    </extensions>
   </trkpt>
   <trkpt lat="50.98201508" lon="13.71911426">
    <ele>332</ele>
    <extensions>
     <ql:flags>2147483648</ql:flags>
    </extensions>
   </trkpt>
   <trkpt lat="50.98197106" lon="13.71940796">
    <ele>332</ele>
    <extensions>
     <ql:flags>2147483648</ql:flags>
    </extensions>
   </trkpt>
   <trkpt lat="50.98201275" lon="13.71947765">
    <ele>332</ele>
    <extensions>
     <ql:flags>2147483656</ql:flags>
    </extensions>
   </trkpt>
   <trkpt lat="50.98203421" lon="13.71971369">
    <ele>332</ele>
    <extensions>
     <ql:flags>2147483656</ql:flags>
    </extensions>
   </trkpt>
   <trkpt lat="50.98192692" lon="13.72037888">
    <ele>331</ele>
    <extensions>
     <ql:flags>2147483656</ql:flags>
    </extensions>
   </trkpt>
   <trkpt lat="50.98181963" lon="13.72196674">
    <ele>329</ele>
    <extensions>
     <ql:flags>2147483656</ql:flags>
    </extensions>
   </trkpt>
   <trkpt lat="50.98160534" lon="13.72288544">
    <ele>326</ele>
    <extensions>
     <ql:flags>2147483648</ql:flags>
    </extensions>
   </trkpt>
   <trkpt lat="50.98169088" lon="13.72295380">
    <ele>327</ele>
    <extensions>
     <ql:flags>2147483656</ql:flags>
    </extensions>
   </trkpt>
   <trkpt lat="50.98179817" lon="13.72303963">
    <ele>328</ele>
    <extensions>
     <ql:flags>2147483656</ql:flags>
    </extensions>
   </trkpt>
   <trkpt lat="50.98190546" lon="13.72318983">
    <ele>330</ele>
    <extensions>
     <ql:flags>2147483656</ql:flags>
    </extensions>
   </trkpt>
   <trkpt lat="50.98194838" lon="13.72338295">
    <ele>330</ele>
    <extensions>
     <ql:flags>2147483656</ql:flags>
    </extensions>
   </trkpt>
   <trkpt lat="50.98201275" lon="13.72346878">
    <ele>331</ele>
    <extensions>
     <ql:flags>2147483656</ql:flags>
    </extensions>
   </trkpt>
   <trkpt lat="50.98205566" lon="13.72357607">
    <ele>332</ele>
    <extensions>
     <ql:flags>2147483656</ql:flags>
    </extensions>
   </trkpt>
   <trkpt lat="50.98214149" lon="13.72361898">
    <ele>332</ele>
    <extensions>
     <ql:flags>2147483656</ql:flags>
    </extensions>
   </trkpt>
   <trkpt lat="50.98220587" lon="13.72370481">
    <ele>333</ele>
    <extensions>
     <ql:flags>2147483656</ql:flags>
    </extensions>
   </trkpt>
   <trkpt lat="50.98226820" lon="13.72374643">
    <ele>333</ele>
    <extensions>
     <ql:flags>2147483648</ql:flags>
    </extensions>
   </trkpt>
   <trkpt lat="50.98229170" lon="13.72398376">
    <ele>332</ele>
    <extensions>
     <ql:flags>2147483656</ql:flags>
    </extensions>
   </trkpt>
   <trkpt lat="50.98237753" lon="13.72559309">
    <ele>324</ele>
    <extensions>
     <ql:flags>2147483656</ql:flags>
    </extensions>
   </trkpt>
   <trkpt lat="50.98246336" lon="13.72658014">
    <ele>322</ele>
    <extensions>
     <ql:flags>2147483656</ql:flags>
    </extensions>
   </trkpt>
   <trkpt lat="50.98248407" lon="13.72711529">
    <ele>320</ele>
    <extensions>
     <ql:flags>2147483648</ql:flags>
    </extensions>
   </trkpt>
  </trkseg>
  <trkseg>
   <trkpt lat="50.98248323" lon="13.72711529">
    <ele>320</ele>
    <extensions>
     <ql:flags>2147483648</ql:flags>
    </extensions>
   </trkpt>
   <trkpt lat="50.98244190" lon="13.72724533">
    <ele>319</ele>
    <extensions>
     <ql:flags>2147483656</ql:flags>
    </extensions>
   </trkpt>
   <trkpt lat="50.98237753" lon="13.72741699">
    <ele>319</ele>
    <extensions>
     <ql:flags>2147483656</ql:flags>
    </extensions>
   </trkpt>
   <trkpt lat="50.98207712" lon="13.72814655">
    <ele>315</ele>
    <extensions>
     <ql:flags>2147483656</ql:flags>
    </extensions>
   </trkpt>
   <trkpt lat="50.98199129" lon="13.72844696">
    <ele>313</ele>
    <extensions>
     <ql:flags>2147483656</ql:flags>
    </extensions>
   </trkpt>
   <trkpt lat="50.98196983" lon="13.72859716">
    <ele>312</ele>
    <extensions>
     <ql:flags>2147483656</ql:flags>
    </extensions>
   </trkpt>
   <trkpt lat="50.98196983" lon="13.72874737">
    <ele>312</ele>
    <extensions>
     <ql:flags>2147483656</ql:flags>
    </extensions>
   </trkpt>
   <trkpt lat="50.98216238" lon="13.72990344">
    <ele>309</ele>
    <extensions>
     <ql:flags>2147483648</ql:flags>
    </extensions>
   </trkpt>
   <trkpt lat="50.98203421" lon="13.73003483">
    <ele>308</ele>
    <extensions>
     <ql:flags>2147483656</ql:flags>
    </extensions>
   </trkpt>
   <trkpt lat="50.98203116" lon="13.73003353">
    <ele>308</ele>
    <extensions>
     <ql:flags>2147483648</ql:flags>
    </extensions>
   </trkpt>
   <trkpt lat="50.98214149" lon="13.73097897">
    <ele>305</ele>
    <extensions>
     <ql:flags>2147483656</ql:flags>
    </extensions>
   </trkpt>
   <trkpt lat="50.98199129" lon="13.73168707">
    <ele>302</ele>
    <extensions>
     <ql:flags>2147483656</ql:flags>
    </extensions>
   </trkpt>
   <trkpt lat="50.98199129" lon="13.73185873">
    <ele>301</ele>
    <extensions>
     <ql:flags>2147483656</ql:flags>
    </extensions>
   </trkpt>
   <trkpt lat="50.98207712" lon="13.73241663">
    <ele>301</ele>
    <extensions>
     <ql:flags>2147483656</ql:flags>
    </extensions>
   </trkpt>
   <trkpt lat="50.98199129" lon="13.73263121">
    <ele>299</ele>
    <extensions>
     <ql:flags>2147483656</ql:flags>
    </extensions>
   </trkpt>
   <trkpt lat="50.98196983" lon="13.73273849">
    <ele>298</ele>
    <extensions>
     <ql:flags>2147483656</ql:flags>
    </extensions>
   </trkpt>
   <trkpt lat="50.98201084" lon="13.73303626">
    <ele>297</ele>
    <extensions>
     <ql:flags>2147483648</ql:flags>
    </extensions>
   </trkpt>
   <trkpt lat="50.98201275" lon="13.73303890">
    <ele>297</ele>
    <extensions>
     <ql:flags>2147483656</ql:flags>
    </extensions>
   </trkpt>
   <trkpt lat="50.98201275" lon="13.73310328">
    <ele>297</ele>
    <extensions>
     <ql:flags>2147483656</ql:flags>
    </extensions>
   </trkpt>
   <trkpt lat="50.98201254" lon="13.73318915">
    <ele>297</ele>
    <extensions>
     <ql:flags>2147483648</ql:flags>
    </extensions>
   </trkpt>
   <trkpt lat="50.98192872" lon="13.73355393">
    <ele>294</ele>
    <extensions>
     <ql:flags>2147483648</ql:flags>
    </extensions>
   </trkpt>
   <trkpt lat="50.98180089" lon="13.73365585">
    <ele>291</ele>
    <extensions>
     <ql:flags>2147483648</ql:flags>
    </extensions>
   </trkpt>
   <trkpt lat="50.98179817" lon="13.73366117">
    <ele>291</ele>
    <extensions>
     <ql:flags>2147483656</ql:flags>
    </extensions>
   </trkpt>
   <trkpt lat="50.98184109" lon="13.73434782">
    <ele>288</ele>
    <extensions>
     <ql:flags>2147483656</ql:flags>
    </extensions>
   </trkpt>
   <trkpt lat="50.98186255" lon="13.73454094">
    <ele>287</ele>
    <extensions>
     <ql:flags>2147483656</ql:flags>
    </extensions>
   </trkpt>
   <trkpt lat="50.98190587" lon="13.73484005">
    <ele>286</ele>
    <extensions>
     <ql:flags>2147483648</ql:flags>
    </extensions>
   </trkpt>
   <trkpt lat="50.98184109" lon="13.73497009">
    <ele>285</ele>
    <extensions>
     <ql:flags>2147483656</ql:flags>
    </extensions>
   </trkpt>
   <trkpt lat="50.98177634" lon="13.73526786">
    <ele>283</ele>
    <extensions>
     <ql:flags>2147483648</ql:flags>
    </extensions>
   </trkpt>
   <trkpt lat="50.98173380" lon="13.73539925">
    <ele>282</ele>
    <extensions>
     <ql:flags>2147483656</ql:flags>
    </extensions>
   </trkpt>
   <trkpt lat="50.98151922" lon="13.73565674">
    <ele>278</ele>
    <extensions>
     <ql:flags>2147483656</ql:flags>
    </extensions>
   </trkpt>
   <trkpt lat="50.98070542" lon="13.73640646">
    <ele>266</ele>
    <extensions>
     <ql:flags>2147483648</ql:flags>
    </extensions>
   </trkpt>
   <trkpt lat="50.98018885" lon="13.73458385">
    <ele>269</ele>
    <extensions>
     <ql:flags>2147483656</ql:flags>
    </extensions>
   </trkpt>
   <trkpt lat="50.97911596" lon="13.73533487">
    <ele>264</ele>
    <extensions>
     <ql:flags>2147483656</ql:flags>
    </extensions>
   </trkpt>
   <trkpt lat="50.97900867" lon="13.73537779">
    <ele>264</ele>
    <extensions>
     <ql:flags>2147483656</ql:flags>
    </extensions>
   </trkpt>
   <trkpt lat="50.97905159" lon="13.73580694">
    <ele>264</ele>
    <extensions>
     <ql:flags>2147483656</ql:flags>
    </extensions>
   </trkpt>
   <trkpt lat="50.97898722" lon="13.73660088">
    <ele>266</ele>
    <extensions>
     <ql:flags>2147483656</ql:flags>
    </extensions>
   </trkpt>
   <trkpt lat="50.97909451" lon="13.73713732">
    <ele>266</ele>
    <extensions>
     <ql:flags>2147483656</ql:flags>
    </extensions>
   </trkpt>
   <trkpt lat="50.97924471" lon="13.73763084">
    <ele>266</ele>
    <extensions>
     <ql:flags>2147483656</ql:flags>
    </extensions>
   </trkpt>
   <trkpt lat="50.97952366" lon="13.73821020">
    <ele>266</ele>
    <extensions>
     <ql:flags>2147483656</ql:flags>
    </extensions>
   </trkpt>
   <trkpt lat="50.97990990" lon="13.73863935">
    <ele>266</ele>
    <extensions>
     <ql:flags>2147483656</ql:flags>
    </extensions>
   </trkpt>
   <trkpt lat="50.98036051" lon="13.73921871">
    <ele>267</ele>
    <extensions>
     <ql:flags>2147483656</ql:flags>
    </extensions>
   </trkpt>
   <trkpt lat="50.98048925" lon="13.73936892">
    <ele>267</ele>
    <extensions>
     <ql:flags>2147483656</ql:flags>
    </extensions>
   </trkpt>
   <trkpt lat="50.98115444" lon="13.73962641">
    <ele>266</ele>
    <extensions>
     <ql:flags>2147483656</ql:flags>
    </extensions>
   </trkpt>
   <trkpt lat="50.98119736" lon="13.73966932">
    <ele>267</ele>
    <extensions>
     <ql:flags>2147483656</ql:flags>
    </extensions>
   </trkpt>
   <trkpt lat="50.98147631" lon="13.74001265">
    <ele>266</ele>
    <extensions>
     <ql:flags>2147483656</ql:flags>
    </extensions>
   </trkpt>
   <trkpt lat="50.98164797" lon="13.74037743">
    <ele>266</ele>
    <extensions>
     <ql:flags>2147483656</ql:flags>
    </extensions>
   </trkpt>
   <trkpt lat="50.98171234" lon="13.74059200">
    <ele>264</ele>
    <extensions>
     <ql:flags>2147483656</ql:flags>
    </extensions>
   </trkpt>
   <trkpt lat="50.98173317" lon="13.74078248">
    <ele>264</ele>
    <extensions>
     <ql:flags>2147483648</ql:flags>
    </extensions>
   </trkpt>
   <trkpt lat="50.98183983" lon="13.74125187">
    <ele>261</ele>
    <extensions>
     <ql:flags>2147483648</ql:flags>
    </extensions>
   </trkpt>
   <trkpt lat="50.98186269" lon="13.74136586">
    <ele>260</ele>
    <extensions>
     <ql:flags>2147483648</ql:flags>
    </extensions>
   </trkpt>
   <trkpt lat="50.98190502" lon="13.74153216">
    <ele>259</ele>
    <extensions>
     <ql:flags>2147483648</ql:flags>
    </extensions>
   </trkpt>
   <trkpt lat="50.98194735" lon="13.74170650">
    <ele>257</ele>
    <extensions>
     <ql:flags>2147483648</ql:flags>
    </extensions>
   </trkpt>
   <trkpt lat="50.98203421" lon="13.74202967">
    <ele>255</ele>
    <extensions>
     <ql:flags>2147483656</ql:flags>
    </extensions>
   </trkpt>
   <trkpt lat="50.98222733" lon="13.74241590">
    <ele>255</ele>
    <extensions>
     <ql:flags>2147483656</ql:flags>
    </extensions>
   </trkpt>
   <trkpt lat="50.98244190" lon="13.74256611">
    <ele>254</ele>
    <extensions>
     <ql:flags>2147483656</ql:flags>
    </extensions>
   </trkpt>
   <trkpt lat="50.98269317" lon="13.74260772">
    <ele>252</ele>
    <extensions>
     <ql:flags>2147483648</ql:flags>
    </extensions>
   </trkpt>
   <trkpt lat="50.98278522" lon="13.74273777">
    <ele>251</ele>
    <extensions>
     <ql:flags>2147483656</ql:flags>
    </extensions>
   </trkpt>
   <trkpt lat="50.98291496" lon="13.74290545">
    <ele>249</ele>
    <extensions>
     <ql:flags>2147483648</ql:flags>
    </extensions>
   </trkpt>
   <trkpt lat="50.98287106" lon="13.74308109">
    <ele>251</ele>
    <extensions>
     <ql:flags>2147483656</ql:flags>
    </extensions>
   </trkpt>
   <trkpt lat="50.98289251" lon="13.74314547">
    <ele>251</ele>
    <extensions>
     <ql:flags>2147483656</ql:flags>
    </extensions>
   </trkpt>
   <trkpt lat="50.98299980" lon="13.74338150">
    <ele>252</ele>
    <extensions>
     <ql:flags>2147483656</ql:flags>
    </extensions>
   </trkpt>
   <trkpt lat="50.98299980" lon="13.74351025">
    <ele>253</ele>
    <extensions>
     <ql:flags>2147483656</ql:flags>
    </extensions>
   </trkpt>
   <trkpt lat="50.98291397" lon="13.74374628">
    <ele>256</ele>
    <extensions>
     <ql:flags>2147483656</ql:flags>
    </extensions>
   </trkpt>
   <trkpt lat="50.98291397" lon="13.74385357">
    <ele>257</ele>
    <extensions>
     <ql:flags>2147483656</ql:flags>
    </extensions>
   </trkpt>
   <trkpt lat="50.98308563" lon="13.74404669">
    <ele>258</ele>
    <extensions>
     <ql:flags>2147483656</ql:flags>
    </extensions>
   </trkpt>
   <trkpt lat="50.98340750" lon="13.74458313">
    <ele>260</ele>
    <extensions>
     <ql:flags>2147483656</ql:flags>
    </extensions>
   </trkpt>
   <trkpt lat="50.98355770" lon="13.74514103">
    <ele>262</ele>
    <extensions>
     <ql:flags>2147483656</ql:flags>
    </extensions>
   </trkpt>
   <trkpt lat="50.98360062" lon="13.74563456">
    <ele>264</ele>
    <extensions>
     <ql:flags>2147483656</ql:flags>
    </extensions>
   </trkpt>
   <trkpt lat="50.98368645" lon="13.74617100">
    <ele>265</ele>
    <extensions>
     <ql:flags>2147483656</ql:flags>
    </extensions>
   </trkpt>
   <trkpt lat="50.98394394" lon="13.74705076">
    <ele>264</ele>
    <extensions>
     <ql:flags>2147483656</ql:flags>
    </extensions>
   </trkpt>
   <trkpt lat="50.98405123" lon="13.74784470">
    <ele>267</ele>
    <extensions>
     <ql:flags>2147483656</ql:flags>
    </extensions>
   </trkpt>
   <trkpt lat="50.98430872" lon="13.74846697">
    <ele>268</ele>
    <extensions>
     <ql:flags>2147483656</ql:flags>
    </extensions>
   </trkpt>
   <trkpt lat="50.98450184" lon="13.74908924">
    <ele>270</ele>
    <extensions>
     <ql:flags>2147483656</ql:flags>
    </extensions>
   </trkpt>
   <trkpt lat="50.98475702" lon="13.75027080">
    <ele>266</ele>
    <extensions>
     <ql:flags>2147483648</ql:flags>
    </extensions>
   </trkpt>
   <trkpt lat="50.98480225" lon="13.75102043">
    <ele>265</ele>
    <extensions>
     <ql:flags>2147483656</ql:flags>
    </extensions>
   </trkpt>
   <trkpt lat="50.98475956" lon="13.75149254">
    <ele>265</ele>
    <extensions>
     <ql:flags>2147483648</ql:flags>
    </extensions>
   </trkpt>
   <trkpt lat="50.98471642" lon="13.75181437">
    <ele>265</ele>
    <extensions>
     <ql:flags>2147483656</ql:flags>
    </extensions>
   </trkpt>
   <trkpt lat="50.98469496" lon="13.75224352">
    <ele>264</ele>
    <extensions>
     <ql:flags>2147483656</ql:flags>
    </extensions>
   </trkpt>
   <trkpt lat="50.98467350" lon="13.75241518">
    <ele>264</ele>
    <extensions>
     <ql:flags>2147483656</ql:flags>
    </extensions>
   </trkpt>
   <trkpt lat="50.98456621" lon="13.75293016">
    <ele>263</ele>
    <extensions>
     <ql:flags>2147483656</ql:flags>
    </extensions>
   </trkpt>
   <trkpt lat="50.98452330" lon="13.75303745">
    <ele>263</ele>
    <extensions>
     <ql:flags>2147483656</ql:flags>
    </extensions>
   </trkpt>
   <trkpt lat="50.98446074" lon="13.75314210">
    <ele>264</ele>
    <extensions>
     <ql:flags>2147483648</ql:flags>
    </extensions>
   </trkpt>
   <trkpt lat="50.98486662" lon="13.75338078">
    <ele>256</ele>
    <extensions>
     <ql:flags>2147483656</ql:flags>
    </extensions>
   </trkpt>
   <trkpt lat="50.98508120" lon="13.75350952">
    <ele>251</ele>
    <extensions>
     <ql:flags>2147483656</ql:flags>
    </extensions>
   </trkpt>
   <trkpt lat="50.98561764" lon="13.75380993">
    <ele>240</ele>
    <extensions>
     <ql:flags>2147483656</ql:flags>
    </extensions>
   </trkpt>
   <trkpt lat="50.98583221" lon="13.75385284">
    <ele>237</ele>
    <extensions>
     <ql:flags>2147483656</ql:flags>
    </extensions>
   </trkpt>
   <trkpt lat="50.98602533" lon="13.75398159">
    <ele>235</ele>
    <extensions>
     <ql:flags>2147483656</ql:flags>
    </extensions>
   </trkpt>
   <trkpt lat="50.98602533" lon="13.75413179">
    <ele>234</ele>
    <extensions>
     <ql:flags>2147483656</ql:flags>
    </extensions>
   </trkpt>
   <trkpt lat="50.98604625" lon="13.75415061">
    <ele>233</ele>
    <extensions>
     <ql:flags>2147483648</ql:flags>
    </extensions>
   </trkpt>
   <trkpt lat="50.98628411" lon="13.75432227">
    <ele>230</ele>
    <extensions>
     <ql:flags>2147483648</ql:flags>
    </extensions>
   </trkpt>
   <trkpt lat="50.98641278" lon="13.75443358">
    <ele>228</ele>
    <extensions>
     <ql:flags>2147483648</ql:flags>
    </extensions>
   </trkpt>
   <trkpt lat="50.98641157" lon="13.75428200">
    <ele>229</ele>
    <extensions>
     <ql:flags>2147483656</ql:flags>
    </extensions>
   </trkpt>
   <trkpt lat="50.98645449" lon="13.75426054">
    <ele>228</ele>
    <extensions>
     <ql:flags>2147483656</ql:flags>
    </extensions>
   </trkpt>
   <trkpt lat="50.98660469" lon="13.75428200">
    <ele>227</ele>
    <extensions>
     <ql:flags>2147483656</ql:flags>
    </extensions>
   </trkpt>
   <trkpt lat="50.98671198" lon="13.75475407">
    <ele>224</ele>
    <extensions>
     <ql:flags>2147483656</ql:flags>
    </extensions>
   </trkpt>
   <trkpt lat="50.98711967" lon="13.75556946">
    <ele>222</ele>
    <extensions>
     <ql:flags>2147483656</ql:flags>
    </extensions>
   </trkpt>
   <trkpt lat="50.98724842" lon="13.75567675">
    <ele>224</ele>
    <extensions>
     <ql:flags>2147483656</ql:flags>
    </extensions>
   </trkpt>
   <trkpt lat="50.98767757" lon="13.75565529">
    <ele>229</ele>
    <extensions>
     <ql:flags>2147483656</ql:flags>
    </extensions>
   </trkpt>
   <trkpt lat="50.98799944" lon="13.75565529">
    <ele>233</ele>
    <extensions>
     <ql:flags>2147483656</ql:flags>
    </extensions>
   </trkpt>
   <trkpt lat="50.98810673" lon="13.75578403">
    <ele>234</ele>
    <extensions>
     <ql:flags>2147483656</ql:flags>
    </extensions>
   </trkpt>
   <trkpt lat="50.98840714" lon="13.75687838">
    <ele>234</ele>
    <extensions>
     <ql:flags>2147483656</ql:flags>
    </extensions>
   </trkpt>
   <trkpt lat="50.98849297" lon="13.75730753">
    <ele>234</ele>
    <extensions>
     <ql:flags>2147483656</ql:flags>
    </extensions>
   </trkpt>
   <trkpt lat="50.98872900" lon="13.75790834">
    <ele>238</ele>
    <extensions>
     <ql:flags>2147483656</ql:flags>
    </extensions>
   </trkpt>
   <trkpt lat="50.98881483" lon="13.75820875">
    <ele>237</ele>
    <extensions>
     <ql:flags>2147483656</ql:flags>
    </extensions>
   </trkpt>
   <trkpt lat="50.98883629" lon="13.75833750">
    <ele>237</ele>
    <extensions>
     <ql:flags>2147483656</ql:flags>
    </extensions>
   </trkpt>
   <trkpt lat="50.98885775" lon="13.75840187">
    <ele>237</ele>
    <extensions>
     <ql:flags>2147483656</ql:flags>
    </extensions>
   </trkpt>
   <trkpt lat="50.98889630" lon="13.75842069">
    <ele>237</ele>
    <extensions>
     <ql:flags>2147483648</ql:flags>
    </extensions>
   </trkpt>
   <trkpt lat="50.98879337" lon="13.75850916">
    <ele>237</ele>
    <extensions>
     <ql:flags>2147483656</ql:flags>
    </extensions>
   </trkpt>
   <trkpt lat="50.98865930" lon="13.75871171">
    <ele>234</ele>
    <extensions>
     <ql:flags>2147483648</ql:flags>
    </extensions>
   </trkpt>
   <trkpt lat="50.98851442" lon="13.75898123">
    <ele>230</ele>
    <extensions>
     <ql:flags>2147483656</ql:flags>
    </extensions>
   </trkpt>
   <trkpt lat="50.98849297" lon="13.75913143">
    <ele>229</ele>
    <extensions>
     <ql:flags>2147483656</ql:flags>
    </extensions>
   </trkpt>
   <trkpt lat="50.98851442" lon="13.75981808">
    <ele>225</ele>
    <extensions>
     <ql:flags>2147483656</ql:flags>
    </extensions>
   </trkpt>
   <trkpt lat="50.98853588" lon="13.76041889">
    <ele>220</ele>
    <extensions>
     <ql:flags>2147483656</ql:flags>
    </extensions>
   </trkpt>
   <trkpt lat="50.98853588" lon="13.76067638">
    <ele>219</ele>
    <extensions>
     <ql:flags>2147483656</ql:flags>
    </extensions>
   </trkpt>
   <trkpt lat="50.98860025" lon="13.76121283">
    <ele>218</ele>
    <extensions>
     <ql:flags>2147483656</ql:flags>
    </extensions>
   </trkpt>
   <trkpt lat="50.98866463" lon="13.76140594">
    <ele>219</ele>
    <extensions>
     <ql:flags>2147483656</ql:flags>
    </extensions>
   </trkpt>
   <trkpt lat="50.98870754" lon="13.76142740">
    <ele>220</ele>
    <extensions>
     <ql:flags>2147483656</ql:flags>
    </extensions>
   </trkpt>
   <trkpt lat="50.98885398" lon="13.76143281">
    <ele>222</ele>
    <extensions>
     <ql:flags>2147483648</ql:flags>
    </extensions>
   </trkpt>
   <trkpt lat="50.98967079" lon="13.76138453">
    <ele>233</ele>
    <extensions>
     <ql:flags>2147483648</ql:flags>
    </extensions>
   </trkpt>
   <trkpt lat="50.98967314" lon="13.76138449">
    <ele>233</ele>
    <extensions>
     <ql:flags>2147483656</ql:flags>
    </extensions>
   </trkpt>
   <trkpt lat="50.98977997" lon="13.76230855">
    <ele>231</ele>
    <extensions>
     <ql:flags>2147483648</ql:flags>
    </extensions>
   </trkpt>
   <trkpt lat="50.98982399" lon="13.76275782">
    <ele>229</ele>
    <extensions>
     <ql:flags>2147483648</ql:flags>
    </extensions>
   </trkpt>
   <trkpt lat="50.98930836" lon="13.76292944">
    <ele>227</ele>
    <extensions>
     <ql:flags>2147483656</ql:flags>
    </extensions>
   </trkpt>
   <trkpt lat="50.98866463" lon="13.76290798">
    <ele>218</ele>
    <extensions>
     <ql:flags>2147483656</ql:flags>
    </extensions>
   </trkpt>
   <trkpt lat="50.98855734" lon="13.76288652">
    <ele>216</ele>
    <extensions>
     <ql:flags>2147483656</ql:flags>
    </extensions>
   </trkpt>
   <trkpt lat="50.98851442" lon="13.76286507">
    <ele>215</ele>
    <extensions>
     <ql:flags>2147483656</ql:flags>
    </extensions>
   </trkpt>
   <trkpt lat="50.98851540" lon="13.76286243">
    <ele>215</ele>
    <extensions>
     <ql:flags>2147483648</ql:flags>
    </extensions>
   </trkpt>
   <trkpt lat="50.98838568" lon="13.76327276">
    <ele>211</ele>
    <extensions>
     <ql:flags>2147483656</ql:flags>
    </extensions>
   </trkpt>
   <trkpt lat="50.98810673" lon="13.76501083">
    <ele>204</ele>
    <extensions>
     <ql:flags>2147483656</ql:flags>
    </extensions>
   </trkpt>
   <trkpt lat="50.98806381" lon="13.76546144">
    <ele>203</ele>
    <extensions>
     <ql:flags>2147483656</ql:flags>
    </extensions>
   </trkpt>
   <trkpt lat="50.98812819" lon="13.76644850">
    <ele>200</ele>
    <extensions>
     <ql:flags>2147483656</ql:flags>
    </extensions>
   </trkpt>
   <trkpt lat="50.98812819" lon="13.76696348">
    <ele>200</ele>
    <extensions>
     <ql:flags>2147483656</ql:flags>
    </extensions>
   </trkpt>
   <trkpt lat="50.98817110" lon="13.76724243">
    <ele>199</ele>
    <extensions>
     <ql:flags>2147483656</ql:flags>
    </extensions>
   </trkpt>
   <trkpt lat="50.98819290" lon="13.76745303">
    <ele>198</ele>
    <extensions>
     <ql:flags>2147483648</ql:flags>
    </extensions>
   </trkpt>
   <trkpt lat="50.98825693" lon="13.76782179">
    <ele>196</ele>
    <extensions>
     <ql:flags>2147483656</ql:flags>
    </extensions>
   </trkpt>
   <trkpt lat="50.98842859" lon="13.76979589">
    <ele>189</ele>
    <extensions>
     <ql:flags>2147483656</ql:flags>
    </extensions>
   </trkpt>
   <trkpt lat="50.98845005" lon="13.77131939">
    <ele>188</ele>
    <extensions>
     <ql:flags>2147483656</ql:flags>
    </extensions>
   </trkpt>
   <trkpt lat="50.98853656" lon="13.77240841">
    <ele>185</ele>
    <extensions>
     <ql:flags>2147483648</ql:flags>
    </extensions>
   </trkpt>
   <trkpt lat="50.98853588" lon="13.77241373">
    <ele>185</ele>
    <extensions>
     <ql:flags>2147483656</ql:flags>
    </extensions>
   </trkpt>
   <trkpt lat="50.98866463" lon="13.77320766">
    <ele>180</ele>
    <extensions>
     <ql:flags>2147483656</ql:flags>
    </extensions>
   </trkpt>
   <trkpt lat="50.98868608" lon="13.77359390">
    <ele>178</ele>
    <extensions>
     <ql:flags>2147483656</ql:flags>
    </extensions>
   </trkpt>
   <trkpt lat="50.98868608" lon="13.77380848">
    <ele>177</ele>
    <extensions>
     <ql:flags>2147483656</ql:flags>
    </extensions>
   </trkpt>
   <trkpt lat="50.98877192" lon="13.77400160">
    <ele>175</ele>
    <extensions>
     <ql:flags>2147483656</ql:flags>
    </extensions>
   </trkpt>
   <trkpt lat="50.98896503" lon="13.77425909">
    <ele>177</ele>
    <extensions>
     <ql:flags>2147483656</ql:flags>
    </extensions>
   </trkpt>
   <trkpt lat="50.98909378" lon="13.77458096">
    <ele>177</ele>
    <extensions>
     <ql:flags>2147483656</ql:flags>
    </extensions>
   </trkpt>
   <trkpt lat="50.98922253" lon="13.77481699">
    <ele>178</ele>
    <extensions>
     <ql:flags>2147483656</ql:flags>
    </extensions>
   </trkpt>
   <trkpt lat="50.98935127" lon="13.77509594">
    <ele>177</ele>
    <extensions>
     <ql:flags>2147483656</ql:flags>
    </extensions>
   </trkpt>
   <trkpt lat="50.98950148" lon="13.77533197">
    <ele>176</ele>
    <extensions>
     <ql:flags>2147483656</ql:flags>
    </extensions>
   </trkpt>
   <trkpt lat="50.99010229" lon="13.77595425">
    <ele>177</ele>
    <extensions>
     <ql:flags>2147483656</ql:flags>
    </extensions>
   </trkpt>
   <trkpt lat="50.99033692" lon="13.77625201">
    <ele>176</ele>
    <extensions>
     <ql:flags>2147483648</ql:flags>
    </extensions>
   </trkpt>
   <trkpt lat="50.99033833" lon="13.77625465">
    <ele>176</ele>
    <extensions>
     <ql:flags>2147483656</ql:flags>
    </extensions>
   </trkpt>
   <trkpt lat="50.99042416" lon="13.77644777">
    <ele>175</ele>
    <extensions>
     <ql:flags>2147483656</ql:flags>
    </extensions>
   </trkpt>
   <trkpt lat="50.99050999" lon="13.77670527">
    <ele>175</ele>
    <extensions>
     <ql:flags>2147483656</ql:flags>
    </extensions>
   </trkpt>
   <trkpt lat="50.99050999" lon="13.77683401">
    <ele>174</ele>
    <extensions>
     <ql:flags>2147483656</ql:flags>
    </extensions>
   </trkpt>
   <trkpt lat="50.99046707" lon="13.77741337">
    <ele>175</ele>
    <extensions>
     <ql:flags>2147483656</ql:flags>
    </extensions>
   </trkpt>
   <trkpt lat="50.99050999" lon="13.77756357">
    <ele>175</ele>
    <extensions>
     <ql:flags>2147483656</ql:flags>
    </extensions>
   </trkpt>
   <trkpt lat="50.99053159" lon="13.77809469">
    <ele>177</ele>
    <extensions>
     <ql:flags>2147483648</ql:flags>
    </extensions>
   </trkpt>
   <trkpt lat="50.99055290" lon="13.77814293">
    <ele>177</ele>
    <extensions>
     <ql:flags>2147483656</ql:flags>
    </extensions>
   </trkpt>
   <trkpt lat="50.99072456" lon="13.77846479">
    <ele>177</ele>
    <extensions>
     <ql:flags>2147483656</ql:flags>
    </extensions>
   </trkpt>
   <trkpt lat="50.99110884" lon="13.77910588">
    <ele>175</ele>
    <extensions>
     <ql:flags>2147483648</ql:flags>
    </extensions>
   </trkpt>
   <trkpt lat="50.99115372" lon="13.77921581">
    <ele>175</ele>
    <extensions>
     <ql:flags>2147483656</ql:flags>
    </extensions>
   </trkpt>
   <trkpt lat="50.99117517" lon="13.77928019">
    <ele>175</ele>
    <extensions>
     <ql:flags>2147483656</ql:flags>
    </extensions>
   </trkpt>
   <trkpt lat="50.99117517" lon="13.77932310">
    <ele>175</ele>
    <extensions>
     <ql:flags>2147483656</ql:flags>
    </extensions>
   </trkpt>
   <trkpt lat="50.99117517" lon="13.77936602">
    <ele>175</ele>
    <extensions>
     <ql:flags>2147483656</ql:flags>
    </extensions>
   </trkpt>
   <trkpt lat="50.99115372" lon="13.77943039">
    <ele>175</ele>
    <extensions>
     <ql:flags>2147483656</ql:flags>
    </extensions>
   </trkpt>
   <trkpt lat="50.99113423" lon="13.77947066">
    <ele>176</ele>
    <extensions>
     <ql:flags>2147483648</ql:flags>
    </extensions>
   </trkpt>
   <trkpt lat="50.99119856" lon="13.77957929">
    <ele>175</ele>
    <extensions>
     <ql:flags>2147483648</ql:flags>
    </extensions>
   </trkpt>
   <trkpt lat="50.99145412" lon="13.77977371">
    <ele>175</ele>
    <extensions>
     <ql:flags>2147483656</ql:flags>
    </extensions>
   </trkpt>
   <trkpt lat="50.99160433" lon="13.77985954">
    <ele>174</ele>
    <extensions>
     <ql:flags>2147483656</ql:flags>
    </extensions>
   </trkpt>
   <trkpt lat="50.99199057" lon="13.77985954">
    <ele>172</ele>
    <extensions>
     <ql:flags>2147483656</ql:flags>
    </extensions>
   </trkpt>
   <trkpt lat="50.99205510" lon="13.77983679">
    <ele>172</ele>
    <extensions>
     <ql:flags>2147483648</ql:flags>
    </extensions>
   </trkpt>
   <trkpt lat="50.99209827" lon="13.78009696">
    <ele>174</ele>
    <extensions>
     <ql:flags>2147483648</ql:flags>
    </extensions>
   </trkpt>
   <trkpt lat="50.99220514" lon="13.78022432">
    <ele>174</ele>
    <extensions>
     <ql:flags>2147483656</ql:flags>
    </extensions>
   </trkpt>
   <trkpt lat="50.99237680" lon="13.78039598">
    <ele>175</ele>
    <extensions>
     <ql:flags>2147483656</ql:flags>
    </extensions>
   </trkpt>
   <trkpt lat="50.99252701" lon="13.78043890">
    <ele>174</ele>
    <extensions>
     <ql:flags>2147483656</ql:flags>
    </extensions>
   </trkpt>
   <trkpt lat="50.99259138" lon="13.78050327">
    <ele>174</ele>
    <extensions>
     <ql:flags>2147483656</ql:flags>
    </extensions>
   </trkpt>
   <trkpt lat="50.99267721" lon="13.78065348">
    <ele>175</ele>
    <extensions>
     <ql:flags>2147483656</ql:flags>
    </extensions>
   </trkpt>
   <trkpt lat="50.99269867" lon="13.78078222">
    <ele>175</ele>
    <extensions>
     <ql:flags>2147483656</ql:flags>
    </extensions>
   </trkpt>
   <trkpt lat="50.99272013" lon="13.78134012">
    <ele>176</ele>
    <extensions>
     <ql:flags>2147483656</ql:flags>
    </extensions>
   </trkpt>
   <trkpt lat="50.99274158" lon="13.78198385">
    <ele>174</ele>
    <extensions>
     <ql:flags>2147483656</ql:flags>
    </extensions>
   </trkpt>
   <trkpt lat="50.99276304" lon="13.78209114">
    <ele>173</ele>
    <extensions>
     <ql:flags>2147483656</ql:flags>
    </extensions>
   </trkpt>
   <trkpt lat="50.99278450" lon="13.78219843">
    <ele>173</ele>
    <extensions>
     <ql:flags>2147483656</ql:flags>
    </extensions>
   </trkpt>
   <trkpt lat="50.99282742" lon="13.78230572">
    <ele>172</ele>
    <extensions>
     <ql:flags>2147483656</ql:flags>
    </extensions>
   </trkpt>
   <trkpt lat="50.99282742" lon="13.78239155">
    <ele>171</ele>
    <extensions>
     <ql:flags>2147483656</ql:flags>
    </extensions>
   </trkpt>
   <trkpt lat="50.99282742" lon="13.78243446">
    <ele>171</ele>
    <extensions>
     <ql:flags>2147483656</ql:flags>
    </extensions>
   </trkpt>
   <trkpt lat="50.99278450" lon="13.78299236">
    <ele>167</ele>
    <extensions>
     <ql:flags>2147483656</ql:flags>
    </extensions>
   </trkpt>
   <trkpt lat="50.99272013" lon="13.78340006">
    <ele>165</ele>
    <extensions>
     <ql:flags>2147483656</ql:flags>
    </extensions>
   </trkpt>
   <trkpt lat="50.99259138" lon="13.78378630">
    <ele>165</ele>
    <extensions>
     <ql:flags>2147483656</ql:flags>
    </extensions>
   </trkpt>
   <trkpt lat="50.99256992" lon="13.78389359">
    <ele>165</ele>
    <extensions>
     <ql:flags>2147483656</ql:flags>
    </extensions>
   </trkpt>
   <trkpt lat="50.99254847" lon="13.78412962">
    <ele>164</ele>
    <extensions>
     <ql:flags>2147483656</ql:flags>
    </extensions>
   </trkpt>
   <trkpt lat="50.99250555" lon="13.78421545">
    <ele>164</ele>
    <extensions>
     <ql:flags>2147483656</ql:flags>
    </extensions>
   </trkpt>
   <trkpt lat="50.99250555" lon="13.78430128">
    <ele>164</ele>
    <extensions>
     <ql:flags>2147483656</ql:flags>
    </extensions>
   </trkpt>
   <trkpt lat="50.99254847" lon="13.78443003">
    <ele>163</ele>
    <extensions>
     <ql:flags>2147483656</ql:flags>
    </extensions>
   </trkpt>
   <trkpt lat="50.99256992" lon="13.78453732">
    <ele>162</ele>
    <extensions>
     <ql:flags>2147483656</ql:flags>
    </extensions>
   </trkpt>
   <trkpt lat="50.99256992" lon="13.78466606">
    <ele>162</ele>
    <extensions>
     <ql:flags>2147483656</ql:flags>
    </extensions>
   </trkpt>
   <trkpt lat="50.99254847" lon="13.78503084">
    <ele>161</ele>
    <extensions>
     <ql:flags>2147483656</ql:flags>
    </extensions>
   </trkpt>
   <trkpt lat="50.99276304" lon="13.78601789">
    <ele>159</ele>
    <extensions>
     <ql:flags>2147483656</ql:flags>
    </extensions>
   </trkpt>
   <trkpt lat="50.99319009" lon="13.78687490">
    <ele>158</ele>
    <extensions>
     <ql:flags>2147483648</ql:flags>
    </extensions>
   </trkpt>
   <trkpt lat="50.99319220" lon="13.78687620">
    <ele>158</ele>
    <extensions>
     <ql:flags>2147483656</ql:flags>
    </extensions>
   </trkpt>
   <trkpt lat="50.99323511" lon="13.78689766">
    <ele>158</ele>
    <extensions>
     <ql:flags>2147483656</ql:flags>
    </extensions>
   </trkpt>
   <trkpt lat="50.99334159" lon="13.78691514">
    <ele>158</ele>
    <extensions>
     <ql:flags>2147483648</ql:flags>
    </extensions>
   </trkpt>
   <trkpt lat="50.99349260" lon="13.78698349">
    <ele>157</ele>
    <extensions>
     <ql:flags>2147483656</ql:flags>
    </extensions>
   </trkpt>
   <trkpt lat="50.99359989" lon="13.78709078">
    <ele>157</ele>
    <extensions>
     <ql:flags>2147483656</ql:flags>
    </extensions>
   </trkpt>
   <trkpt lat="50.99385738" lon="13.78706932">
    <ele>156</ele>
    <extensions>
     <ql:flags>2147483656</ql:flags>
    </extensions>
   </trkpt>
   <trkpt lat="50.99404406" lon="13.78716860">
    <ele>155</ele>
    <extensions>
     <ql:flags>2147483648</ql:flags>
    </extensions>
   </trkpt>
  </trkseg>
  <trkseg>
   <trkpt lat="50.99404744" lon="13.78716726">
    <ele>155</ele>
    <extensions>
     <ql:flags>2147483648</ql:flags>
    </extensions>
   </trkpt>
   <trkpt lat="50.99424362" lon="13.78726244">
    <ele>155</ele>
    <extensions>
     <ql:flags>2147483656</ql:flags>
    </extensions>
   </trkpt>
   <trkpt lat="50.99437237" lon="13.78732681">
    <ele>154</ele>
    <extensions>
     <ql:flags>2147483656</ql:flags>
    </extensions>
   </trkpt>
   <trkpt lat="50.99452257" lon="13.78754139">
    <ele>154</ele>
    <extensions>
     <ql:flags>2147483656</ql:flags>
    </extensions>
   </trkpt>
   <trkpt lat="50.99484444" lon="13.78812075">
    <ele>153</ele>
    <extensions>
     <ql:flags>2147483656</ql:flags>
    </extensions>
   </trkpt>
   <trkpt lat="50.99493027" lon="13.78831387">
    <ele>152</ele>
    <extensions>
     <ql:flags>2147483656</ql:flags>
    </extensions>
   </trkpt>
   <trkpt lat="50.99497249" lon="13.78852044">
    <ele>152</ele>
    <extensions>
     <ql:flags>2147483648</ql:flags>
    </extensions>
   </trkpt>
   <trkpt lat="50.99497318" lon="13.78852844">
    <ele>152</ele>
    <extensions>
     <ql:flags>2147483656</ql:flags>
    </extensions>
   </trkpt>
   <trkpt lat="50.99508047" lon="13.78857136">
    <ele>152</ele>
    <extensions>
     <ql:flags>2147483656</ql:flags>
    </extensions>
   </trkpt>
   <trkpt lat="50.99516630" lon="13.78857136">
    <ele>151</ele>
    <extensions>
     <ql:flags>2147483656</ql:flags>
    </extensions>
   </trkpt>
   <trkpt lat="50.99565463" lon="13.78857140">
    <ele>151</ele>
    <extensions>
     <ql:flags>2147483648</ql:flags>
    </extensions>
   </trkpt>
   <trkpt lat="50.99563837" lon="13.78878593">
    <ele>151</ele>
    <extensions>
     <ql:flags>2147483656</ql:flags>
    </extensions>
   </trkpt>
   <trkpt lat="50.99555254" lon="13.78949404">
    <ele>149</ele>
    <extensions>
     <ql:flags>2147483656</ql:flags>
    </extensions>
   </trkpt>
   <trkpt lat="50.99542379" lon="13.79022360">
    <ele>148</ele>
    <extensions>
     <ql:flags>2147483656</ql:flags>
    </extensions>
   </trkpt>
   <trkpt lat="50.99529505" lon="13.79071712">
    <ele>148</ele>
    <extensions>
     <ql:flags>2147483656</ql:flags>
    </extensions>
   </trkpt>
   <trkpt lat="50.99520777" lon="13.79120935">
    <ele>147</ele>
    <extensions>
     <ql:flags>2147483648</ql:flags>
    </extensions>
   </trkpt>
   <trkpt lat="50.99514484" lon="13.79146814">
    <ele>147</ele>
    <extensions>
     <ql:flags>2147483656</ql:flags>
    </extensions>
   </trkpt>
   <trkpt lat="50.99512339" lon="13.79163980">
    <ele>147</ele>
    <extensions>
     <ql:flags>2147483656</ql:flags>
    </extensions>
   </trkpt>
   <trkpt lat="50.99510193" lon="13.79179001">
    <ele>147</ele>
    <extensions>
     <ql:flags>2147483656</ql:flags>
    </extensions>
   </trkpt>
   <trkpt lat="50.99505901" lon="13.79185438">
    <ele>147</ele>
    <extensions>
     <ql:flags>2147483656</ql:flags>
    </extensions>
   </trkpt>
   <trkpt lat="50.99503756" lon="13.79189730">
    <ele>147</ele>
    <extensions>
     <ql:flags>2147483656</ql:flags>
    </extensions>
   </trkpt>
   <trkpt lat="50.99482438" lon="13.79217361">
    <ele>148</ele>
    <extensions>
     <ql:flags>2147483648</ql:flags>
    </extensions>
   </trkpt>
   <trkpt lat="50.99482298" lon="13.79217625">
    <ele>148</ele>
    <extensions>
     <ql:flags>2147483656</ql:flags>
    </extensions>
   </trkpt>
   <trkpt lat="50.99495173" lon="13.79249811">
    <ele>148</ele>
    <extensions>
     <ql:flags>2147483656</ql:flags>
    </extensions>
   </trkpt>
   <trkpt lat="50.99510193" lon="13.79292727">
    <ele>148</ele>
    <extensions>
     <ql:flags>2147483656</ql:flags>
    </extensions>
   </trkpt>
   <trkpt lat="50.99552937" lon="13.79376147">
    <ele>148</ele>
    <extensions>
     <ql:flags>2147483648</ql:flags>
    </extensions>
   </trkpt>
   <trkpt lat="50.99576712" lon="13.79410744">
    <ele>147</ele>
    <extensions>
     <ql:flags>2147483656</ql:flags>
    </extensions>
   </trkpt>
   <trkpt lat="50.99589586" lon="13.79419327">
    <ele>146</ele>
    <extensions>
     <ql:flags>2147483656</ql:flags>
    </extensions>
   </trkpt>
   <trkpt lat="50.99600315" lon="13.79423618">
    <ele>146</ele>
    <extensions>
     <ql:flags>2147483656</ql:flags>
    </extensions>
   </trkpt>
   <trkpt lat="50.99619457" lon="13.79448969">
    <ele>145</ele>
    <extensions>
     <ql:flags>2147483648</ql:flags>
    </extensions>
   </trkpt>
   <trkpt lat="50.99636793" lon="13.79457951">
    <ele>145</ele>
    <extensions>
     <ql:flags>2147483656</ql:flags>
    </extensions>
   </trkpt>
   <trkpt lat="50.99671125" lon="13.79453659">
    <ele>144</ele>
    <extensions>
     <ql:flags>2147483656</ql:flags>
    </extensions>
   </trkpt>
   <trkpt lat="50.99705458" lon="13.79470825">
    <ele>144</ele>
    <extensions>
     <ql:flags>2147483656</ql:flags>
    </extensions>
   </trkpt>
   <trkpt lat="50.99744081" lon="13.79509449">
    <ele>142</ele>
    <extensions>
     <ql:flags>2147483656</ql:flags>
    </extensions>
   </trkpt>
   <trkpt lat="50.99795580" lon="13.79550219">
    <ele>141</ele>
    <extensions>
     <ql:flags>2147483656</ql:flags>
    </extensions>
   </trkpt>
   <trkpt lat="50.99825621" lon="13.79569530">
    <ele>140</ele>
    <extensions>
     <ql:flags>2147483656</ql:flags>
    </extensions>
   </trkpt>
   <trkpt lat="50.99849224" lon="13.79588842">
    <ele>140</ele>
    <extensions>
     <ql:flags>2147483656</ql:flags>
    </extensions>
   </trkpt>
   <trkpt lat="50.99902868" lon="13.79640341">
    <ele>138</ele>
    <extensions>
     <ql:flags>2147483656</ql:flags>
    </extensions>
   </trkpt>
   <trkpt lat="50.99928617" lon="13.79653215">
    <ele>138</ele>
    <extensions>
     <ql:flags>2147483656</ql:flags>
    </extensions>
   </trkpt>
   <trkpt lat="50.99952221" lon="13.79683256">
    <ele>138</ele>
    <extensions>
     <ql:flags>2147483656</ql:flags>
    </extensions>
   </trkpt>
   <trkpt lat="50.99977685" lon="13.79698281">
    <ele>138</ele>
    <extensions>
     <ql:flags>2147483648</ql:flags>
    </extensions>
   </trkpt>
   <trkpt lat="50.99937201" lon="13.79773378">
    <ele>137</ele>
    <extensions>
     <ql:flags>2147483656</ql:flags>
    </extensions>
   </trkpt>
   <trkpt lat="50.99896431" lon="13.79831314">
    <ele>138</ele>
    <extensions>
     <ql:flags>2147483656</ql:flags>
    </extensions>
   </trkpt>
   <trkpt lat="50.99859953" lon="13.79899979">
    <ele>139</ele>
    <extensions>
     <ql:flags>2147483656</ql:flags>
    </extensions>
   </trkpt>
   <trkpt lat="50.99836530" lon="13.79906286">
    <ele>142</ele>
    <extensions>
     <ql:flags>2147483648</ql:flags>
    </extensions>
   </trkpt>
   <trkpt lat="50.99838495" lon="13.79917145">
    <ele>142</ele>
    <extensions>
     <ql:flags>2147483656</ql:flags>
    </extensions>
   </trkpt>
   <trkpt lat="50.99838645" lon="13.79927207">
    <ele>142</ele>
    <extensions>
     <ql:flags>2147483648</ql:flags>
    </extensions>
   </trkpt>
   <trkpt lat="50.99853516" lon="13.79923582">
    <ele>140</ele>
    <extensions>
     <ql:flags>2147483656</ql:flags>
    </extensions>
   </trkpt>
   <trkpt lat="50.99859953" lon="13.79930019">
    <ele>139</ele>
    <extensions>
     <ql:flags>2147483656</ql:flags>
    </extensions>
   </trkpt>
   <trkpt lat="50.99870682" lon="13.79942894">
    <ele>138</ele>
    <extensions>
     <ql:flags>2147483656</ql:flags>
    </extensions>
   </trkpt>
   <trkpt lat="50.99874612" lon="13.79947324">
    <ele>137</ele>
    <extensions>
     <ql:flags>2147483648</ql:flags>
    </extensions>
   </trkpt>
   <trkpt lat="50.99875035" lon="13.79955505">
    <ele>137</ele>
    <extensions>
     <ql:flags>2147483648</ql:flags>
    </extensions>
   </trkpt>
   <trkpt lat="50.99879265" lon="13.79953623">
    <ele>137</ele>
    <extensions>
     <ql:flags>2147483656</ql:flags>
    </extensions>
   </trkpt>
   <trkpt lat="50.99911508" lon="13.79887645">
    <ele>137</ele>
    <extensions>
     <ql:flags>2147483648</ql:flags>
    </extensions>
   </trkpt>
   <trkpt lat="50.99911451" lon="13.79887104">
    <ele>137</ele>
    <extensions>
     <ql:flags>2147483656</ql:flags>
    </extensions>
   </trkpt>
   <trkpt lat="50.99913597" lon="13.79889250">
    <ele>137</ele>
    <extensions>
     <ql:flags>2147483656</ql:flags>
    </extensions>
   </trkpt>
   <trkpt lat="50.99917686" lon="13.79895423">
    <ele>136</ele>
    <extensions>
     <ql:flags>2147483648</ql:flags>
    </extensions>
   </trkpt>
   <trkpt lat="50.99930634" lon="13.79870344">
    <ele>136</ele>
    <extensions>
     <ql:flags>2147483648</ql:flags>
    </extensions>
   </trkpt>
  </trkseg>
 </trk>
 <trk>
  <name>Track (Abstecher Babisnauer Pappel)</name>
  <extensions>
   <ql:key>91d91a8834aef6bdd0e97f79fd2b61a8</ql:key>
   <ql:flags>3</ql:flags>
   <ql:history>
    <ql:event>
     <ql:icon>://icons/48x48/Start.png</ql:icon>
     <ql:time>2020-07-27T03:21:26.269Z</ql:time>
     <ql:comment>Erstversion.</ql:comment>
    </ql:event>
    <ql:event>
     <ql:icon>://icons/48x48/EditText.png</ql:icon>
     <ql:time>2020-07-27T03:23:00.174Z</ql:time>
     <ql:comment>Name geändert</ql:comment>
    </ql:event>
   </ql:history>
   <gpxx:TrackExtension>
    <gpxx:DisplayColor>DarkRed</gpxx:DisplayColor>
   </gpxx:TrackExtension>
  </extensions>
  <trkseg>
   <trkpt lat="50.98445925" lon="13.75314344">
    <ele>264</ele>
    <extensions>
     <ql:flags>0</ql:flags>
    </extensions>
   </trkpt>
   <trkpt lat="50.98445892" lon="13.75314474">
    <ele>264</ele>
    <extensions>
     <ql:flags>8</ql:flags>
    </extensions>
   </trkpt>
   <trkpt lat="50.98429079" lon="13.75333656">
    <ele>265</ele>
    <extensions>
     <ql:flags>0</ql:flags>
    </extensions>
   </trkpt>
   <trkpt lat="50.98428726" lon="13.75333786">
    <ele>265</ele>
    <extensions>
     <ql:flags>8</ql:flags>
    </extensions>
   </trkpt>
   <trkpt lat="50.98400831" lon="13.75310183">
    <ele>270</ele>
    <extensions>
     <ql:flags>8</ql:flags>
    </extensions>
   </trkpt>
   <trkpt lat="50.98377228" lon="13.75297308">
    <ele>274</ele>
    <extensions>
     <ql:flags>8</ql:flags>
    </extensions>
   </trkpt>
   <trkpt lat="50.98297834" lon="13.75252247">
    <ele>279</ele>
    <extensions>
     <ql:flags>8</ql:flags>
    </extensions>
   </trkpt>
   <trkpt lat="50.98287106" lon="13.75243664">
    <ele>279</ele>
    <extensions>
     <ql:flags>8</ql:flags>
    </extensions>
   </trkpt>
   <trkpt lat="50.98278522" lon="13.75239372">
    <ele>280</ele>
    <extensions>
     <ql:flags>8</ql:flags>
    </extensions>
   </trkpt>
   <trkpt lat="50.98203421" lon="13.75196457">
    <ele>286</ele>
    <extensions>
     <ql:flags>8</ql:flags>
    </extensions>
   </trkpt>
   <trkpt lat="50.98184342" lon="13.75185598">
    <ele>287</ele>
    <extensions>
     <ql:flags>0</ql:flags>
    </extensions>
   </trkpt>
   <trkpt lat="50.98149886" lon="13.75168700">
    <ele>287</ele>
    <extensions>
     <ql:flags>0</ql:flags>
    </extensions>
   </trkpt>
   <trkpt lat="50.97842992" lon="13.75003342">
    <ele>308</ele>
    <extensions>
     <ql:flags>0</ql:flags>
    </extensions>
   </trkpt>
   <trkpt lat="50.97836494" lon="13.74996901">
    <ele>309</ele>
    <extensions>
     <ql:flags>8</ql:flags>
    </extensions>
   </trkpt>
   <trkpt lat="50.97823620" lon="13.74988317">
    <ele>310</ele>
    <extensions>
     <ql:flags>8</ql:flags>
    </extensions>
   </trkpt>
   <trkpt lat="50.97804385" lon="13.74971424">
    <ele>311</ele>
    <extensions>
     <ql:flags>0</ql:flags>
    </extensions>
   </trkpt>
   <trkpt lat="50.97656644" lon="13.74821220">
    <ele>323</ele>
    <extensions>
     <ql:flags>0</ql:flags>
    </extensions>
   </trkpt>
   <trkpt lat="50.97643375" lon="13.74805927">
    <ele>324</ele>
    <extensions>
     <ql:flags>8</ql:flags>
    </extensions>
   </trkpt>
   <trkpt lat="50.97596276" lon="13.74747996">
    <ele>327</ele>
    <extensions>
     <ql:flags>0</ql:flags>
    </extensions>
   </trkpt>
   <trkpt lat="50.97595430" lon="13.74748532">
    <ele>327</ele>
    <extensions>
     <ql:flags>0</ql:flags>
    </extensions>
   </trkpt>
   <trkpt lat="50.97574711" lon="13.74765158">
    <ele>327</ele>
    <extensions>
     <ql:flags>8</ql:flags>
    </extensions>
   </trkpt>
   <trkpt lat="50.97546816" lon="13.74790907">
    <ele>328</ele>
    <extensions>
     <ql:flags>8</ql:flags>
    </extensions>
   </trkpt>
   <trkpt lat="50.97433090" lon="13.74926090">
    <ele>329</ele>
    <extensions>
     <ql:flags>8</ql:flags>
    </extensions>
   </trkpt>
   <trkpt lat="50.97420216" lon="13.74956131">
    <ele>329</ele>
    <extensions>
     <ql:flags>8</ql:flags>
    </extensions>
   </trkpt>
   <trkpt lat="50.97420216" lon="13.74962568">
    <ele>329</ele>
    <extensions>
     <ql:flags>8</ql:flags>
    </extensions>
   </trkpt>
   <trkpt lat="50.97418217" lon="13.74980409">
    <ele>329</ele>
    <extensions>
     <ql:flags>0</ql:flags>
    </extensions>
   </trkpt>
  </trkseg>
 </trk>
 <extensions>
  <ql:key>dcbb722598704f71526763d45284f729</ql:key>
  <ql:sortingRoadbook>0</ql:sortingRoadbook>
  <ql:sortingFolder>0</ql:sortingFolder>
  <ql:correlation>1</ql:correlation>
 </extensions>
</gpx>
