<?xml version="1.0" encoding="UTF-8" standalone="no" ?>
<gpx version="1.1" xmlns:gpxx="http://www.garmin.com/xmlschemas/GpxExtensions/v3" creator="QMapShack 1.10.0 http://www.qlandkarte.org/" xsi:schemaLocation="http://www.topografix.com/GPX/1/1 http://www.topografix.com/GPX/1/1/gpx.xsd http://www.garmin.com/xmlschemas/GpxExtensions/v3 http://www.garmin.com/xmlschemas/GpxExtensionsv3.xsd http://www.garmin.com/xmlschemas/TrackPointExtension/v1 http://www.garmin.com/xmlschemas/TrackPointExtensionv1.xsd http://www.garmin.com/xmlschemas/WaypointExtension/v1 http://www.garmin.com/xmlschemas/WaypointExtensionv1.xsd http://www.qlandkarte.org/xmlschemas/v1.1 http://www.qlandkarte.org/xmlschemas/v1.1/ql-extensions.xsd http://www.cluetrust.com/XML/GPXDATA/1/0 http://www.cluetrust.com/Schemas/gpxdata10.xsd" xmlns:xsi="http://www.w3.org/2001/XMLSchema-instance" xmlns:tp1="http://www.garmin.com/xmlschemas/TrackPointExtension/v1" xmlns="http://www.topografix.com/GPX/1/1" xmlns:rmc="urn:net:trekbuddy:1.0:nmea:rmc" xmlns:gpxdata="http://www.cluetrust.com/XML/GPXDATA/1/0" xmlns:ql="http://www.qlandkarte.org/xmlschemas/v1.1" xmlns:gpxtpx="http://www.garmin.com/xmlschemas/TrackPointExtension/v1" xmlns:wptx1="http://www.garmin.com/xmlschemas/WaypointExtension/v1">
 <metadata>
  <name>Streifzug 13: Dresdens Berge – Wandern durch das Schönfelder Hochland</name>
  <link href="https://www.dvb.de/de-de/entdecken/wandertipps/dresdens-berge/">
   <text>Webseite</text>
   <type>Link</type>
  </link>
  <time>2020-06-25T04:50:03.000Z</time>
 </metadata>
 <wpt lat="51.06056667" lon="13.88495000">
  <ele>261</ele>
  <time>2020-07-29T03:32:50.038Z</time>
  <name>Wegpunkt 1 Hier</name>
  <sym>Flag, Blue</sym>
  <extensions>
   <ql:key>6c5d00998d115c5d5cd918b5df20d66d</ql:key>
   <ql:flags>3</ql:flags>
   <ql:bubble yoff="-150" xoff="-320" width="300"/>
   <ql:history>
    <ql:event>
     <ql:icon>://icons/48x48/Start.png</ql:icon>
     <ql:time>2020-07-29T03:32:50.038Z</ql:time>
     <ql:comment>Erstversion.</ql:comment>
    </ql:event>
    <ql:event>
     <ql:icon>://icons/48x48/WptEditProx.png</ql:icon>
     <ql:time>2020-07-29T03:32:52.984Z</ql:time>
     <ql:comment>Abstandsalarm geändert</ql:comment>
    </ql:event>
   </ql:history>
   <wptx1:WaypointExtension>
    <wptx1:Proximity>10.00000000</wptx1:Proximity>
   </wptx1:WaypointExtension>
  </extensions>
 </wpt>
 <wpt lat="51.06230000" lon="13.89350000">
  <ele>303</ele>
  <time>2020-07-29T03:33:47.725Z</time>
  <name>Wegpunkt 2 Hier</name>
  <sym>Flag, Blue</sym>
  <extensions>
   <ql:key>69e50b33425dc63d1af3d523ad0b1520</ql:key>
   <ql:flags>3</ql:flags>
   <ql:bubble yoff="-150" xoff="-320" width="300"/>
   <ql:history>
    <ql:event>
     <ql:icon>://icons/48x48/Start.png</ql:icon>
     <ql:time>2020-07-29T03:33:47.725Z</ql:time>
     <ql:comment>Erstversion.</ql:comment>
    </ql:event>
    <ql:event>
     <ql:icon>://icons/48x48/WptEditProx.png</ql:icon>
     <ql:time>2020-07-29T03:33:53.439Z</ql:time>
     <ql:comment>Abstandsalarm geändert</ql:comment>
    </ql:event>
   </ql:history>
   <wptx1:WaypointExtension>
    <wptx1:Proximity>10.00000000</wptx1:Proximity>
   </wptx1:WaypointExtension>
  </extensions>
 </wpt>
 <wpt lat="51.05971667" lon="13.88773333">
  <ele>271</ele>
  <time>2020-07-29T03:34:32.550Z</time>
  <name>Wegpunkt 3 Voraus</name>
  <sym>Flag, Blue</sym>
  <extensions>
   <ql:key>bebd583877f6d396590cc30ee867f863</ql:key>
   <ql:flags>3</ql:flags>
   <ql:bubble yoff="-150" xoff="-320" width="300"/>
   <ql:history>
    <ql:event>
     <ql:icon>://icons/48x48/Start.png</ql:icon>
     <ql:time>2020-07-29T03:34:32.551Z</ql:time>
     <ql:comment>Erstversion.</ql:comment>
    </ql:event>
    <ql:event>
     <ql:icon>://icons/48x48/WptEditProx.png</ql:icon>
     <ql:time>2020-07-29T03:34:35.175Z</ql:time>
     <ql:comment>Abstandsalarm geändert</ql:comment>
    </ql:event>
   </ql:history>
   <wptx1:WaypointExtension>
    <wptx1:Proximity>10.00000000</wptx1:Proximity>
   </wptx1:WaypointExtension>
  </extensions>
 </wpt>
 <wpt lat="51.05761667" lon="13.91295000">
  <ele>340</ele>
  <time>2020-07-29T03:35:36.248Z</time>
  <name>Wegpunkt 4 Links</name>
  <sym>Flag, Blue</sym>
  <extensions>
   <ql:key>5088b48487393e874dc648d2813292ce</ql:key>
   <ql:flags>3</ql:flags>
   <ql:bubble yoff="-150" xoff="-320" width="300"/>
   <ql:history>
    <ql:event>
     <ql:icon>://icons/48x48/Start.png</ql:icon>
     <ql:time>2020-07-29T03:35:36.249Z</ql:time>
     <ql:comment>Erstversion.</ql:comment>
    </ql:event>
    <ql:event>
     <ql:icon>://icons/48x48/WptEditProx.png</ql:icon>
     <ql:time>2020-07-29T03:35:39.378Z</ql:time>
     <ql:comment>Abstandsalarm geändert</ql:comment>
    </ql:event>
   </ql:history>
   <wptx1:WaypointExtension>
    <wptx1:Proximity>10.00000000</wptx1:Proximity>
   </wptx1:WaypointExtension>
  </extensions>
 </wpt>
 <wpt lat="51.04151667" lon="13.92388333">
  <ele>284</ele>
  <time>2020-07-29T03:38:49.427Z</time>
  <name>Wegpunkt 5 Voraus</name>
  <sym>Flag, Blue</sym>
  <extensions>
   <ql:key>92a94f9f796edb36e809775ca84754d5</ql:key>
   <ql:flags>3</ql:flags>
   <ql:bubble yoff="-150" xoff="-320" width="300"/>
   <ql:history>
    <ql:event>
     <ql:icon>://icons/48x48/Start.png</ql:icon>
     <ql:time>2020-07-29T03:38:49.428Z</ql:time>
     <ql:comment>Erstversion.</ql:comment>
    </ql:event>
    <ql:event>
     <ql:icon>://icons/48x48/WptEditProx.png</ql:icon>
     <ql:time>2020-07-29T03:38:52.013Z</ql:time>
     <ql:comment>Abstandsalarm geändert</ql:comment>
    </ql:event>
   </ql:history>
   <wptx1:WaypointExtension>
    <wptx1:Proximity>10.00000000</wptx1:Proximity>
   </wptx1:WaypointExtension>
  </extensions>
 </wpt>
 <wpt lat="51.03977395" lon="13.92902930">
  <ele>290</ele>
  <time>2020-07-29T03:41:43.997Z</time>
  <name>Wegpunkt 6 Hier</name>
  <sym>Flag, Blue</sym>
  <extensions>
   <ql:key>deeb01400924bd84647ccf5e2598103e</ql:key>
   <ql:flags>3</ql:flags>
   <ql:bubble yoff="-150" xoff="-320" width="300"/>
   <ql:history>
    <ql:event>
     <ql:icon>://icons/48x48/Start.png</ql:icon>
     <ql:time>2020-07-29T03:41:43.997Z</ql:time>
     <ql:comment>Erstversion.</ql:comment>
    </ql:event>
    <ql:event>
     <ql:icon>://icons/48x48/WptEditProx.png</ql:icon>
     <ql:time>2020-07-29T03:41:47.461Z</ql:time>
     <ql:comment>Abstandsalarm geändert</ql:comment>
    </ql:event>
    <ql:event>
     <ql:icon>://icons/48x48/WptMove.png</ql:icon>
     <ql:time>2020-07-29T03:41:56.020Z</ql:time>
     <ql:comment>Position geändert</ql:comment>
    </ql:event>
   </ql:history>
   <wptx1:WaypointExtension>
    <wptx1:Proximity>10.00000000</wptx1:Proximity>
   </wptx1:WaypointExtension>
  </extensions>
 </wpt>
 <wpt lat="51.03865000" lon="13.93373333">
  <ele>285</ele>
  <time>2020-07-29T03:42:40.357Z</time>
  <name>Wegpunkt 7 Links</name>
  <sym>Flag, Blue</sym>
  <extensions>
   <ql:key>d72e7d779d928ee650002293ed870461</ql:key>
   <ql:flags>3</ql:flags>
   <ql:bubble yoff="-150" xoff="-320" width="300"/>
   <ql:history>
    <ql:event>
     <ql:icon>://icons/48x48/Start.png</ql:icon>
     <ql:time>2020-07-29T03:42:40.358Z</ql:time>
     <ql:comment>Erstversion.</ql:comment>
    </ql:event>
    <ql:event>
     <ql:icon>://icons/48x48/WptEditProx.png</ql:icon>
     <ql:time>2020-07-29T03:42:42.946Z</ql:time>
     <ql:comment>Abstandsalarm geändert</ql:comment>
    </ql:event>
   </ql:history>
   <wptx1:WaypointExtension>
    <wptx1:Proximity>10.00000000</wptx1:Proximity>
   </wptx1:WaypointExtension>
  </extensions>
 </wpt>
 <wpt lat="51.02745000" lon="13.92170000">
  <ele>381</ele>
  <time>2020-07-29T03:43:34.820Z</time>
  <name>Wegpunkt 8 Hier</name>
  <sym>Flag, Blue</sym>
  <extensions>
   <ql:key>03a7e742b549261a574617e2b76c4147</ql:key>
   <ql:flags>3</ql:flags>
   <ql:bubble yoff="-150" xoff="-320" width="300"/>
   <ql:history>
    <ql:event>
     <ql:icon>://icons/48x48/Start.png</ql:icon>
     <ql:time>2020-07-29T03:43:34.821Z</ql:time>
     <ql:comment>Erstversion.</ql:comment>
    </ql:event>
    <ql:event>
     <ql:icon>://icons/48x48/WptEditProx.png</ql:icon>
     <ql:time>2020-07-29T03:43:38.493Z</ql:time>
     <ql:comment>Abstandsalarm geändert</ql:comment>
    </ql:event>
   </ql:history>
   <wptx1:WaypointExtension>
    <wptx1:Proximity>10.00000000</wptx1:Proximity>
   </wptx1:WaypointExtension>
  </extensions>
 </wpt>
 <wpt lat="51.01741667" lon="13.91075000">
  <ele>353</ele>
  <time>2020-07-29T03:44:35.405Z</time>
  <name>Wegpunkt 9 Hier</name>
  <sym>Flag, Blue</sym>
  <extensions>
   <ql:key>c2ba775316c0c177200c4f7bc16c3e6d</ql:key>
   <ql:flags>3</ql:flags>
   <ql:bubble yoff="-150" xoff="-320" width="300"/>
   <ql:history>
    <ql:event>
     <ql:icon>://icons/48x48/Start.png</ql:icon>
     <ql:time>2020-07-29T03:44:35.406Z</ql:time>
     <ql:comment>Erstversion.</ql:comment>
    </ql:event>
    <ql:event>
     <ql:icon>://icons/48x48/WptEditProx.png</ql:icon>
     <ql:time>2020-07-29T03:44:39.224Z</ql:time>
     <ql:comment>Abstandsalarm geändert</ql:comment>
    </ql:event>
   </ql:history>
   <wptx1:WaypointExtension>
    <wptx1:Proximity>10.00000000</wptx1:Proximity>
   </wptx1:WaypointExtension>
  </extensions>
 </wpt>
 <wpt lat="51.01268333" lon="13.90363333">
  <ele>347</ele>
  <time>2020-07-29T03:45:16.973Z</time>
  <name>Wegpunkt 10/11 Hier</name>
  <sym>Flag, Blue</sym>
  <extensions>
   <ql:key>e6d9a100887acd3233dcb0ee849aab93</ql:key>
   <ql:flags>3</ql:flags>
   <ql:bubble yoff="-150" xoff="-320" width="300"/>
   <ql:history>
    <ql:event>
     <ql:icon>://icons/48x48/Start.png</ql:icon>
     <ql:time>2020-07-29T03:45:16.973Z</ql:time>
     <ql:comment>Erstversion.</ql:comment>
    </ql:event>
    <ql:event>
     <ql:icon>://icons/48x48/WptEditProx.png</ql:icon>
     <ql:time>2020-07-29T03:45:19.385Z</ql:time>
     <ql:comment>Abstandsalarm geändert</ql:comment>
    </ql:event>
    <ql:event>
     <ql:icon>://icons/48x48/EditText.png</ql:icon>
     <ql:time>2020-07-29T03:47:45.420Z</ql:time>
     <ql:comment>Name geändert</ql:comment>
    </ql:event>
   </ql:history>
   <wptx1:WaypointExtension>
    <wptx1:Proximity>10.00000000</wptx1:Proximity>
   </wptx1:WaypointExtension>
  </extensions>
 </wpt>
 <wpt lat="51.00960000" lon="13.90421667">
  <ele>290</ele>
  <time>2020-07-29T03:48:50.826Z</time>
  <name>Wegpunkt 12 Hier</name>
  <sym>Flag, Blue</sym>
  <extensions>
   <ql:key>087d9125742d1df73bed6d1064278f67</ql:key>
   <ql:flags>3</ql:flags>
   <ql:bubble yoff="-150" xoff="-320" width="300"/>
   <ql:history>
    <ql:event>
     <ql:icon>://icons/48x48/Start.png</ql:icon>
     <ql:time>2020-07-29T03:48:50.827Z</ql:time>
     <ql:comment>Erstversion.</ql:comment>
    </ql:event>
    <ql:event>
     <ql:icon>://icons/48x48/WptEditProx.png</ql:icon>
     <ql:time>2020-07-29T03:48:54.288Z</ql:time>
     <ql:comment>Abstandsalarm geändert</ql:comment>
    </ql:event>
   </ql:history>
   <wptx1:WaypointExtension>
    <wptx1:Proximity>10.00000000</wptx1:Proximity>
   </wptx1:WaypointExtension>
  </extensions>
 </wpt>
 <wpt lat="51.01316667" lon="13.87666667">
  <ele>178</ele>
  <time>2020-07-29T03:50:27.668Z</time>
  <name>Wegpunkt 13 Hier</name>
  <sym>Flag, Blue</sym>
  <extensions>
   <ql:key>d14623d6da579e2a5b6c33abdbb68098</ql:key>
   <ql:flags>3</ql:flags>
   <ql:bubble yoff="-150" xoff="-320" width="300"/>
   <ql:history>
    <ql:event>
     <ql:icon>://icons/48x48/Start.png</ql:icon>
     <ql:time>2020-07-29T03:50:27.668Z</ql:time>
     <ql:comment>Erstversion.</ql:comment>
    </ql:event>
    <ql:event>
     <ql:icon>://icons/48x48/WptEditProx.png</ql:icon>
     <ql:time>2020-07-29T03:50:30.282Z</ql:time>
     <ql:comment>Abstandsalarm geändert</ql:comment>
    </ql:event>
   </ql:history>
   <wptx1:WaypointExtension>
    <wptx1:Proximity>10.00000000</wptx1:Proximity>
   </wptx1:WaypointExtension>
  </extensions>
 </wpt>
 <wpt lat="51.01310000" lon="13.87700000">
  <ele>178</ele>
  <time>2020-07-29T03:50:43.876Z</time>
  <name>Wegpunkt 14 Rechts</name>
  <sym>Flag, Blue</sym>
  <extensions>
   <ql:key>28b2b37d1325aa744948547a3a884e2d</ql:key>
   <ql:flags>3</ql:flags>
   <ql:bubble yoff="-150" xoff="-320" width="300"/>
   <ql:history>
    <ql:event>
     <ql:icon>://icons/48x48/Start.png</ql:icon>
     <ql:time>2020-07-29T03:50:43.876Z</ql:time>
     <ql:comment>Erstversion.</ql:comment>
    </ql:event>
    <ql:event>
     <ql:icon>://icons/48x48/WptEditProx.png</ql:icon>
     <ql:time>2020-07-29T03:50:47.666Z</ql:time>
     <ql:comment>Abstandsalarm geändert</ql:comment>
    </ql:event>
   </ql:history>
   <wptx1:WaypointExtension>
    <wptx1:Proximity>10.00000000</wptx1:Proximity>
   </wptx1:WaypointExtension>
  </extensions>
 </wpt>
 <wpt lat="51.01266667" lon="13.87291667">
  <ele>134</ele>
  <time>2020-07-29T03:51:36.712Z</time>
  <name>Wegpunkt 15 Hier</name>
  <sym>Flag, Blue</sym>
  <extensions>
   <ql:key>589f596c729c3417e91b4a79d4a1342b</ql:key>
   <ql:flags>3</ql:flags>
   <ql:bubble yoff="-150" xoff="-320" width="300"/>
   <ql:history>
    <ql:event>
     <ql:icon>://icons/48x48/Start.png</ql:icon>
     <ql:time>2020-07-29T03:51:36.713Z</ql:time>
     <ql:comment>Erstversion.</ql:comment>
    </ql:event>
    <ql:event>
     <ql:icon>://icons/48x48/WptEditProx.png</ql:icon>
     <ql:time>2020-07-29T03:51:40.474Z</ql:time>
     <ql:comment>Abstandsalarm geändert</ql:comment>
    </ql:event>
   </ql:history>
   <wptx1:WaypointExtension>
    <wptx1:Proximity>10.00000000</wptx1:Proximity>
   </wptx1:WaypointExtension>
  </extensions>
 </wpt>
 <wpt lat="51.00930000" lon="13.87066667">
  <ele>120</ele>
  <time>2020-07-29T03:52:32.768Z</time>
  <name>Wegpunkt 16 Links</name>
  <sym>Flag, Blue</sym>
  <extensions>
   <ql:key>cc0b61329a6cad3e959f81a546b946e4</ql:key>
   <ql:flags>3</ql:flags>
   <ql:bubble yoff="-150" xoff="-320" width="300"/>
   <ql:history>
    <ql:event>
     <ql:icon>://icons/48x48/Start.png</ql:icon>
     <ql:time>2020-07-29T03:52:32.768Z</ql:time>
     <ql:comment>Erstversion.</ql:comment>
    </ql:event>
    <ql:event>
     <ql:icon>://icons/48x48/WptEditProx.png</ql:icon>
     <ql:time>2020-07-29T03:52:35.373Z</ql:time>
     <ql:comment>Abstandsalarm geändert</ql:comment>
    </ql:event>
   </ql:history>
   <wptx1:WaypointExtension>
    <wptx1:Proximity>10.00000000</wptx1:Proximity>
   </wptx1:WaypointExtension>
  </extensions>
 </wpt>
 <wpt lat="51.01388333" lon="13.86523333">
  <ele>115</ele>
  <time>2020-07-29T03:53:15.443Z</time>
  <name>Wegpunkt 17 Hier</name>
  <sym>Flag, Blue</sym>
  <extensions>
   <ql:key>74d31bd3a4c7129cdfe2c482420c5704</ql:key>
   <ql:flags>3</ql:flags>
   <ql:bubble yoff="-150" xoff="-320" width="300"/>
   <ql:history>
    <ql:event>
     <ql:icon>://icons/48x48/Start.png</ql:icon>
     <ql:time>2020-07-29T03:53:15.443Z</ql:time>
     <ql:comment>Erstversion.</ql:comment>
    </ql:event>
    <ql:event>
     <ql:icon>://icons/48x48/WptEditProx.png</ql:icon>
     <ql:time>2020-07-29T03:53:18.125Z</ql:time>
     <ql:comment>Abstandsalarm geändert</ql:comment>
    </ql:event>
   </ql:history>
   <wptx1:WaypointExtension>
    <wptx1:Proximity>10.00000000</wptx1:Proximity>
   </wptx1:WaypointExtension>
  </extensions>
 </wpt>
 <trk>
  <name>Track</name>
  <extensions>
   <ql:key>e36f9190c373696ddab7db6061aa4d79</ql:key>
   <ql:flags>1</ql:flags>
   <ql:history>
    <ql:event>
     <ql:icon>://icons/48x48/Start.png</ql:icon>
     <ql:time>2020-06-26T12:22:09.122Z</ql:time>
     <ql:comment>Erstversion.</ql:comment>
    </ql:event>
    <ql:event>
     <ql:icon>://icons/48x48/ActFoot.png</ql:icon>
     <ql:time>2020-06-30T16:41:36.013Z</ql:time>
     <ql:comment>Die Aktivität wurde für den gesamten Track auf 'Fußgänger' geändert.</ql:comment>
    </ql:event>
   </ql:history>
   <gpxx:TrackExtension>
    <gpxx:DisplayColor>DarkBlue</gpxx:DisplayColor>
   </gpxx:TrackExtension>
  </extensions>
  <trkseg>
   <trkpt lat="51.06059158" lon="13.88493780">
    <ele>261</ele>
    <extensions>
     <ql:flags>2147483648</ql:flags>
    </extensions>
   </trkpt>
   <trkpt lat="51.06084824" lon="13.88491631">
    <ele>260</ele>
    <extensions>
     <ql:flags>2147483656</ql:flags>
    </extensions>
   </trkpt>
   <trkpt lat="51.06091261" lon="13.88495922">
    <ele>260</ele>
    <extensions>
     <ql:flags>2147483656</ql:flags>
    </extensions>
   </trkpt>
   <trkpt lat="51.06099844" lon="13.88519526">
    <ele>260</ele>
    <extensions>
     <ql:flags>2147483656</ql:flags>
    </extensions>
   </trkpt>
   <trkpt lat="51.06112719" lon="13.88547421">
    <ele>261</ele>
    <extensions>
     <ql:flags>2147483656</ql:flags>
    </extensions>
   </trkpt>
   <trkpt lat="51.06123447" lon="13.88566732">
    <ele>260</ele>
    <extensions>
     <ql:flags>2147483656</ql:flags>
    </extensions>
   </trkpt>
   <trkpt lat="51.06125331" lon="13.88568882">
    <ele>260</ele>
    <extensions>
     <ql:flags>2147483648</ql:flags>
    </extensions>
   </trkpt>
   <trkpt lat="51.06121302" lon="13.88581753">
    <ele>261</ele>
    <extensions>
     <ql:flags>2147483656</ql:flags>
    </extensions>
   </trkpt>
   <trkpt lat="51.06125593" lon="13.88618231">
    <ele>261</ele>
    <extensions>
     <ql:flags>2147483656</ql:flags>
    </extensions>
   </trkpt>
   <trkpt lat="51.06146966" lon="13.88637547">
    <ele>260</ele>
    <extensions>
     <ql:flags>2147483648</ql:flags>
    </extensions>
   </trkpt>
   <trkpt lat="51.06142740" lon="13.88661016">
    <ele>261</ele>
    <extensions>
     <ql:flags>2147483648</ql:flags>
    </extensions>
   </trkpt>
   <trkpt lat="51.06119753" lon="13.88675768">
    <ele>261</ele>
    <extensions>
     <ql:flags>2147483648</ql:flags>
    </extensions>
   </trkpt>
   <trkpt lat="51.06119156" lon="13.88676167">
    <ele>261</ele>
    <extensions>
     <ql:flags>2147483656</ql:flags>
    </extensions>
   </trkpt>
   <trkpt lat="51.06108513" lon="13.88693203">
    <ele>262</ele>
    <extensions>
     <ql:flags>2147483648</ql:flags>
    </extensions>
   </trkpt>
   <trkpt lat="51.06129641" lon="13.88727133">
    <ele>261</ele>
    <extensions>
     <ql:flags>2147483648</ql:flags>
    </extensions>
   </trkpt>
   <trkpt lat="51.06217532" lon="13.88875325">
    <ele>269</ele>
    <extensions>
     <ql:flags>2147483648</ql:flags>
    </extensions>
   </trkpt>
   <trkpt lat="51.06245756" lon="13.88871431">
    <ele>270</ele>
    <extensions>
     <ql:flags>2147483656</ql:flags>
    </extensions>
   </trkpt>
   <trkpt lat="51.06305838" lon="13.88877869">
    <ele>273</ele>
    <extensions>
     <ql:flags>2147483656</ql:flags>
    </extensions>
   </trkpt>
   <trkpt lat="51.06305759" lon="13.88878007">
    <ele>273</ele>
    <extensions>
     <ql:flags>2147483648</ql:flags>
    </extensions>
   </trkpt>
   <trkpt lat="51.06303692" lon="13.88907909">
    <ele>275</ele>
    <extensions>
     <ql:flags>2147483656</ql:flags>
    </extensions>
   </trkpt>
   <trkpt lat="51.06297255" lon="13.88931513">
    <ele>277</ele>
    <extensions>
     <ql:flags>2147483656</ql:flags>
    </extensions>
   </trkpt>
   <trkpt lat="51.06269360" lon="13.88961554">
    <ele>278</ele>
    <extensions>
     <ql:flags>2147483656</ql:flags>
    </extensions>
   </trkpt>
   <trkpt lat="51.06252193" lon="13.88987303">
    <ele>279</ele>
    <extensions>
     <ql:flags>2147483656</ql:flags>
    </extensions>
   </trkpt>
   <trkpt lat="51.06241465" lon="13.89021635">
    <ele>281</ele>
    <extensions>
     <ql:flags>2147483656</ql:flags>
    </extensions>
   </trkpt>
   <trkpt lat="51.06243610" lon="13.89040947">
    <ele>283</ele>
    <extensions>
     <ql:flags>2147483656</ql:flags>
    </extensions>
   </trkpt>
   <trkpt lat="51.06247902" lon="13.89062405">
    <ele>285</ele>
    <extensions>
     <ql:flags>2147483656</ql:flags>
    </extensions>
   </trkpt>
   <trkpt lat="51.06247902" lon="13.89081717">
    <ele>287</ele>
    <extensions>
     <ql:flags>2147483656</ql:flags>
    </extensions>
   </trkpt>
   <trkpt lat="51.06243610" lon="13.89120340">
    <ele>290</ele>
    <extensions>
     <ql:flags>2147483656</ql:flags>
    </extensions>
   </trkpt>
   <trkpt lat="51.06232882" lon="13.89156818">
    <ele>293</ele>
    <extensions>
     <ql:flags>2147483656</ql:flags>
    </extensions>
   </trkpt>
   <trkpt lat="51.06230736" lon="13.89180422">
    <ele>295</ele>
    <extensions>
     <ql:flags>2147483656</ql:flags>
    </extensions>
   </trkpt>
   <trkpt lat="51.06224298" lon="13.89191151">
    <ele>295</ele>
    <extensions>
     <ql:flags>2147483656</ql:flags>
    </extensions>
   </trkpt>
   <trkpt lat="51.06222153" lon="13.89231920">
    <ele>298</ele>
    <extensions>
     <ql:flags>2147483656</ql:flags>
    </extensions>
   </trkpt>
   <trkpt lat="51.06211424" lon="13.89261961">
    <ele>299</ele>
    <extensions>
     <ql:flags>2147483656</ql:flags>
    </extensions>
   </trkpt>
   <trkpt lat="51.06211531" lon="13.89261965">
    <ele>299</ele>
    <extensions>
     <ql:flags>2147483648</ql:flags>
    </extensions>
   </trkpt>
   <trkpt lat="51.06222153" lon="13.89283419">
    <ele>301</ele>
    <extensions>
     <ql:flags>2147483656</ql:flags>
    </extensions>
   </trkpt>
   <trkpt lat="51.06230736" lon="13.89313459">
    <ele>302</ele>
    <extensions>
     <ql:flags>2147483656</ql:flags>
    </extensions>
   </trkpt>
   <trkpt lat="51.06232882" lon="13.89362812">
    <ele>303</ele>
    <extensions>
     <ql:flags>2147483656</ql:flags>
    </extensions>
   </trkpt>
   <trkpt lat="51.06224123" lon="13.89399160">
    <ele>301</ele>
    <extensions>
     <ql:flags>2147483648</ql:flags>
    </extensions>
   </trkpt>
   <trkpt lat="51.06207137" lon="13.89420484">
    <ele>300</ele>
    <extensions>
     <ql:flags>2147483648</ql:flags>
    </extensions>
   </trkpt>
   <trkpt lat="51.06207132" lon="13.89491558">
    <ele>296</ele>
    <extensions>
     <ql:flags>2147483656</ql:flags>
    </extensions>
   </trkpt>
   <trkpt lat="51.06202841" lon="13.89508724">
    <ele>295</ele>
    <extensions>
     <ql:flags>2147483656</ql:flags>
    </extensions>
   </trkpt>
   <trkpt lat="51.06201981" lon="13.89513556">
    <ele>295</ele>
    <extensions>
     <ql:flags>2147483648</ql:flags>
    </extensions>
   </trkpt>
  </trkseg>
  <trkseg>
   <trkpt lat="51.06202235" lon="13.89513825">
    <ele>295</ele>
    <extensions>
     <ql:flags>2147483648</ql:flags>
    </extensions>
   </trkpt>
   <trkpt lat="51.06202841" lon="13.89508724">
    <ele>295</ele>
    <extensions>
     <ql:flags>2147483656</ql:flags>
    </extensions>
   </trkpt>
   <trkpt lat="51.06207132" lon="13.89491558">
    <ele>296</ele>
    <extensions>
     <ql:flags>2147483656</ql:flags>
    </extensions>
   </trkpt>
   <trkpt lat="51.06207136" lon="13.89420886">
    <ele>300</ele>
    <extensions>
     <ql:flags>2147483648</ql:flags>
    </extensions>
   </trkpt>
   <trkpt lat="51.06224207" lon="13.89399428">
    <ele>301</ele>
    <extensions>
     <ql:flags>2147483648</ql:flags>
    </extensions>
   </trkpt>
   <trkpt lat="51.06232882" lon="13.89362812">
    <ele>303</ele>
    <extensions>
     <ql:flags>2147483656</ql:flags>
    </extensions>
   </trkpt>
   <trkpt lat="51.06230736" lon="13.89313459">
    <ele>302</ele>
    <extensions>
     <ql:flags>2147483656</ql:flags>
    </extensions>
   </trkpt>
   <trkpt lat="51.06222153" lon="13.89283419">
    <ele>301</ele>
    <extensions>
     <ql:flags>2147483656</ql:flags>
    </extensions>
   </trkpt>
   <trkpt lat="51.06211424" lon="13.89261961">
    <ele>299</ele>
    <extensions>
     <ql:flags>2147483656</ql:flags>
    </extensions>
   </trkpt>
   <trkpt lat="51.06196404" lon="13.89240503">
    <ele>294</ele>
    <extensions>
     <ql:flags>2147483656</ql:flags>
    </extensions>
   </trkpt>
   <trkpt lat="51.06183529" lon="13.89214754">
    <ele>290</ele>
    <extensions>
     <ql:flags>2147483656</ql:flags>
    </extensions>
   </trkpt>
   <trkpt lat="51.06177092" lon="13.89197588">
    <ele>288</ele>
    <extensions>
     <ql:flags>2147483656</ql:flags>
    </extensions>
   </trkpt>
   <trkpt lat="51.06174946" lon="13.89186859">
    <ele>287</ele>
    <extensions>
     <ql:flags>2147483656</ql:flags>
    </extensions>
   </trkpt>
   <trkpt lat="51.06183529" lon="13.89173985">
    <ele>287</ele>
    <extensions>
     <ql:flags>2147483656</ql:flags>
    </extensions>
   </trkpt>
   <trkpt lat="51.06162071" lon="13.89152527">
    <ele>282</ele>
    <extensions>
     <ql:flags>2147483656</ql:flags>
    </extensions>
   </trkpt>
   <trkpt lat="51.06093216" lon="13.89021639">
    <ele>271</ele>
    <extensions>
     <ql:flags>2147483648</ql:flags>
    </extensions>
   </trkpt>
   <trkpt lat="51.06086969" lon="13.89013052">
    <ele>270</ele>
    <extensions>
     <ql:flags>2147483656</ql:flags>
    </extensions>
   </trkpt>
   <trkpt lat="51.05968981" lon="13.88773133">
    <ele>271</ele>
    <extensions>
     <ql:flags>2147483648</ql:flags>
    </extensions>
   </trkpt>
   <trkpt lat="51.05934620" lon="13.88807058">
    <ele>272</ele>
    <extensions>
     <ql:flags>2147483656</ql:flags>
    </extensions>
   </trkpt>
   <trkpt lat="51.05900524" lon="13.88843272">
    <ele>271</ele>
    <extensions>
     <ql:flags>2147483648</ql:flags>
    </extensions>
   </trkpt>
   <trkpt lat="51.05887413" lon="13.88905764">
    <ele>272</ele>
    <extensions>
     <ql:flags>2147483656</ql:flags>
    </extensions>
   </trkpt>
   <trkpt lat="51.05878830" lon="13.88933659">
    <ele>272</ele>
    <extensions>
     <ql:flags>2147483656</ql:flags>
    </extensions>
   </trkpt>
   <trkpt lat="51.05885267" lon="13.89055967">
    <ele>275</ele>
    <extensions>
     <ql:flags>2147483656</ql:flags>
    </extensions>
   </trkpt>
   <trkpt lat="51.05885267" lon="13.89118195">
    <ele>277</ele>
    <extensions>
     <ql:flags>2147483656</ql:flags>
    </extensions>
   </trkpt>
   <trkpt lat="51.05881086" lon="13.89216233">
    <ele>280</ele>
    <extensions>
     <ql:flags>2147483648</ql:flags>
    </extensions>
   </trkpt>
   <trkpt lat="51.05880976" lon="13.89216900">
    <ele>280</ele>
    <extensions>
     <ql:flags>2147483656</ql:flags>
    </extensions>
   </trkpt>
   <trkpt lat="51.05889559" lon="13.89242649">
    <ele>280</ele>
    <extensions>
     <ql:flags>2147483656</ql:flags>
    </extensions>
   </trkpt>
   <trkpt lat="51.05855227" lon="13.89337063">
    <ele>282</ele>
    <extensions>
     <ql:flags>2147483656</ql:flags>
    </extensions>
   </trkpt>
   <trkpt lat="51.05827332" lon="13.89412165">
    <ele>282</ele>
    <extensions>
     <ql:flags>2147483656</ql:flags>
    </extensions>
   </trkpt>
   <trkpt lat="51.05816603" lon="13.89444351">
    <ele>283</ele>
    <extensions>
     <ql:flags>2147483656</ql:flags>
    </extensions>
   </trkpt>
   <trkpt lat="51.05777979" lon="13.89562368">
    <ele>284</ele>
    <extensions>
     <ql:flags>2147483656</ql:flags>
    </extensions>
   </trkpt>
   <trkpt lat="51.05771636" lon="13.89577527">
    <ele>284</ele>
    <extensions>
     <ql:flags>2147483648</ql:flags>
    </extensions>
   </trkpt>
   <trkpt lat="51.05758667" lon="13.89628887">
    <ele>283</ele>
    <extensions>
     <ql:flags>2147483656</ql:flags>
    </extensions>
   </trkpt>
   <trkpt lat="51.05735064" lon="13.89688969">
    <ele>281</ele>
    <extensions>
     <ql:flags>2147483656</ql:flags>
    </extensions>
   </trkpt>
   <trkpt lat="51.05722189" lon="13.89731884">
    <ele>280</ele>
    <extensions>
     <ql:flags>2147483656</ql:flags>
    </extensions>
   </trkpt>
   <trkpt lat="51.05715752" lon="13.89757633">
    <ele>280</ele>
    <extensions>
     <ql:flags>2147483656</ql:flags>
    </extensions>
   </trkpt>
   <trkpt lat="51.05709314" lon="13.89800549">
    <ele>279</ele>
    <extensions>
     <ql:flags>2147483656</ql:flags>
    </extensions>
   </trkpt>
   <trkpt lat="51.05696440" lon="13.89899254">
    <ele>279</ele>
    <extensions>
     <ql:flags>2147483656</ql:flags>
    </extensions>
   </trkpt>
   <trkpt lat="51.05696440" lon="13.89903545">
    <ele>279</ele>
    <extensions>
     <ql:flags>2147483656</ql:flags>
    </extensions>
   </trkpt>
   <trkpt lat="51.05683565" lon="13.89959335">
    <ele>279</ele>
    <extensions>
     <ql:flags>2147483656</ql:flags>
    </extensions>
   </trkpt>
   <trkpt lat="51.05670691" lon="13.90034437">
    <ele>281</ele>
    <extensions>
     <ql:flags>2147483656</ql:flags>
    </extensions>
   </trkpt>
   <trkpt lat="51.05659962" lon="13.90120268">
    <ele>283</ele>
    <extensions>
     <ql:flags>2147483656</ql:flags>
    </extensions>
   </trkpt>
   <trkpt lat="51.05649233" lon="13.90150309">
    <ele>284</ele>
    <extensions>
     <ql:flags>2147483656</ql:flags>
    </extensions>
   </trkpt>
   <trkpt lat="51.05632067" lon="13.90178204">
    <ele>284</ele>
    <extensions>
     <ql:flags>2147483656</ql:flags>
    </extensions>
   </trkpt>
   <trkpt lat="51.05627775" lon="13.90184641">
    <ele>284</ele>
    <extensions>
     <ql:flags>2147483656</ql:flags>
    </extensions>
   </trkpt>
   <trkpt lat="51.05619333" lon="13.90218709">
    <ele>285</ele>
    <extensions>
     <ql:flags>2147483648</ql:flags>
    </extensions>
   </trkpt>
   <trkpt lat="51.05625629" lon="13.90233994">
    <ele>286</ele>
    <extensions>
     <ql:flags>2147483656</ql:flags>
    </extensions>
   </trkpt>
   <trkpt lat="51.05632067" lon="13.90384197">
    <ele>293</ele>
    <extensions>
     <ql:flags>2147483656</ql:flags>
    </extensions>
   </trkpt>
   <trkpt lat="51.05629921" lon="13.90424967">
    <ele>295</ele>
    <extensions>
     <ql:flags>2147483656</ql:flags>
    </extensions>
   </trkpt>
   <trkpt lat="51.05606318" lon="13.90585899">
    <ele>301</ele>
    <extensions>
     <ql:flags>2147483656</ql:flags>
    </extensions>
   </trkpt>
   <trkpt lat="51.05606318" lon="13.90630960">
    <ele>303</ele>
    <extensions>
     <ql:flags>2147483656</ql:flags>
    </extensions>
   </trkpt>
   <trkpt lat="51.05623484" lon="13.90710354">
    <ele>310</ele>
    <extensions>
     <ql:flags>2147483656</ql:flags>
    </extensions>
   </trkpt>
   <trkpt lat="51.05638504" lon="13.90742540">
    <ele>312</ele>
    <extensions>
     <ql:flags>2147483656</ql:flags>
    </extensions>
   </trkpt>
   <trkpt lat="51.05662107" lon="13.90802622">
    <ele>315</ele>
    <extensions>
     <ql:flags>2147483656</ql:flags>
    </extensions>
   </trkpt>
   <trkpt lat="51.05679274" lon="13.90843391">
    <ele>316</ele>
    <extensions>
     <ql:flags>2147483656</ql:flags>
    </extensions>
   </trkpt>
   <trkpt lat="51.05685711" lon="13.90873432">
    <ele>316</ele>
    <extensions>
     <ql:flags>2147483656</ql:flags>
    </extensions>
   </trkpt>
   <trkpt lat="51.05694294" lon="13.90965700">
    <ele>319</ele>
    <extensions>
     <ql:flags>2147483656</ql:flags>
    </extensions>
   </trkpt>
   <trkpt lat="51.05709314" lon="13.91042948">
    <ele>324</ele>
    <extensions>
     <ql:flags>2147483656</ql:flags>
    </extensions>
   </trkpt>
   <trkpt lat="51.05730772" lon="13.91115904">
    <ele>330</ele>
    <extensions>
     <ql:flags>2147483656</ql:flags>
    </extensions>
   </trkpt>
   <trkpt lat="51.05765104" lon="13.91225338">
    <ele>338</ele>
    <extensions>
     <ql:flags>2147483656</ql:flags>
    </extensions>
   </trkpt>
   <trkpt lat="51.05765104" lon="13.91253233">
    <ele>339</ele>
    <extensions>
     <ql:flags>2147483656</ql:flags>
    </extensions>
   </trkpt>
   <trkpt lat="51.05758667" lon="13.91270399">
    <ele>340</ele>
    <extensions>
     <ql:flags>2147483656</ql:flags>
    </extensions>
   </trkpt>
   <trkpt lat="51.05758790" lon="13.91321499">
    <ele>339</ele>
    <extensions>
     <ql:flags>2147483648</ql:flags>
    </extensions>
   </trkpt>
   <trkpt lat="51.05747938" lon="13.91358376">
    <ele>339</ele>
    <extensions>
     <ql:flags>2147483656</ql:flags>
    </extensions>
   </trkpt>
   <trkpt lat="51.05739355" lon="13.91379833">
    <ele>338</ele>
    <extensions>
     <ql:flags>2147483656</ql:flags>
    </extensions>
   </trkpt>
   <trkpt lat="51.05726480" lon="13.91414165">
    <ele>338</ele>
    <extensions>
     <ql:flags>2147483656</ql:flags>
    </extensions>
   </trkpt>
   <trkpt lat="51.05713606" lon="13.91431332">
    <ele>338</ele>
    <extensions>
     <ql:flags>2147483656</ql:flags>
    </extensions>
   </trkpt>
   <trkpt lat="51.05679274" lon="13.91444206">
    <ele>337</ele>
    <extensions>
     <ql:flags>2147483656</ql:flags>
    </extensions>
   </trkpt>
   <trkpt lat="51.05657816" lon="13.91465664">
    <ele>336</ele>
    <extensions>
     <ql:flags>2147483656</ql:flags>
    </extensions>
   </trkpt>
   <trkpt lat="51.05589151" lon="13.91641617">
    <ele>324</ele>
    <extensions>
     <ql:flags>2147483656</ql:flags>
    </extensions>
   </trkpt>
   <trkpt lat="51.05511904" lon="13.91744614">
    <ele>322</ele>
    <extensions>
     <ql:flags>2147483656</ql:flags>
    </extensions>
   </trkpt>
   <trkpt lat="51.05503321" lon="13.91753197">
    <ele>322</ele>
    <extensions>
     <ql:flags>2147483656</ql:flags>
    </extensions>
   </trkpt>
   <trkpt lat="51.05490446" lon="13.91759634">
    <ele>321</ele>
    <extensions>
     <ql:flags>2147483656</ql:flags>
    </extensions>
   </trkpt>
   <trkpt lat="51.05481863" lon="13.91757488">
    <ele>320</ele>
    <extensions>
     <ql:flags>2147483656</ql:flags>
    </extensions>
   </trkpt>
   <trkpt lat="51.05464697" lon="13.91746759">
    <ele>318</ele>
    <extensions>
     <ql:flags>2147483656</ql:flags>
    </extensions>
   </trkpt>
   <trkpt lat="51.05445385" lon="13.91742468">
    <ele>316</ele>
    <extensions>
     <ql:flags>2147483656</ql:flags>
    </extensions>
   </trkpt>
   <trkpt lat="51.05355263" lon="13.91763926">
    <ele>305</ele>
    <extensions>
     <ql:flags>2147483656</ql:flags>
    </extensions>
   </trkpt>
   <trkpt lat="51.05340242" lon="13.91806841">
    <ele>304</ele>
    <extensions>
     <ql:flags>2147483656</ql:flags>
    </extensions>
   </trkpt>
   <trkpt lat="51.05335951" lon="13.91815424">
    <ele>304</ele>
    <extensions>
     <ql:flags>2147483656</ql:flags>
    </extensions>
   </trkpt>
   <trkpt lat="51.05252266" lon="13.91884089">
    <ele>301</ele>
    <extensions>
     <ql:flags>2147483656</ql:flags>
    </extensions>
   </trkpt>
   <trkpt lat="51.05202913" lon="13.91924858">
    <ele>301</ele>
    <extensions>
     <ql:flags>2147483656</ql:flags>
    </extensions>
   </trkpt>
   <trkpt lat="51.05095951" lon="13.91961072">
    <ele>299</ele>
    <extensions>
     <ql:flags>2147483648</ql:flags>
    </extensions>
   </trkpt>
   <trkpt lat="51.05076313" lon="13.91873360">
    <ele>301</ele>
    <extensions>
     <ql:flags>2147483656</ql:flags>
    </extensions>
   </trkpt>
   <trkpt lat="51.05057067" lon="13.91764198">
    <ele>304</ele>
    <extensions>
     <ql:flags>2147483648</ql:flags>
    </extensions>
   </trkpt>
   <trkpt lat="51.05054855" lon="13.91763926">
    <ele>303</ele>
    <extensions>
     <ql:flags>2147483656</ql:flags>
    </extensions>
   </trkpt>
   <trkpt lat="51.04954004" lon="13.91755342">
    <ele>298</ele>
    <extensions>
     <ql:flags>2147483656</ql:flags>
    </extensions>
   </trkpt>
   <trkpt lat="51.04906797" lon="13.91757488">
    <ele>296</ele>
    <extensions>
     <ql:flags>2147483656</ql:flags>
    </extensions>
   </trkpt>
   <trkpt lat="51.04872465" lon="13.91766071">
    <ele>294</ele>
    <extensions>
     <ql:flags>2147483656</ql:flags>
    </extensions>
   </trkpt>
   <trkpt lat="51.04846716" lon="13.91781092">
    <ele>293</ele>
    <extensions>
     <ql:flags>2147483656</ql:flags>
    </extensions>
   </trkpt>
   <trkpt lat="51.04793072" lon="13.91811132">
    <ele>289</ele>
    <extensions>
     <ql:flags>2147483656</ql:flags>
    </extensions>
   </trkpt>
   <trkpt lat="51.04679346" lon="13.91896963">
    <ele>284</ele>
    <extensions>
     <ql:flags>2147483656</ql:flags>
    </extensions>
   </trkpt>
   <trkpt lat="51.04621410" lon="13.91946316">
    <ele>284</ele>
    <extensions>
     <ql:flags>2147483656</ql:flags>
    </extensions>
   </trkpt>
   <trkpt lat="51.04576349" lon="13.91982794">
    <ele>284</ele>
    <extensions>
     <ql:flags>2147483656</ql:flags>
    </extensions>
   </trkpt>
   <trkpt lat="51.04572087" lon="13.91989101">
    <ele>283</ele>
    <extensions>
     <ql:flags>2147483648</ql:flags>
    </extensions>
   </trkpt>
   <trkpt lat="51.04559183" lon="13.91999960">
    <ele>283</ele>
    <extensions>
     <ql:flags>2147483656</ql:flags>
    </extensions>
   </trkpt>
   <trkpt lat="51.04421854" lon="13.92130852">
    <ele>285</ele>
    <extensions>
     <ql:flags>2147483656</ql:flags>
    </extensions>
   </trkpt>
   <trkpt lat="51.04408979" lon="13.92145872">
    <ele>285</ele>
    <extensions>
     <ql:flags>2147483656</ql:flags>
    </extensions>
   </trkpt>
   <trkpt lat="51.04400396" lon="13.92156601">
    <ele>285</ele>
    <extensions>
     <ql:flags>2147483656</ql:flags>
    </extensions>
   </trkpt>
   <trkpt lat="51.04372501" lon="13.92195225">
    <ele>284</ele>
    <extensions>
     <ql:flags>2147483656</ql:flags>
    </extensions>
   </trkpt>
   <trkpt lat="51.04333878" lon="13.92223120">
    <ele>284</ele>
    <extensions>
     <ql:flags>2147483656</ql:flags>
    </extensions>
   </trkpt>
   <trkpt lat="51.04323149" lon="13.92238140">
    <ele>284</ele>
    <extensions>
     <ql:flags>2147483656</ql:flags>
    </extensions>
   </trkpt>
   <trkpt lat="51.04312543" lon="13.92242570">
    <ele>284</ele>
    <extensions>
     <ql:flags>2147483648</ql:flags>
    </extensions>
   </trkpt>
  </trkseg>
  <trkseg>
   <trkpt lat="51.04312458" lon="13.92242302">
    <ele>284</ele>
    <extensions>
     <ql:flags>2147483648</ql:flags>
    </extensions>
   </trkpt>
   <trkpt lat="51.04312420" lon="13.92242432">
    <ele>284</ele>
    <extensions>
     <ql:flags>2147483656</ql:flags>
    </extensions>
   </trkpt>
   <trkpt lat="51.04293108" lon="13.92257452">
    <ele>284</ele>
    <extensions>
     <ql:flags>2147483656</ql:flags>
    </extensions>
   </trkpt>
   <trkpt lat="51.04273796" lon="13.92278910">
    <ele>284</ele>
    <extensions>
     <ql:flags>2147483656</ql:flags>
    </extensions>
   </trkpt>
   <trkpt lat="51.04252338" lon="13.92317533">
    <ele>284</ele>
    <extensions>
     <ql:flags>2147483656</ql:flags>
    </extensions>
   </trkpt>
   <trkpt lat="51.04228735" lon="13.92351866">
    <ele>283</ele>
    <extensions>
     <ql:flags>2147483656</ql:flags>
    </extensions>
   </trkpt>
   <trkpt lat="51.04207277" lon="13.92373323">
    <ele>283</ele>
    <extensions>
     <ql:flags>2147483656</ql:flags>
    </extensions>
   </trkpt>
   <trkpt lat="51.04194403" lon="13.92381907">
    <ele>283</ele>
    <extensions>
     <ql:flags>2147483656</ql:flags>
    </extensions>
   </trkpt>
   <trkpt lat="51.04183674" lon="13.92388344">
    <ele>283</ele>
    <extensions>
     <ql:flags>2147483656</ql:flags>
    </extensions>
   </trkpt>
   <trkpt lat="51.04170799" lon="13.92392635">
    <ele>284</ele>
    <extensions>
     <ql:flags>2147483656</ql:flags>
    </extensions>
   </trkpt>
   <trkpt lat="51.04147196" lon="13.92390490">
    <ele>285</ele>
    <extensions>
     <ql:flags>2147483656</ql:flags>
    </extensions>
   </trkpt>
   <trkpt lat="51.04146916" lon="13.92390360">
    <ele>285</ele>
    <extensions>
     <ql:flags>2147483648</ql:flags>
    </extensions>
   </trkpt>
   <trkpt lat="51.04138613" lon="13.92441988">
    <ele>285</ele>
    <extensions>
     <ql:flags>2147483656</ql:flags>
    </extensions>
   </trkpt>
   <trkpt lat="51.04108572" lon="13.92472029">
    <ele>287</ele>
    <extensions>
     <ql:flags>2147483656</ql:flags>
    </extensions>
   </trkpt>
   <trkpt lat="51.04097843" lon="13.92480612">
    <ele>288</ele>
    <extensions>
     <ql:flags>2147483656</ql:flags>
    </extensions>
   </trkpt>
   <trkpt lat="51.04089260" lon="13.92484903">
    <ele>288</ele>
    <extensions>
     <ql:flags>2147483656</ql:flags>
    </extensions>
   </trkpt>
   <trkpt lat="51.04069948" lon="13.92532110">
    <ele>289</ele>
    <extensions>
     <ql:flags>2147483656</ql:flags>
    </extensions>
   </trkpt>
   <trkpt lat="51.04059324" lon="13.92546732">
    <ele>290</ele>
    <extensions>
     <ql:flags>2147483648</ql:flags>
    </extensions>
   </trkpt>
   <trkpt lat="51.04046345" lon="13.92551422">
    <ele>291</ele>
    <extensions>
     <ql:flags>2147483656</ql:flags>
    </extensions>
   </trkpt>
   <trkpt lat="51.04039907" lon="13.92579317">
    <ele>291</ele>
    <extensions>
     <ql:flags>2147483656</ql:flags>
    </extensions>
   </trkpt>
   <trkpt lat="51.04035616" lon="13.92628670">
    <ele>291</ele>
    <extensions>
     <ql:flags>2147483656</ql:flags>
    </extensions>
   </trkpt>
   <trkpt lat="51.04042076" lon="13.92637257">
    <ele>291</ele>
    <extensions>
     <ql:flags>2147483648</ql:flags>
    </extensions>
   </trkpt>
   <trkpt lat="51.03986263" lon="13.92879725">
    <ele>290</ele>
    <extensions>
     <ql:flags>2147483656</ql:flags>
    </extensions>
   </trkpt>
   <trkpt lat="51.03979826" lon="13.92903328">
    <ele>290</ele>
    <extensions>
     <ql:flags>2147483656</ql:flags>
    </extensions>
   </trkpt>
   <trkpt lat="51.03973389" lon="13.92924786">
    <ele>290</ele>
    <extensions>
     <ql:flags>2147483656</ql:flags>
    </extensions>
   </trkpt>
   <trkpt lat="51.03921890" lon="13.93193007">
    <ele>287</ele>
    <extensions>
     <ql:flags>2147483656</ql:flags>
    </extensions>
   </trkpt>
   <trkpt lat="51.03904724" lon="13.93276691">
    <ele>286</ele>
    <extensions>
     <ql:flags>2147483656</ql:flags>
    </extensions>
   </trkpt>
   <trkpt lat="51.03889704" lon="13.93319607">
    <ele>286</ele>
    <extensions>
     <ql:flags>2147483656</ql:flags>
    </extensions>
   </trkpt>
   <trkpt lat="51.03866100" lon="13.93368959">
    <ele>285</ele>
    <extensions>
     <ql:flags>2147483656</ql:flags>
    </extensions>
   </trkpt>
   <trkpt lat="51.03838476" lon="13.93407319">
    <ele>285</ele>
    <extensions>
     <ql:flags>2147483648</ql:flags>
    </extensions>
   </trkpt>
   <trkpt lat="51.03806019" lon="13.93366814">
    <ele>287</ele>
    <extensions>
     <ql:flags>2147483656</ql:flags>
    </extensions>
   </trkpt>
   <trkpt lat="51.03765249" lon="13.93321753">
    <ele>289</ele>
    <extensions>
     <ql:flags>2147483656</ql:flags>
    </extensions>
   </trkpt>
   <trkpt lat="51.03703022" lon="13.93263817">
    <ele>292</ele>
    <extensions>
     <ql:flags>2147483656</ql:flags>
    </extensions>
   </trkpt>
   <trkpt lat="51.03668690" lon="13.93233776">
    <ele>292</ele>
    <extensions>
     <ql:flags>2147483656</ql:flags>
    </extensions>
   </trkpt>
   <trkpt lat="51.03621483" lon="13.93199444">
    <ele>292</ele>
    <extensions>
     <ql:flags>2147483656</ql:flags>
    </extensions>
   </trkpt>
   <trkpt lat="51.03580713" lon="13.93167257">
    <ele>292</ele>
    <extensions>
     <ql:flags>2147483656</ql:flags>
    </extensions>
   </trkpt>
   <trkpt lat="51.03546381" lon="13.93137217">
    <ele>293</ele>
    <extensions>
     <ql:flags>2147483656</ql:flags>
    </extensions>
   </trkpt>
   <trkpt lat="51.03516340" lon="13.93107176">
    <ele>294</ele>
    <extensions>
     <ql:flags>2147483656</ql:flags>
    </extensions>
   </trkpt>
   <trkpt lat="51.03449821" lon="13.93021345">
    <ele>297</ele>
    <extensions>
     <ql:flags>2147483656</ql:flags>
    </extensions>
   </trkpt>
   <trkpt lat="51.03434801" lon="13.92995596">
    <ele>298</ele>
    <extensions>
     <ql:flags>2147483656</ql:flags>
    </extensions>
   </trkpt>
   <trkpt lat="51.03398323" lon="13.92922640">
    <ele>299</ele>
    <extensions>
     <ql:flags>2147483656</ql:flags>
    </extensions>
   </trkpt>
   <trkpt lat="51.03353262" lon="13.92821789">
    <ele>304</ele>
    <extensions>
     <ql:flags>2147483656</ql:flags>
    </extensions>
   </trkpt>
   <trkpt lat="51.03333950" lon="13.92789602">
    <ele>306</ele>
    <extensions>
     <ql:flags>2147483656</ql:flags>
    </extensions>
   </trkpt>
   <trkpt lat="51.03314638" lon="13.92765999">
    <ele>307</ele>
    <extensions>
     <ql:flags>2147483656</ql:flags>
    </extensions>
   </trkpt>
   <trkpt lat="51.03284597" lon="13.92731667">
    <ele>309</ele>
    <extensions>
     <ql:flags>2147483656</ql:flags>
    </extensions>
   </trkpt>
   <trkpt lat="51.03252411" lon="13.92703772">
    <ele>314</ele>
    <extensions>
     <ql:flags>2147483656</ql:flags>
    </extensions>
   </trkpt>
   <trkpt lat="51.03243828" lon="13.92690897">
    <ele>315</ele>
    <extensions>
     <ql:flags>2147483656</ql:flags>
    </extensions>
   </trkpt>
   <trkpt lat="51.03230953" lon="13.92645836">
    <ele>318</ele>
    <extensions>
     <ql:flags>2147483656</ql:flags>
    </extensions>
   </trkpt>
   <trkpt lat="51.03222370" lon="13.92628670">
    <ele>319</ele>
    <extensions>
     <ql:flags>2147483656</ql:flags>
    </extensions>
   </trkpt>
   <trkpt lat="51.03211641" lon="13.92615795">
    <ele>320</ele>
    <extensions>
     <ql:flags>2147483656</ql:flags>
    </extensions>
   </trkpt>
   <trkpt lat="51.03183746" lon="13.92594337">
    <ele>321</ele>
    <extensions>
     <ql:flags>2147483656</ql:flags>
    </extensions>
   </trkpt>
   <trkpt lat="51.03078604" lon="13.92519236">
    <ele>328</ele>
    <extensions>
     <ql:flags>2147483656</ql:flags>
    </extensions>
   </trkpt>
   <trkpt lat="51.03057146" lon="13.92502069">
    <ele>330</ele>
    <extensions>
     <ql:flags>2147483656</ql:flags>
    </extensions>
   </trkpt>
   <trkpt lat="51.03046417" lon="13.92487049">
    <ele>331</ele>
    <extensions>
     <ql:flags>2147483656</ql:flags>
    </extensions>
   </trkpt>
   <trkpt lat="51.03001356" lon="13.92411947">
    <ele>341</ele>
    <extensions>
     <ql:flags>2147483656</ql:flags>
    </extensions>
   </trkpt>
   <trkpt lat="51.02986336" lon="13.92390490">
    <ele>345</ele>
    <extensions>
     <ql:flags>2147483656</ql:flags>
    </extensions>
   </trkpt>
   <trkpt lat="51.02911340" lon="13.92338995">
    <ele>362</ele>
    <extensions>
     <ql:flags>2147483648</ql:flags>
    </extensions>
   </trkpt>
   <trkpt lat="51.02900505" lon="13.92332554">
    <ele>364</ele>
    <extensions>
     <ql:flags>2147483656</ql:flags>
    </extensions>
   </trkpt>
   <trkpt lat="51.02864027" lon="13.92313242">
    <ele>371</ele>
    <extensions>
     <ql:flags>2147483656</ql:flags>
    </extensions>
   </trkpt>
   <trkpt lat="51.02818819" lon="13.92283340">
    <ele>377</ele>
    <extensions>
     <ql:flags>2147483648</ql:flags>
    </extensions>
   </trkpt>
   <trkpt lat="51.02835818" lon="13.92229695">
    <ele>375</ele>
    <extensions>
     <ql:flags>2147483648</ql:flags>
    </extensions>
   </trkpt>
   <trkpt lat="51.02632284" lon="13.92087936">
    <ele>371</ele>
    <extensions>
     <ql:flags>2147483656</ql:flags>
    </extensions>
   </trkpt>
   <trkpt lat="51.02625847" lon="13.92087936">
    <ele>370</ele>
    <extensions>
     <ql:flags>2147483656</ql:flags>
    </extensions>
   </trkpt>
   <trkpt lat="51.02619410" lon="13.92092228">
    <ele>369</ele>
    <extensions>
     <ql:flags>2147483656</ql:flags>
    </extensions>
   </trkpt>
   <trkpt lat="51.02602243" lon="13.92143726">
    <ele>368</ele>
    <extensions>
     <ql:flags>2147483656</ql:flags>
    </extensions>
   </trkpt>
   <trkpt lat="51.02600195" lon="13.92152045">
    <ele>368</ele>
    <extensions>
     <ql:flags>2147483648</ql:flags>
    </extensions>
   </trkpt>
   <trkpt lat="51.02600098" lon="13.92152309">
    <ele>368</ele>
    <extensions>
     <ql:flags>2147483656</ql:flags>
    </extensions>
   </trkpt>
   <trkpt lat="51.02572203" lon="13.92135143">
    <ele>363</ele>
    <extensions>
     <ql:flags>2147483656</ql:flags>
    </extensions>
   </trkpt>
   <trkpt lat="51.02557182" lon="13.92128706">
    <ele>360</ele>
    <extensions>
     <ql:flags>2147483656</ql:flags>
    </extensions>
   </trkpt>
   <trkpt lat="51.02544308" lon="13.92126560">
    <ele>358</ele>
    <extensions>
     <ql:flags>2147483656</ql:flags>
    </extensions>
   </trkpt>
   <trkpt lat="51.02522850" lon="13.92124414">
    <ele>356</ele>
    <extensions>
     <ql:flags>2147483656</ql:flags>
    </extensions>
   </trkpt>
   <trkpt lat="51.02507830" lon="13.92122269">
    <ele>354</ele>
    <extensions>
     <ql:flags>2147483656</ql:flags>
    </extensions>
   </trkpt>
   <trkpt lat="51.02501392" lon="13.92120123">
    <ele>353</ele>
    <extensions>
     <ql:flags>2147483656</ql:flags>
    </extensions>
   </trkpt>
   <trkpt lat="51.02492809" lon="13.92115831">
    <ele>352</ele>
    <extensions>
     <ql:flags>2147483656</ql:flags>
    </extensions>
   </trkpt>
   <trkpt lat="51.02482080" lon="13.92105103">
    <ele>351</ele>
    <extensions>
     <ql:flags>2147483656</ql:flags>
    </extensions>
   </trkpt>
   <trkpt lat="51.02443457" lon="13.92053604">
    <ele>347</ele>
    <extensions>
     <ql:flags>2147483656</ql:flags>
    </extensions>
   </trkpt>
   <trkpt lat="51.02428436" lon="13.92034292">
    <ele>345</ele>
    <extensions>
     <ql:flags>2147483656</ql:flags>
    </extensions>
   </trkpt>
   <trkpt lat="51.02385521" lon="13.91965628">
    <ele>341</ele>
    <extensions>
     <ql:flags>2147483656</ql:flags>
    </extensions>
   </trkpt>
   <trkpt lat="51.02364063" lon="13.91918421">
    <ele>340</ele>
    <extensions>
     <ql:flags>2147483656</ql:flags>
    </extensions>
   </trkpt>
   <trkpt lat="51.02351189" lon="13.91894817">
    <ele>339</ele>
    <extensions>
     <ql:flags>2147483656</ql:flags>
    </extensions>
   </trkpt>
   <trkpt lat="51.02273941" lon="13.91781092">
    <ele>335</ele>
    <extensions>
     <ql:flags>2147483656</ql:flags>
    </extensions>
   </trkpt>
   <trkpt lat="51.02271795" lon="13.91770363">
    <ele>335</ele>
    <extensions>
     <ql:flags>2147483656</ql:flags>
    </extensions>
   </trkpt>
   <trkpt lat="51.02271860" lon="13.91770367">
    <ele>335</ele>
    <extensions>
     <ql:flags>2147483648</ql:flags>
    </extensions>
   </trkpt>
   <trkpt lat="51.02250338" lon="13.91746759">
    <ele>336</ele>
    <extensions>
     <ql:flags>2147483656</ql:flags>
    </extensions>
   </trkpt>
   <trkpt lat="51.02228880" lon="13.91710281">
    <ele>337</ele>
    <extensions>
     <ql:flags>2147483656</ql:flags>
    </extensions>
   </trkpt>
   <trkpt lat="51.02175236" lon="13.91652346">
    <ele>339</ele>
    <extensions>
     <ql:flags>2147483656</ql:flags>
    </extensions>
   </trkpt>
   <trkpt lat="51.02113008" lon="13.91592264">
    <ele>341</ele>
    <extensions>
     <ql:flags>2147483656</ql:flags>
    </extensions>
   </trkpt>
   <trkpt lat="51.02061510" lon="13.91547203">
    <ele>343</ele>
    <extensions>
     <ql:flags>2147483656</ql:flags>
    </extensions>
   </trkpt>
   <trkpt lat="51.02037907" lon="13.91545057">
    <ele>344</ele>
    <extensions>
     <ql:flags>2147483656</ql:flags>
    </extensions>
   </trkpt>
   <trkpt lat="51.02007866" lon="13.91570807">
    <ele>340</ele>
    <extensions>
     <ql:flags>2147483656</ql:flags>
    </extensions>
   </trkpt>
   <trkpt lat="51.01971388" lon="13.91581535">
    <ele>336</ele>
    <extensions>
     <ql:flags>2147483656</ql:flags>
    </extensions>
   </trkpt>
   <trkpt lat="51.01949930" lon="13.91562223">
    <ele>335</ele>
    <extensions>
     <ql:flags>2147483656</ql:flags>
    </extensions>
   </trkpt>
   <trkpt lat="51.01853371" lon="13.91429186">
    <ele>334</ele>
    <extensions>
     <ql:flags>2147483656</ql:flags>
    </extensions>
   </trkpt>
   <trkpt lat="51.01842642" lon="13.91418457">
    <ele>335</ele>
    <extensions>
     <ql:flags>2147483656</ql:flags>
    </extensions>
   </trkpt>
   <trkpt lat="51.01797837" lon="13.91416450">
    <ele>335</ele>
    <extensions>
     <ql:flags>2147483648</ql:flags>
    </extensions>
   </trkpt>
   <trkpt lat="51.01797581" lon="13.91416311">
    <ele>335</ele>
    <extensions>
     <ql:flags>2147483656</ql:flags>
    </extensions>
   </trkpt>
   <trkpt lat="51.01788998" lon="13.91369104">
    <ele>338</ele>
    <extensions>
     <ql:flags>2147483656</ql:flags>
    </extensions>
   </trkpt>
   <trkpt lat="51.01778269" lon="13.91351938">
    <ele>340</ele>
    <extensions>
     <ql:flags>2147483656</ql:flags>
    </extensions>
   </trkpt>
   <trkpt lat="51.01773977" lon="13.91343355">
    <ele>341</ele>
    <extensions>
     <ql:flags>2147483656</ql:flags>
    </extensions>
   </trkpt>
   <trkpt lat="51.01743937" lon="13.91285419">
    <ele>347</ele>
    <extensions>
     <ql:flags>2147483656</ql:flags>
    </extensions>
   </trkpt>
   <trkpt lat="51.01739645" lon="13.91263962">
    <ele>349</ele>
    <extensions>
     <ql:flags>2147483656</ql:flags>
    </extensions>
   </trkpt>
   <trkpt lat="51.01739645" lon="13.91216755">
    <ele>352</ele>
    <extensions>
     <ql:flags>2147483656</ql:flags>
    </extensions>
   </trkpt>
   <trkpt lat="51.01737499" lon="13.91201735">
    <ele>353</ele>
    <extensions>
     <ql:flags>2147483656</ql:flags>
    </extensions>
   </trkpt>
   <trkpt lat="51.01737499" lon="13.91184568">
    <ele>353</ele>
    <extensions>
     <ql:flags>2147483656</ql:flags>
    </extensions>
   </trkpt>
   <trkpt lat="51.01733208" lon="13.91126633">
    <ele>354</ele>
    <extensions>
     <ql:flags>2147483656</ql:flags>
    </extensions>
   </trkpt>
   <trkpt lat="51.01735353" lon="13.91100883">
    <ele>354</ele>
    <extensions>
     <ql:flags>2147483656</ql:flags>
    </extensions>
   </trkpt>
   <trkpt lat="51.01739469" lon="13.91071249">
    <ele>353</ele>
    <extensions>
     <ql:flags>2147483648</ql:flags>
    </extensions>
   </trkpt>
   <trkpt lat="51.01726770" lon="13.91064405">
    <ele>354</ele>
    <extensions>
     <ql:flags>2147483656</ql:flags>
    </extensions>
   </trkpt>
   <trkpt lat="51.01718187" lon="13.91055822">
    <ele>355</ele>
    <extensions>
     <ql:flags>2147483656</ql:flags>
    </extensions>
   </trkpt>
   <trkpt lat="51.01683855" lon="13.91015053">
    <ele>354</ele>
    <extensions>
     <ql:flags>2147483656</ql:flags>
    </extensions>
   </trkpt>
   <trkpt lat="51.01662913" lon="13.90998025">
    <ele>353</ele>
    <extensions>
     <ql:flags>2147483648</ql:flags>
    </extensions>
   </trkpt>
   <trkpt lat="51.01647377" lon="13.90993595">
    <ele>352</ele>
    <extensions>
     <ql:flags>2147483656</ql:flags>
    </extensions>
   </trkpt>
   <trkpt lat="51.01595879" lon="13.90976429">
    <ele>350</ele>
    <extensions>
     <ql:flags>2147483656</ql:flags>
    </extensions>
   </trkpt>
   <trkpt lat="51.01574766" lon="13.90963693">
    <ele>348</ele>
    <extensions>
     <ql:flags>2147483648</ql:flags>
    </extensions>
   </trkpt>
   <trkpt lat="51.01512194" lon="13.90922785">
    <ele>345</ele>
    <extensions>
     <ql:flags>2147483656</ql:flags>
    </extensions>
   </trkpt>
   <trkpt lat="51.01503611" lon="13.90912056">
    <ele>345</ele>
    <extensions>
     <ql:flags>2147483656</ql:flags>
    </extensions>
   </trkpt>
   <trkpt lat="51.01499319" lon="13.90903473">
    <ele>344</ele>
    <extensions>
     <ql:flags>2147483656</ql:flags>
    </extensions>
   </trkpt>
   <trkpt lat="51.01473570" lon="13.90819788">
    <ele>340</ele>
    <extensions>
     <ql:flags>2147483656</ql:flags>
    </extensions>
   </trkpt>
   <trkpt lat="51.01467133" lon="13.90804768">
    <ele>339</ele>
    <extensions>
     <ql:flags>2147483656</ql:flags>
    </extensions>
   </trkpt>
   <trkpt lat="51.01443529" lon="13.90763998">
    <ele>336</ele>
    <extensions>
     <ql:flags>2147483656</ql:flags>
    </extensions>
   </trkpt>
   <trkpt lat="51.01430655" lon="13.90733957">
    <ele>334</ele>
    <extensions>
     <ql:flags>2147483656</ql:flags>
    </extensions>
   </trkpt>
   <trkpt lat="51.01417780" lon="13.90691042">
    <ele>332</ele>
    <extensions>
     <ql:flags>2147483656</ql:flags>
    </extensions>
   </trkpt>
   <trkpt lat="51.01415634" lon="13.90676022">
    <ele>332</ele>
    <extensions>
     <ql:flags>2147483656</ql:flags>
    </extensions>
   </trkpt>
   <trkpt lat="51.01415634" lon="13.90624523">
    <ele>333</ele>
    <extensions>
     <ql:flags>2147483656</ql:flags>
    </extensions>
   </trkpt>
   <trkpt lat="51.01413488" lon="13.90540838">
    <ele>336</ele>
    <extensions>
     <ql:flags>2147483656</ql:flags>
    </extensions>
   </trkpt>
   <trkpt lat="51.01413441" lon="13.90540306">
    <ele>336</ele>
    <extensions>
     <ql:flags>2147483648</ql:flags>
    </extensions>
   </trkpt>
   <trkpt lat="51.01374865" lon="13.90493631">
    <ele>340</ele>
    <extensions>
     <ql:flags>2147483656</ql:flags>
    </extensions>
   </trkpt>
   <trkpt lat="51.01374864" lon="13.90493904">
    <ele>340</ele>
    <extensions>
     <ql:flags>2147483648</ql:flags>
    </extensions>
   </trkpt>
   <trkpt lat="51.01359844" lon="13.90500069">
    <ele>340</ele>
    <extensions>
     <ql:flags>2147483656</ql:flags>
    </extensions>
   </trkpt>
   <trkpt lat="51.01346970" lon="13.90504360">
    <ele>340</ele>
    <extensions>
     <ql:flags>2147483656</ql:flags>
    </extensions>
   </trkpt>
   <trkpt lat="51.01336241" lon="13.90504360">
    <ele>341</ele>
    <extensions>
     <ql:flags>2147483656</ql:flags>
    </extensions>
   </trkpt>
   <trkpt lat="51.01327658" lon="13.90500069">
    <ele>341</ele>
    <extensions>
     <ql:flags>2147483656</ql:flags>
    </extensions>
   </trkpt>
   <trkpt lat="51.01312637" lon="13.90480757">
    <ele>343</ele>
    <extensions>
     <ql:flags>2147483656</ql:flags>
    </extensions>
   </trkpt>
   <trkpt lat="51.01285189" lon="13.90453268">
    <ele>345</ele>
    <extensions>
     <ql:flags>2147483648</ql:flags>
    </extensions>
   </trkpt>
   <trkpt lat="51.01274014" lon="13.90439987">
    <ele>344</ele>
    <extensions>
     <ql:flags>2147483656</ql:flags>
    </extensions>
   </trkpt>
   <trkpt lat="51.01267576" lon="13.90412092">
    <ele>344</ele>
    <extensions>
     <ql:flags>2147483656</ql:flags>
    </extensions>
   </trkpt>
   <trkpt lat="51.01267576" lon="13.90388489">
    <ele>346</ele>
    <extensions>
     <ql:flags>2147483656</ql:flags>
    </extensions>
   </trkpt>
   <trkpt lat="51.01265430" lon="13.90362740">
    <ele>346</ele>
    <extensions>
     <ql:flags>2147483656</ql:flags>
    </extensions>
   </trkpt>
   <trkpt lat="51.01259132" lon="13.90343968">
    <ele>344</ele>
    <extensions>
     <ql:flags>2147483648</ql:flags>
    </extensions>
   </trkpt>
   <trkpt lat="51.01250410" lon="13.90330553">
    <ele>342</ele>
    <extensions>
     <ql:flags>2147483656</ql:flags>
    </extensions>
   </trkpt>
   <trkpt lat="51.01222753" lon="13.90292336">
    <ele>334</ele>
    <extensions>
     <ql:flags>2147483648</ql:flags>
    </extensions>
   </trkpt>
  </trkseg>
  <trkseg>
   <trkpt lat="51.01222499" lon="13.90291665">
    <ele>334</ele>
    <extensions>
     <ql:flags>2147483648</ql:flags>
    </extensions>
   </trkpt>
   <trkpt lat="51.01186037" lon="13.90287638">
    <ele>324</ele>
    <extensions>
     <ql:flags>2147483656</ql:flags>
    </extensions>
   </trkpt>
   <trkpt lat="51.01164579" lon="13.90300512">
    <ele>319</ele>
    <extensions>
     <ql:flags>2147483656</ql:flags>
    </extensions>
   </trkpt>
   <trkpt lat="51.01119538" lon="13.90302662">
    <ele>308</ele>
    <extensions>
     <ql:flags>2147483648</ql:flags>
    </extensions>
   </trkpt>
   <trkpt lat="51.01119518" lon="13.90302658">
    <ele>308</ele>
    <extensions>
     <ql:flags>2147483656</ql:flags>
    </extensions>
   </trkpt>
   <trkpt lat="51.01117254" lon="13.90296359">
    <ele>308</ele>
    <extensions>
     <ql:flags>2147483648</ql:flags>
    </extensions>
   </trkpt>
   <trkpt lat="51.01100206" lon="13.90315533">
    <ele>308</ele>
    <extensions>
     <ql:flags>2147483656</ql:flags>
    </extensions>
   </trkpt>
   <trkpt lat="51.01095915" lon="13.90334845">
    <ele>307</ele>
    <extensions>
     <ql:flags>2147483656</ql:flags>
    </extensions>
   </trkpt>
   <trkpt lat="51.01089589" lon="13.90345309">
    <ele>306</ele>
    <extensions>
     <ql:flags>2147483648</ql:flags>
    </extensions>
   </trkpt>
   <trkpt lat="51.01072311" lon="13.90339136">
    <ele>307</ele>
    <extensions>
     <ql:flags>2147483656</ql:flags>
    </extensions>
   </trkpt>
   <trkpt lat="51.01050854" lon="13.90317678">
    <ele>309</ele>
    <extensions>
     <ql:flags>2147483656</ql:flags>
    </extensions>
   </trkpt>
   <trkpt lat="51.01033688" lon="13.90306950">
    <ele>310</ele>
    <extensions>
     <ql:flags>2147483656</ql:flags>
    </extensions>
   </trkpt>
   <trkpt lat="51.01012230" lon="13.90326262">
    <ele>305</ele>
    <extensions>
     <ql:flags>2147483656</ql:flags>
    </extensions>
   </trkpt>
   <trkpt lat="51.00999355" lon="13.90332699">
    <ele>303</ele>
    <extensions>
     <ql:flags>2147483656</ql:flags>
    </extensions>
   </trkpt>
   <trkpt lat="51.00992918" lon="13.90364885">
    <ele>298</ele>
    <extensions>
     <ql:flags>2147483656</ql:flags>
    </extensions>
   </trkpt>
   <trkpt lat="51.00973606" lon="13.90403509">
    <ele>292</ele>
    <extensions>
     <ql:flags>2147483656</ql:flags>
    </extensions>
   </trkpt>
   <trkpt lat="51.00956440" lon="13.90420675">
    <ele>289</ele>
    <extensions>
     <ql:flags>2147483656</ql:flags>
    </extensions>
   </trkpt>
   <trkpt lat="51.00950003" lon="13.90403509">
    <ele>289</ele>
    <extensions>
     <ql:flags>2147483656</ql:flags>
    </extensions>
   </trkpt>
   <trkpt lat="51.00930691" lon="13.90362740">
    <ele>285</ele>
    <extensions>
     <ql:flags>2147483656</ql:flags>
    </extensions>
   </trkpt>
   <trkpt lat="51.00909233" lon="13.90264034">
    <ele>284</ele>
    <extensions>
     <ql:flags>2147483656</ql:flags>
    </extensions>
   </trkpt>
   <trkpt lat="51.00900650" lon="13.90128851">
    <ele>285</ele>
    <extensions>
     <ql:flags>2147483656</ql:flags>
    </extensions>
   </trkpt>
   <trkpt lat="51.00911379" lon="13.90043020">
    <ele>284</ele>
    <extensions>
     <ql:flags>2147483656</ql:flags>
    </extensions>
   </trkpt>
   <trkpt lat="51.00913525" lon="13.89959335">
    <ele>277</ele>
    <extensions>
     <ql:flags>2147483656</ql:flags>
    </extensions>
   </trkpt>
   <trkpt lat="51.00924253" lon="13.89894962">
    <ele>272</ele>
    <extensions>
     <ql:flags>2147483656</ql:flags>
    </extensions>
   </trkpt>
   <trkpt lat="51.00941420" lon="13.89864922">
    <ele>273</ele>
    <extensions>
     <ql:flags>2147483656</ql:flags>
    </extensions>
   </trkpt>
   <trkpt lat="51.00962877" lon="13.89837027">
    <ele>277</ele>
    <extensions>
     <ql:flags>2147483656</ql:flags>
    </extensions>
   </trkpt>
   <trkpt lat="51.00992918" lon="13.89813423">
    <ele>284</ele>
    <extensions>
     <ql:flags>2147483656</ql:flags>
    </extensions>
   </trkpt>
   <trkpt lat="51.00997210" lon="13.89798403">
    <ele>284</ele>
    <extensions>
     <ql:flags>2147483656</ql:flags>
    </extensions>
   </trkpt>
   <trkpt lat="51.00988626" lon="13.89789820">
    <ele>280</ele>
    <extensions>
     <ql:flags>2147483656</ql:flags>
    </extensions>
   </trkpt>
   <trkpt lat="51.00984335" lon="13.89749050">
    <ele>278</ele>
    <extensions>
     <ql:flags>2147483656</ql:flags>
    </extensions>
   </trkpt>
   <trkpt lat="51.00988626" lon="13.89734030">
    <ele>279</ele>
    <extensions>
     <ql:flags>2147483656</ql:flags>
    </extensions>
   </trkpt>
   <trkpt lat="51.01010084" lon="13.89701843">
    <ele>286</ele>
    <extensions>
     <ql:flags>2147483656</ql:flags>
    </extensions>
   </trkpt>
   <trkpt lat="51.01018667" lon="13.89665365">
    <ele>288</ele>
    <extensions>
     <ql:flags>2147483656</ql:flags>
    </extensions>
   </trkpt>
   <trkpt lat="51.01018667" lon="13.89643908">
    <ele>288</ele>
    <extensions>
     <ql:flags>2147483656</ql:flags>
    </extensions>
   </trkpt>
   <trkpt lat="51.01035833" lon="13.89616013">
    <ele>293</ele>
    <extensions>
     <ql:flags>2147483656</ql:flags>
    </extensions>
   </trkpt>
   <trkpt lat="51.01068020" lon="13.89551640">
    <ele>297</ele>
    <extensions>
     <ql:flags>2147483656</ql:flags>
    </extensions>
   </trkpt>
   <trkpt lat="51.01065874" lon="13.89530182">
    <ele>297</ele>
    <extensions>
     <ql:flags>2147483656</ql:flags>
    </extensions>
   </trkpt>
   <trkpt lat="51.01048708" lon="13.89510870">
    <ele>295</ele>
    <extensions>
     <ql:flags>2147483656</ql:flags>
    </extensions>
   </trkpt>
   <trkpt lat="51.01037979" lon="13.89478683">
    <ele>295</ele>
    <extensions>
     <ql:flags>2147483656</ql:flags>
    </extensions>
   </trkpt>
   <trkpt lat="51.01050854" lon="13.89446497">
    <ele>298</ele>
    <extensions>
     <ql:flags>2147483656</ql:flags>
    </extensions>
   </trkpt>
   <trkpt lat="51.01050854" lon="13.89420748">
    <ele>299</ele>
    <extensions>
     <ql:flags>2147483656</ql:flags>
    </extensions>
   </trkpt>
   <trkpt lat="51.01055145" lon="13.89358521">
    <ele>298</ele>
    <extensions>
     <ql:flags>2147483656</ql:flags>
    </extensions>
   </trkpt>
   <trkpt lat="51.01055145" lon="13.89319897">
    <ele>295</ele>
    <extensions>
     <ql:flags>2147483656</ql:flags>
    </extensions>
   </trkpt>
   <trkpt lat="51.01050854" lon="13.89257669">
    <ele>290</ele>
    <extensions>
     <ql:flags>2147483656</ql:flags>
    </extensions>
   </trkpt>
   <trkpt lat="51.01059437" lon="13.89214754">
    <ele>289</ele>
    <extensions>
     <ql:flags>2147483656</ql:flags>
    </extensions>
   </trkpt>
   <trkpt lat="51.01070166" lon="13.89163256">
    <ele>290</ele>
    <extensions>
     <ql:flags>2147483656</ql:flags>
    </extensions>
   </trkpt>
   <trkpt lat="51.01065874" lon="13.89131069">
    <ele>288</ele>
    <extensions>
     <ql:flags>2147483656</ql:flags>
    </extensions>
   </trkpt>
   <trkpt lat="51.01063728" lon="13.89090300">
    <ele>285</ele>
    <extensions>
     <ql:flags>2147483656</ql:flags>
    </extensions>
   </trkpt>
   <trkpt lat="51.01068020" lon="13.89021635">
    <ele>280</ele>
    <extensions>
     <ql:flags>2147483656</ql:flags>
    </extensions>
   </trkpt>
   <trkpt lat="51.01063728" lon="13.89010906">
    <ele>278</ele>
    <extensions>
     <ql:flags>2147483656</ql:flags>
    </extensions>
   </trkpt>
   <trkpt lat="51.01061583" lon="13.88955116">
    <ele>272</ele>
    <extensions>
     <ql:flags>2147483656</ql:flags>
    </extensions>
   </trkpt>
   <trkpt lat="51.01065874" lon="13.88948679">
    <ele>272</ele>
    <extensions>
     <ql:flags>2147483656</ql:flags>
    </extensions>
   </trkpt>
   <trkpt lat="51.01078749" lon="13.88948679">
    <ele>274</ele>
    <extensions>
     <ql:flags>2147483656</ql:flags>
    </extensions>
   </trkpt>
   <trkpt lat="51.01093769" lon="13.88927221">
    <ele>273</ele>
    <extensions>
     <ql:flags>2147483656</ql:flags>
    </extensions>
   </trkpt>
   <trkpt lat="51.01093769" lon="13.88910055">
    <ele>271</ele>
    <extensions>
     <ql:flags>2147483656</ql:flags>
    </extensions>
   </trkpt>
   <trkpt lat="51.01089478" lon="13.88862848">
    <ele>263</ele>
    <extensions>
     <ql:flags>2147483656</ql:flags>
    </extensions>
   </trkpt>
   <trkpt lat="51.01078749" lon="13.88841391">
    <ele>257</ele>
    <extensions>
     <ql:flags>2147483656</ql:flags>
    </extensions>
   </trkpt>
   <trkpt lat="51.01078749" lon="13.88787746">
    <ele>248</ele>
    <extensions>
     <ql:flags>2147483656</ql:flags>
    </extensions>
   </trkpt>
   <trkpt lat="51.01068020" lon="13.88759851">
    <ele>242</ele>
    <extensions>
     <ql:flags>2147483656</ql:flags>
    </extensions>
   </trkpt>
   <trkpt lat="51.01068020" lon="13.88744831">
    <ele>241</ele>
    <extensions>
     <ql:flags>2147483656</ql:flags>
    </extensions>
   </trkpt>
   <trkpt lat="51.01085186" lon="13.88716936">
    <ele>245</ele>
    <extensions>
     <ql:flags>2147483656</ql:flags>
    </extensions>
   </trkpt>
   <trkpt lat="51.01095915" lon="13.88691187">
    <ele>247</ele>
    <extensions>
     <ql:flags>2147483656</ql:flags>
    </extensions>
   </trkpt>
   <trkpt lat="51.01095915" lon="13.88669729">
    <ele>244</ele>
    <extensions>
     <ql:flags>2147483656</ql:flags>
    </extensions>
   </trkpt>
   <trkpt lat="51.01091623" lon="13.88641834">
    <ele>240</ele>
    <extensions>
     <ql:flags>2147483656</ql:flags>
    </extensions>
   </trkpt>
   <trkpt lat="51.01085186" lon="13.88611794">
    <ele>235</ele>
    <extensions>
     <ql:flags>2147483656</ql:flags>
    </extensions>
   </trkpt>
   <trkpt lat="51.01091623" lon="13.88586044">
    <ele>234</ele>
    <extensions>
     <ql:flags>2147483656</ql:flags>
    </extensions>
   </trkpt>
   <trkpt lat="51.01104498" lon="13.88556004">
    <ele>235</ele>
    <extensions>
     <ql:flags>2147483656</ql:flags>
    </extensions>
   </trkpt>
   <trkpt lat="51.01108789" lon="13.88532400">
    <ele>234</ele>
    <extensions>
     <ql:flags>2147483656</ql:flags>
    </extensions>
   </trkpt>
   <trkpt lat="51.01104498" lon="13.88510942">
    <ele>230</ele>
    <extensions>
     <ql:flags>2147483656</ql:flags>
    </extensions>
   </trkpt>
   <trkpt lat="51.01100206" lon="13.88478756">
    <ele>224</ele>
    <extensions>
     <ql:flags>2147483656</ql:flags>
    </extensions>
   </trkpt>
   <trkpt lat="51.01115227" lon="13.88437986">
    <ele>226</ele>
    <extensions>
     <ql:flags>2147483656</ql:flags>
    </extensions>
   </trkpt>
   <trkpt lat="51.01119518" lon="13.88416529">
    <ele>225</ele>
    <extensions>
     <ql:flags>2147483656</ql:flags>
    </extensions>
   </trkpt>
   <trkpt lat="51.01128101" lon="13.88373613">
    <ele>224</ele>
    <extensions>
     <ql:flags>2147483656</ql:flags>
    </extensions>
   </trkpt>
   <trkpt lat="51.01140976" lon="13.88354301">
    <ele>224</ele>
    <extensions>
     <ql:flags>2147483656</ql:flags>
    </extensions>
   </trkpt>
   <trkpt lat="51.01153851" lon="13.88356447">
    <ele>229</ele>
    <extensions>
     <ql:flags>2147483656</ql:flags>
    </extensions>
   </trkpt>
   <trkpt lat="51.01166725" lon="13.88365030">
    <ele>234</ele>
    <extensions>
     <ql:flags>2147483656</ql:flags>
    </extensions>
   </trkpt>
   <trkpt lat="51.01194620" lon="13.88407946">
    <ele>247</ele>
    <extensions>
     <ql:flags>2147483656</ql:flags>
    </extensions>
   </trkpt>
   <trkpt lat="51.01207495" lon="13.88412237">
    <ele>251</ele>
    <extensions>
     <ql:flags>2147483656</ql:flags>
    </extensions>
   </trkpt>
   <trkpt lat="51.01222515" lon="13.88407946">
    <ele>253</ele>
    <extensions>
     <ql:flags>2147483656</ql:flags>
    </extensions>
   </trkpt>
   <trkpt lat="51.01228952" lon="13.88403654">
    <ele>253</ele>
    <extensions>
     <ql:flags>2147483656</ql:flags>
    </extensions>
   </trkpt>
   <trkpt lat="51.01235390" lon="13.88401508">
    <ele>254</ele>
    <extensions>
     <ql:flags>2147483656</ql:flags>
    </extensions>
   </trkpt>
   <trkpt lat="51.01241827" lon="13.88390779">
    <ele>254</ele>
    <extensions>
     <ql:flags>2147483656</ql:flags>
    </extensions>
   </trkpt>
   <trkpt lat="51.01250410" lon="13.88352156">
    <ele>251</ele>
    <extensions>
     <ql:flags>2147483656</ql:flags>
    </extensions>
   </trkpt>
   <trkpt lat="51.01261139" lon="13.88332844">
    <ele>250</ele>
    <extensions>
     <ql:flags>2147483656</ql:flags>
    </extensions>
   </trkpt>
   <trkpt lat="51.01267576" lon="13.88304949">
    <ele>248</ele>
    <extensions>
     <ql:flags>2147483656</ql:flags>
    </extensions>
   </trkpt>
   <trkpt lat="51.01274014" lon="13.88270617">
    <ele>246</ele>
    <extensions>
     <ql:flags>2147483656</ql:flags>
    </extensions>
   </trkpt>
   <trkpt lat="51.01274014" lon="13.88259888">
    <ele>245</ele>
    <extensions>
     <ql:flags>2147483656</ql:flags>
    </extensions>
   </trkpt>
   <trkpt lat="51.01276159" lon="13.88244867">
    <ele>245</ele>
    <extensions>
     <ql:flags>2147483656</ql:flags>
    </extensions>
   </trkpt>
   <trkpt lat="51.01276159" lon="13.88238430">
    <ele>245</ele>
    <extensions>
     <ql:flags>2147483656</ql:flags>
    </extensions>
   </trkpt>
   <trkpt lat="51.01278305" lon="13.88225555">
    <ele>245</ele>
    <extensions>
     <ql:flags>2147483656</ql:flags>
    </extensions>
   </trkpt>
   <trkpt lat="51.01282597" lon="13.88212681">
    <ele>245</ele>
    <extensions>
     <ql:flags>2147483656</ql:flags>
    </extensions>
   </trkpt>
   <trkpt lat="51.01284742" lon="13.88204098">
    <ele>245</ele>
    <extensions>
     <ql:flags>2147483656</ql:flags>
    </extensions>
   </trkpt>
   <trkpt lat="51.01291180" lon="13.88191223">
    <ele>246</ele>
    <extensions>
     <ql:flags>2147483656</ql:flags>
    </extensions>
   </trkpt>
   <trkpt lat="51.01299763" lon="13.88171911">
    <ele>245</ele>
    <extensions>
     <ql:flags>2147483656</ql:flags>
    </extensions>
   </trkpt>
   <trkpt lat="51.01304054" lon="13.88165474">
    <ele>245</ele>
    <extensions>
     <ql:flags>2147483656</ql:flags>
    </extensions>
   </trkpt>
   <trkpt lat="51.01308346" lon="13.88150454">
    <ele>244</ele>
    <extensions>
     <ql:flags>2147483656</ql:flags>
    </extensions>
   </trkpt>
   <trkpt lat="51.01308346" lon="13.88144016">
    <ele>244</ele>
    <extensions>
     <ql:flags>2147483656</ql:flags>
    </extensions>
   </trkpt>
   <trkpt lat="51.01314783" lon="13.88116121">
    <ele>242</ele>
    <extensions>
     <ql:flags>2147483656</ql:flags>
    </extensions>
   </trkpt>
   <trkpt lat="51.01323366" lon="13.88088226">
    <ele>240</ele>
    <extensions>
     <ql:flags>2147483656</ql:flags>
    </extensions>
   </trkpt>
   <trkpt lat="51.01336241" lon="13.88075352">
    <ele>240</ele>
    <extensions>
     <ql:flags>2147483656</ql:flags>
    </extensions>
   </trkpt>
   <trkpt lat="51.01340532" lon="13.88062477">
    <ele>239</ele>
    <extensions>
     <ql:flags>2147483656</ql:flags>
    </extensions>
   </trkpt>
   <trkpt lat="51.01342678" lon="13.88060331">
    <ele>239</ele>
    <extensions>
     <ql:flags>2147483656</ql:flags>
    </extensions>
   </trkpt>
   <trkpt lat="51.01346970" lon="13.88064623">
    <ele>239</ele>
    <extensions>
     <ql:flags>2147483656</ql:flags>
    </extensions>
   </trkpt>
   <trkpt lat="51.01349115" lon="13.88062477">
    <ele>239</ele>
    <extensions>
     <ql:flags>2147483656</ql:flags>
    </extensions>
   </trkpt>
   <trkpt lat="51.01355152" lon="13.88054301">
    <ele>239</ele>
    <extensions>
     <ql:flags>2147483648</ql:flags>
    </extensions>
   </trkpt>
   <trkpt lat="51.01355553" lon="13.88053894">
    <ele>239</ele>
    <extensions>
     <ql:flags>2147483656</ql:flags>
    </extensions>
   </trkpt>
   <trkpt lat="51.01357698" lon="13.88049603">
    <ele>239</ele>
    <extensions>
     <ql:flags>2147483656</ql:flags>
    </extensions>
   </trkpt>
   <trkpt lat="51.01361990" lon="13.88019562">
    <ele>237</ele>
    <extensions>
     <ql:flags>2147483656</ql:flags>
    </extensions>
   </trkpt>
   <trkpt lat="51.01364136" lon="13.88006687">
    <ele>236</ele>
    <extensions>
     <ql:flags>2147483656</ql:flags>
    </extensions>
   </trkpt>
   <trkpt lat="51.01360059" lon="13.87976785">
    <ele>232</ele>
    <extensions>
     <ql:flags>2147483648</ql:flags>
    </extensions>
   </trkpt>
   <trkpt lat="51.01359213" lon="13.87969006">
    <ele>231</ele>
    <extensions>
     <ql:flags>2147483648</ql:flags>
    </extensions>
   </trkpt>
   <trkpt lat="51.01353407" lon="13.87910128">
    <ele>221</ele>
    <extensions>
     <ql:flags>2147483656</ql:flags>
    </extensions>
   </trkpt>
   <trkpt lat="51.01336241" lon="13.87824297">
    <ele>203</ele>
    <extensions>
     <ql:flags>2147483656</ql:flags>
    </extensions>
   </trkpt>
   <trkpt lat="51.01321220" lon="13.87772799">
    <ele>191</ele>
    <extensions>
     <ql:flags>2147483656</ql:flags>
    </extensions>
   </trkpt>
   <trkpt lat="51.01310492" lon="13.87725592">
    <ele>181</ele>
    <extensions>
     <ql:flags>2147483656</ql:flags>
    </extensions>
   </trkpt>
   <trkpt lat="51.01310492" lon="13.87721300">
    <ele>181</ele>
    <extensions>
     <ql:flags>2147483656</ql:flags>
    </extensions>
   </trkpt>
   <trkpt lat="51.01308346" lon="13.87693405">
    <ele>177</ele>
    <extensions>
     <ql:flags>2147483656</ql:flags>
    </extensions>
   </trkpt>
   <trkpt lat="51.01319028" lon="13.87648348">
    <ele>177</ele>
    <extensions>
     <ql:flags>2147483648</ql:flags>
    </extensions>
   </trkpt>
   <trkpt lat="51.01323427" lon="13.87631719">
    <ele>177</ele>
    <extensions>
     <ql:flags>2147483648</ql:flags>
    </extensions>
   </trkpt>
   <trkpt lat="51.01329803" lon="13.87626886">
    <ele>180</ele>
    <extensions>
     <ql:flags>2147483656</ql:flags>
    </extensions>
   </trkpt>
   <trkpt lat="51.01336241" lon="13.87626886">
    <ele>182</ele>
    <extensions>
     <ql:flags>2147483656</ql:flags>
    </extensions>
   </trkpt>
   <trkpt lat="51.01344824" lon="13.87626886">
    <ele>186</ele>
    <extensions>
     <ql:flags>2147483656</ql:flags>
    </extensions>
   </trkpt>
   <trkpt lat="51.01357698" lon="13.87616158">
    <ele>190</ele>
    <extensions>
     <ql:flags>2147483656</ql:flags>
    </extensions>
   </trkpt>
   <trkpt lat="51.01357698" lon="13.87603283">
    <ele>188</ele>
    <extensions>
     <ql:flags>2147483656</ql:flags>
    </extensions>
   </trkpt>
   <trkpt lat="51.01342678" lon="13.87598991">
    <ele>181</ele>
    <extensions>
     <ql:flags>2147483656</ql:flags>
    </extensions>
   </trkpt>
   <trkpt lat="51.01327658" lon="13.87588263">
    <ele>173</ele>
    <extensions>
     <ql:flags>2147483656</ql:flags>
    </extensions>
   </trkpt>
   <trkpt lat="51.01321312" lon="13.87584109">
    <ele>170</ele>
    <extensions>
     <ql:flags>2147483648</ql:flags>
    </extensions>
   </trkpt>
   <trkpt lat="51.01323258" lon="13.87579952">
    <ele>170</ele>
    <extensions>
     <ql:flags>2147483648</ql:flags>
    </extensions>
   </trkpt>
   <trkpt lat="51.01359805" lon="13.87586389">
    <ele>186</ele>
    <extensions>
     <ql:flags>2147483648</ql:flags>
    </extensions>
   </trkpt>
   <trkpt lat="51.01361751" lon="13.87580086">
    <ele>186</ele>
    <extensions>
     <ql:flags>2147483648</ql:flags>
    </extensions>
   </trkpt>
   <trkpt lat="51.01325373" lon="13.87558360">
    <ele>168</ele>
    <extensions>
     <ql:flags>2147483648</ql:flags>
    </extensions>
   </trkpt>
   <trkpt lat="51.01327827" lon="13.87554471">
    <ele>168</ele>
    <extensions>
     <ql:flags>2147483648</ql:flags>
    </extensions>
   </trkpt>
   <trkpt lat="51.01334095" lon="13.87553930">
    <ele>171</ele>
    <extensions>
     <ql:flags>2147483656</ql:flags>
    </extensions>
   </trkpt>
   <trkpt lat="51.01353407" lon="13.87549639">
    <ele>178</ele>
    <extensions>
     <ql:flags>2147483656</ql:flags>
    </extensions>
   </trkpt>
   <trkpt lat="51.01370041" lon="13.87549509">
    <ele>185</ele>
    <extensions>
     <ql:flags>2147483648</ql:flags>
    </extensions>
   </trkpt>
   <trkpt lat="51.01372326" lon="13.87543340">
    <ele>185</ele>
    <extensions>
     <ql:flags>2147483648</ql:flags>
    </extensions>
   </trkpt>
   <trkpt lat="51.01355553" lon="13.87526035">
    <ele>174</ele>
    <extensions>
     <ql:flags>2147483656</ql:flags>
    </extensions>
   </trkpt>
   <trkpt lat="51.01355553" lon="13.87519598">
    <ele>173</ele>
    <extensions>
     <ql:flags>2147483656</ql:flags>
    </extensions>
   </trkpt>
   <trkpt lat="51.01359844" lon="13.87517452">
    <ele>174</ele>
    <extensions>
     <ql:flags>2147483656</ql:flags>
    </extensions>
   </trkpt>
   <trkpt lat="51.01366282" lon="13.87517452">
    <ele>176</ele>
    <extensions>
     <ql:flags>2147483656</ql:flags>
    </extensions>
   </trkpt>
   <trkpt lat="51.01370573" lon="13.87515306">
    <ele>177</ele>
    <extensions>
     <ql:flags>2147483656</ql:flags>
    </extensions>
   </trkpt>
   <trkpt lat="51.01370573" lon="13.87511015">
    <ele>176</ele>
    <extensions>
     <ql:flags>2147483656</ql:flags>
    </extensions>
   </trkpt>
   <trkpt lat="51.01368427" lon="13.87502432">
    <ele>173</ele>
    <extensions>
     <ql:flags>2147483656</ql:flags>
    </extensions>
   </trkpt>
   <trkpt lat="51.01364136" lon="13.87502432">
    <ele>172</ele>
    <extensions>
     <ql:flags>2147483656</ql:flags>
    </extensions>
   </trkpt>
   <trkpt lat="51.01359844" lon="13.87498140">
    <ele>169</ele>
    <extensions>
     <ql:flags>2147483656</ql:flags>
    </extensions>
   </trkpt>
   <trkpt lat="51.01361990" lon="13.87487411">
    <ele>168</ele>
    <extensions>
     <ql:flags>2147483656</ql:flags>
    </extensions>
   </trkpt>
   <trkpt lat="51.01364136" lon="13.87483120">
    <ele>167</ele>
    <extensions>
     <ql:flags>2147483656</ql:flags>
    </extensions>
   </trkpt>
   <trkpt lat="51.01361990" lon="13.87472391">
    <ele>164</ele>
    <extensions>
     <ql:flags>2147483656</ql:flags>
    </extensions>
   </trkpt>
   <trkpt lat="51.01364035" lon="13.87468506">
    <ele>164</ele>
    <extensions>
     <ql:flags>2147483648</ql:flags>
    </extensions>
   </trkpt>
   <trkpt lat="51.01364136" lon="13.87468100">
    <ele>164</ele>
    <extensions>
     <ql:flags>2147483656</ql:flags>
    </extensions>
   </trkpt>
   <trkpt lat="51.01351599" lon="13.87461935">
    <ele>159</ele>
    <extensions>
     <ql:flags>2147483648</ql:flags>
    </extensions>
   </trkpt>
   <trkpt lat="51.01351261" lon="13.87461662">
    <ele>159</ele>
    <extensions>
     <ql:flags>2147483656</ql:flags>
    </extensions>
   </trkpt>
   <trkpt lat="51.01351261" lon="13.87448788">
    <ele>156</ele>
    <extensions>
     <ql:flags>2147483656</ql:flags>
    </extensions>
   </trkpt>
   <trkpt lat="51.01346970" lon="13.87440205">
    <ele>154</ele>
    <extensions>
     <ql:flags>2147483656</ql:flags>
    </extensions>
   </trkpt>
   <trkpt lat="51.01334095" lon="13.87431622">
    <ele>150</ele>
    <extensions>
     <ql:flags>2147483656</ql:flags>
    </extensions>
   </trkpt>
   <trkpt lat="51.01323366" lon="13.87429476">
    <ele>148</ele>
    <extensions>
     <ql:flags>2147483656</ql:flags>
    </extensions>
   </trkpt>
   <trkpt lat="51.01306200" lon="13.87429476">
    <ele>144</ele>
    <extensions>
     <ql:flags>2147483656</ql:flags>
    </extensions>
   </trkpt>
   <trkpt lat="51.01302024" lon="13.87425188">
    <ele>143</ele>
    <extensions>
     <ql:flags>2147483648</ql:flags>
    </extensions>
   </trkpt>
   <trkpt lat="51.01299763" lon="13.87416601">
    <ele>142</ele>
    <extensions>
     <ql:flags>2147483656</ql:flags>
    </extensions>
   </trkpt>
   <trkpt lat="51.01299763" lon="13.87403727">
    <ele>141</ele>
    <extensions>
     <ql:flags>2147483656</ql:flags>
    </extensions>
   </trkpt>
   <trkpt lat="51.01308346" lon="13.87356520">
    <ele>139</ele>
    <extensions>
     <ql:flags>2147483656</ql:flags>
    </extensions>
   </trkpt>
   <trkpt lat="51.01306200" lon="13.87347937">
    <ele>138</ele>
    <extensions>
     <ql:flags>2147483656</ql:flags>
    </extensions>
   </trkpt>
   <trkpt lat="51.01293648" lon="13.87326483">
    <ele>136</ele>
    <extensions>
     <ql:flags>2147483648</ql:flags>
    </extensions>
   </trkpt>
   <trkpt lat="51.01282597" lon="13.87311459">
    <ele>135</ele>
    <extensions>
     <ql:flags>2147483656</ql:flags>
    </extensions>
   </trkpt>
   <trkpt lat="51.01274014" lon="13.87302876">
    <ele>134</ele>
    <extensions>
     <ql:flags>2147483656</ql:flags>
    </extensions>
   </trkpt>
   <trkpt lat="51.01263446" lon="13.87290273">
    <ele>134</ele>
    <extensions>
     <ql:flags>2147483648</ql:flags>
    </extensions>
   </trkpt>
   <trkpt lat="51.01263285" lon="13.87298584">
    <ele>134</ele>
    <extensions>
     <ql:flags>2147483656</ql:flags>
    </extensions>
   </trkpt>
   <trkpt lat="51.01258993" lon="13.87311459">
    <ele>134</ele>
    <extensions>
     <ql:flags>2147483656</ql:flags>
    </extensions>
   </trkpt>
   <trkpt lat="51.01235358" lon="13.87353037">
    <ele>133</ele>
    <extensions>
     <ql:flags>2147483648</ql:flags>
    </extensions>
   </trkpt>
  </trkseg>
 </trk>
 <trk>
  <name>Track (Schloss Pillnitz)</name>
  <extensions>
   <ql:key>1b43d7bffa6200d2bc14564d47cd69b2</ql:key>
   <ql:flags>1</ql:flags>
   <ql:history>
    <ql:event>
     <ql:icon>://icons/48x48/Start.png</ql:icon>
     <ql:time>2020-06-26T12:34:09.154Z</ql:time>
     <ql:comment>Erstversion.</ql:comment>
    </ql:event>
    <ql:event>
     <ql:icon>://icons/48x48/ActFoot.png</ql:icon>
     <ql:time>2020-06-30T16:41:36.020Z</ql:time>
     <ql:comment>Die Aktivität wurde für den gesamten Track auf 'Fußgänger' geändert.</ql:comment>
    </ql:event>
   </ql:history>
   <gpxx:TrackExtension>
    <gpxx:DisplayColor>DarkRed</gpxx:DisplayColor>
   </gpxx:TrackExtension>
  </extensions>
  <trkseg>
   <trkpt lat="51.01263446" lon="13.87289737">
    <ele>134</ele>
    <extensions>
     <ql:flags>2147483648</ql:flags>
    </extensions>
   </trkpt>
   <trkpt lat="51.01261139" lon="13.87277126">
    <ele>133</ele>
    <extensions>
     <ql:flags>2147483656</ql:flags>
    </extensions>
   </trkpt>
   <trkpt lat="51.01258993" lon="13.87270689">
    <ele>133</ele>
    <extensions>
     <ql:flags>2147483656</ql:flags>
    </extensions>
   </trkpt>
   <trkpt lat="51.01256847" lon="13.87266397">
    <ele>132</ele>
    <extensions>
     <ql:flags>2147483656</ql:flags>
    </extensions>
   </trkpt>
   <trkpt lat="51.01252556" lon="13.87259960">
    <ele>132</ele>
    <extensions>
     <ql:flags>2147483656</ql:flags>
    </extensions>
   </trkpt>
   <trkpt lat="51.01235390" lon="13.87234211">
    <ele>130</ele>
    <extensions>
     <ql:flags>2147483656</ql:flags>
    </extensions>
   </trkpt>
   <trkpt lat="51.01222515" lon="13.87212753">
    <ele>129</ele>
    <extensions>
     <ql:flags>2147483656</ql:flags>
    </extensions>
   </trkpt>
   <trkpt lat="51.01218224" lon="13.87202024">
    <ele>128</ele>
    <extensions>
     <ql:flags>2147483656</ql:flags>
    </extensions>
   </trkpt>
   <trkpt lat="51.01209641" lon="13.87187004">
    <ele>128</ele>
    <extensions>
     <ql:flags>2147483656</ql:flags>
    </extensions>
   </trkpt>
   <trkpt lat="51.01205349" lon="13.87171984">
    <ele>127</ele>
    <extensions>
     <ql:flags>2147483656</ql:flags>
    </extensions>
   </trkpt>
   <trkpt lat="51.01201057" lon="13.87154818">
    <ele>127</ele>
    <extensions>
     <ql:flags>2147483656</ql:flags>
    </extensions>
   </trkpt>
   <trkpt lat="51.01201057" lon="13.87141943">
    <ele>126</ele>
    <extensions>
     <ql:flags>2147483656</ql:flags>
    </extensions>
   </trkpt>
   <trkpt lat="51.01202956" lon="13.87129207">
    <ele>126</ele>
    <extensions>
     <ql:flags>2147483648</ql:flags>
    </extensions>
   </trkpt>
   <trkpt lat="51.01196766" lon="13.87120485">
    <ele>126</ele>
    <extensions>
     <ql:flags>2147483656</ql:flags>
    </extensions>
   </trkpt>
   <trkpt lat="51.01190329" lon="13.87116194">
    <ele>126</ele>
    <extensions>
     <ql:flags>2147483656</ql:flags>
    </extensions>
   </trkpt>
   <trkpt lat="51.01173684" lon="13.87124781">
    <ele>126</ele>
    <extensions>
     <ql:flags>2147483648</ql:flags>
    </extensions>
   </trkpt>
   <trkpt lat="51.01151705" lon="13.87135506">
    <ele>126</ele>
    <extensions>
     <ql:flags>2147483656</ql:flags>
    </extensions>
   </trkpt>
   <trkpt lat="51.01149741" lon="13.87137253">
    <ele>126</ele>
    <extensions>
     <ql:flags>2147483648</ql:flags>
    </extensions>
   </trkpt>
   <trkpt lat="51.01151705" lon="13.87141943">
    <ele>126</ele>
    <extensions>
     <ql:flags>2147483656</ql:flags>
    </extensions>
   </trkpt>
   <trkpt lat="51.01147413" lon="13.87144089">
    <ele>126</ele>
    <extensions>
     <ql:flags>2147483656</ql:flags>
    </extensions>
   </trkpt>
   <trkpt lat="51.01143122" lon="13.87150526">
    <ele>126</ele>
    <extensions>
     <ql:flags>2147483656</ql:flags>
    </extensions>
   </trkpt>
   <trkpt lat="51.01158142" lon="13.87187004">
    <ele>127</ele>
    <extensions>
     <ql:flags>2147483656</ql:flags>
    </extensions>
   </trkpt>
   <trkpt lat="51.01155996" lon="13.87191296">
    <ele>127</ele>
    <extensions>
     <ql:flags>2147483656</ql:flags>
    </extensions>
   </trkpt>
   <trkpt lat="51.01153851" lon="13.87202024">
    <ele>127</ele>
    <extensions>
     <ql:flags>2147483656</ql:flags>
    </extensions>
   </trkpt>
   <trkpt lat="51.01153851" lon="13.87210608">
    <ele>127</ele>
    <extensions>
     <ql:flags>2147483656</ql:flags>
    </extensions>
   </trkpt>
   <trkpt lat="51.01155996" lon="13.87217045">
    <ele>127</ele>
    <extensions>
     <ql:flags>2147483656</ql:flags>
    </extensions>
   </trkpt>
   <trkpt lat="51.01158142" lon="13.87223482">
    <ele>127</ele>
    <extensions>
     <ql:flags>2147483656</ql:flags>
    </extensions>
   </trkpt>
   <trkpt lat="51.01162434" lon="13.87229919">
    <ele>128</ele>
    <extensions>
     <ql:flags>2147483656</ql:flags>
    </extensions>
   </trkpt>
   <trkpt lat="51.01166725" lon="13.87232065">
    <ele>128</ele>
    <extensions>
     <ql:flags>2147483656</ql:flags>
    </extensions>
   </trkpt>
   <trkpt lat="51.01168871" lon="13.87232065">
    <ele>128</ele>
    <extensions>
     <ql:flags>2147483656</ql:flags>
    </extensions>
   </trkpt>
   <trkpt lat="51.01171017" lon="13.87232065">
    <ele>128</ele>
    <extensions>
     <ql:flags>2147483656</ql:flags>
    </extensions>
   </trkpt>
   <trkpt lat="51.01179600" lon="13.87259960">
    <ele>128</ele>
    <extensions>
     <ql:flags>2147483656</ql:flags>
    </extensions>
   </trkpt>
   <trkpt lat="51.01181721" lon="13.87274717">
    <ele>129</ele>
    <extensions>
     <ql:flags>2147483648</ql:flags>
    </extensions>
   </trkpt>
   <trkpt lat="51.01181746" lon="13.87274981">
    <ele>129</ele>
    <extensions>
     <ql:flags>2147483656</ql:flags>
    </extensions>
   </trkpt>
   <trkpt lat="51.01175291" lon="13.87281288">
    <ele>128</ele>
    <extensions>
     <ql:flags>2147483648</ql:flags>
    </extensions>
   </trkpt>
   <trkpt lat="51.01175308" lon="13.87281418">
    <ele>128</ele>
    <extensions>
     <ql:flags>2147483656</ql:flags>
    </extensions>
   </trkpt>
   <trkpt lat="51.01188183" lon="13.87300730">
    <ele>130</ele>
    <extensions>
     <ql:flags>2147483656</ql:flags>
    </extensions>
   </trkpt>
   <trkpt lat="51.01194620" lon="13.87311459">
    <ele>130</ele>
    <extensions>
     <ql:flags>2147483656</ql:flags>
    </extensions>
   </trkpt>
   <trkpt lat="51.01209641" lon="13.87341499">
    <ele>131</ele>
    <extensions>
     <ql:flags>2147483656</ql:flags>
    </extensions>
   </trkpt>
   <trkpt lat="51.01209641" lon="13.87343645">
    <ele>131</ele>
    <extensions>
     <ql:flags>2147483656</ql:flags>
    </extensions>
   </trkpt>
   <trkpt lat="51.01179600" lon="13.87397289">
    <ele>129</ele>
    <extensions>
     <ql:flags>2147483656</ql:flags>
    </extensions>
   </trkpt>
   <trkpt lat="51.01175308" lon="13.87408018">
    <ele>128</ele>
    <extensions>
     <ql:flags>2147483656</ql:flags>
    </extensions>
   </trkpt>
   <trkpt lat="51.01130247" lon="13.87350082">
    <ele>126</ele>
    <extensions>
     <ql:flags>2147483656</ql:flags>
    </extensions>
   </trkpt>
   <trkpt lat="51.01128101" lon="13.87345791">
    <ele>126</ele>
    <extensions>
     <ql:flags>2147483656</ql:flags>
    </extensions>
   </trkpt>
   <trkpt lat="51.01128101" lon="13.87332916">
    <ele>126</ele>
    <extensions>
     <ql:flags>2147483656</ql:flags>
    </extensions>
   </trkpt>
   <trkpt lat="51.01130247" lon="13.87326479">
    <ele>126</ele>
    <extensions>
     <ql:flags>2147483656</ql:flags>
    </extensions>
   </trkpt>
   <trkpt lat="51.01149487" lon="13.87294565">
    <ele>127</ele>
    <extensions>
     <ql:flags>2147483648</ql:flags>
    </extensions>
   </trkpt>
   <trkpt lat="51.01145003" lon="13.87293894">
    <ele>126</ele>
    <extensions>
     <ql:flags>2147483648</ql:flags>
    </extensions>
   </trkpt>
   <trkpt lat="51.01151705" lon="13.87283564">
    <ele>127</ele>
    <extensions>
     <ql:flags>2147483656</ql:flags>
    </extensions>
   </trkpt>
   <trkpt lat="51.01156086" lon="13.87264256">
    <ele>127</ele>
    <extensions>
     <ql:flags>2147483648</ql:flags>
    </extensions>
   </trkpt>
   <trkpt lat="51.01155996" lon="13.87264252">
    <ele>127</ele>
    <extensions>
     <ql:flags>2147483656</ql:flags>
    </extensions>
   </trkpt>
   <trkpt lat="51.01140976" lon="13.87249231">
    <ele>127</ele>
    <extensions>
     <ql:flags>2147483656</ql:flags>
    </extensions>
   </trkpt>
   <trkpt lat="51.01134539" lon="13.87232065">
    <ele>127</ele>
    <extensions>
     <ql:flags>2147483656</ql:flags>
    </extensions>
   </trkpt>
   <trkpt lat="51.01132393" lon="13.87227774">
    <ele>127</ele>
    <extensions>
     <ql:flags>2147483656</ql:flags>
    </extensions>
   </trkpt>
   <trkpt lat="51.01130247" lon="13.87217045">
    <ele>127</ele>
    <extensions>
     <ql:flags>2147483656</ql:flags>
    </extensions>
   </trkpt>
   <trkpt lat="51.01132393" lon="13.87184858">
    <ele>127</ele>
    <extensions>
     <ql:flags>2147483656</ql:flags>
    </extensions>
   </trkpt>
   <trkpt lat="51.01132567" lon="13.87150664">
    <ele>126</ele>
    <extensions>
     <ql:flags>2147483648</ql:flags>
    </extensions>
   </trkpt>
   <trkpt lat="51.01132393" lon="13.87150526">
    <ele>126</ele>
    <extensions>
     <ql:flags>2147483656</ql:flags>
    </extensions>
   </trkpt>
   <trkpt lat="51.01128101" lon="13.87150526">
    <ele>126</ele>
    <extensions>
     <ql:flags>2147483656</ql:flags>
    </extensions>
   </trkpt>
   <trkpt lat="51.01117373" lon="13.87144089">
    <ele>126</ele>
    <extensions>
     <ql:flags>2147483656</ql:flags>
    </extensions>
   </trkpt>
   <trkpt lat="51.01108201" lon="13.87133364">
    <ele>126</ele>
    <extensions>
     <ql:flags>2147483648</ql:flags>
    </extensions>
   </trkpt>
   <trkpt lat="51.01108789" lon="13.87133360">
    <ele>126</ele>
    <extensions>
     <ql:flags>2147483656</ql:flags>
    </extensions>
   </trkpt>
   <trkpt lat="51.01089478" lon="13.87099028">
    <ele>126</ele>
    <extensions>
     <ql:flags>2147483656</ql:flags>
    </extensions>
   </trkpt>
   <trkpt lat="51.01085104" lon="13.87092460">
    <ele>126</ele>
    <extensions>
     <ql:flags>2147483648</ql:flags>
    </extensions>
   </trkpt>
   <trkpt lat="51.01059437" lon="13.87058258">
    <ele>125</ele>
    <extensions>
     <ql:flags>2147483656</ql:flags>
    </extensions>
   </trkpt>
   <trkpt lat="51.01037979" lon="13.87036800">
    <ele>125</ele>
    <extensions>
     <ql:flags>2147483656</ql:flags>
    </extensions>
   </trkpt>
   <trkpt lat="51.01012230" lon="13.87000322">
    <ele>122</ele>
    <extensions>
     <ql:flags>2147483656</ql:flags>
    </extensions>
   </trkpt>
   <trkpt lat="51.01005793" lon="13.86989594">
    <ele>121</ele>
    <extensions>
     <ql:flags>2147483656</ql:flags>
    </extensions>
   </trkpt>
   <trkpt lat="51.00999355" lon="13.86989594">
    <ele>121</ele>
    <extensions>
     <ql:flags>2147483656</ql:flags>
    </extensions>
   </trkpt>
   <trkpt lat="51.00984509" lon="13.86989464">
    <ele>120</ele>
    <extensions>
     <ql:flags>2147483648</ql:flags>
    </extensions>
   </trkpt>
   <trkpt lat="51.00984335" lon="13.86989594">
    <ele>120</ele>
    <extensions>
     <ql:flags>2147483656</ql:flags>
    </extensions>
   </trkpt>
   <trkpt lat="51.00973606" lon="13.86998177">
    <ele>120</ele>
    <extensions>
     <ql:flags>2147483656</ql:flags>
    </extensions>
   </trkpt>
   <trkpt lat="51.00967419" lon="13.87000058">
    <ele>120</ele>
    <extensions>
     <ql:flags>2147483648</ql:flags>
    </extensions>
   </trkpt>
   <trkpt lat="51.00967169" lon="13.87000322">
    <ele>120</ele>
    <extensions>
     <ql:flags>2147483656</ql:flags>
    </extensions>
   </trkpt>
   <trkpt lat="51.00939274" lon="13.87047529">
    <ele>120</ele>
    <extensions>
     <ql:flags>2147483656</ql:flags>
    </extensions>
   </trkpt>
   <trkpt lat="51.00917816" lon="13.87079716">
    <ele>120</ele>
    <extensions>
     <ql:flags>2147483656</ql:flags>
    </extensions>
   </trkpt>
   <trkpt lat="51.00892203" lon="13.87122367">
    <ele>119</ele>
    <extensions>
     <ql:flags>2147483648</ql:flags>
    </extensions>
   </trkpt>
   <trkpt lat="51.00866318" lon="13.87118340">
    <ele>119</ele>
    <extensions>
     <ql:flags>2147483656</ql:flags>
    </extensions>
   </trkpt>
   <trkpt lat="51.00855589" lon="13.87103319">
    <ele>118</ele>
    <extensions>
     <ql:flags>2147483656</ql:flags>
    </extensions>
   </trkpt>
   <trkpt lat="51.00847006" lon="13.87090445">
    <ele>118</ele>
    <extensions>
     <ql:flags>2147483656</ql:flags>
    </extensions>
   </trkpt>
   <trkpt lat="51.00836277" lon="13.87075424">
    <ele>117</ele>
    <extensions>
     <ql:flags>2147483656</ql:flags>
    </extensions>
   </trkpt>
   <trkpt lat="51.00827694" lon="13.87058258">
    <ele>117</ele>
    <extensions>
     <ql:flags>2147483656</ql:flags>
    </extensions>
   </trkpt>
   <trkpt lat="51.00825548" lon="13.87047529">
    <ele>116</ele>
    <extensions>
     <ql:flags>2147483656</ql:flags>
    </extensions>
   </trkpt>
   <trkpt lat="51.00821471" lon="13.87020041">
    <ele>115</ele>
    <extensions>
     <ql:flags>2147483648</ql:flags>
    </extensions>
   </trkpt>
   <trkpt lat="51.00821257" lon="13.87019634">
    <ele>115</ele>
    <extensions>
     <ql:flags>2147483656</ql:flags>
    </extensions>
   </trkpt>
   <trkpt lat="51.00842714" lon="13.86978865">
    <ele>115</ele>
    <extensions>
     <ql:flags>2147483656</ql:flags>
    </extensions>
   </trkpt>
   <trkpt lat="51.00861829" lon="13.86944671">
    <ele>116</ele>
    <extensions>
     <ql:flags>2147483648</ql:flags>
    </extensions>
   </trkpt>
   <trkpt lat="51.00887719" lon="13.86895586">
    <ele>116</ele>
    <extensions>
     <ql:flags>2147483648</ql:flags>
    </extensions>
   </trkpt>
   <trkpt lat="51.00919962" lon="13.86903763">
    <ele>117</ele>
    <extensions>
     <ql:flags>2147483656</ql:flags>
    </extensions>
   </trkpt>
   <trkpt lat="51.00930691" lon="13.86916637">
    <ele>117</ele>
    <extensions>
     <ql:flags>2147483656</ql:flags>
    </extensions>
   </trkpt>
   <trkpt lat="51.00930446" lon="13.86916507">
    <ele>117</ele>
    <extensions>
     <ql:flags>2147483648</ql:flags>
    </extensions>
   </trkpt>
   <trkpt lat="51.00930691" lon="13.86916637">
    <ele>117</ele>
    <extensions>
     <ql:flags>2147483656</ql:flags>
    </extensions>
   </trkpt>
   <trkpt lat="51.00941420" lon="13.86897326">
    <ele>117</ele>
    <extensions>
     <ql:flags>2147483656</ql:flags>
    </extensions>
   </trkpt>
   <trkpt lat="51.00956440" lon="13.86871576">
    <ele>117</ele>
    <extensions>
     <ql:flags>2147483656</ql:flags>
    </extensions>
   </trkpt>
   <trkpt lat="51.00969315" lon="13.86845827">
    <ele>117</ele>
    <extensions>
     <ql:flags>2147483656</ql:flags>
    </extensions>
   </trkpt>
   <trkpt lat="51.00984335" lon="13.86820078">
    <ele>117</ele>
    <extensions>
     <ql:flags>2147483656</ql:flags>
    </extensions>
   </trkpt>
   <trkpt lat="51.00999355" lon="13.86792183">
    <ele>117</ele>
    <extensions>
     <ql:flags>2147483656</ql:flags>
    </extensions>
   </trkpt>
   <trkpt lat="51.01003647" lon="13.86787891">
    <ele>117</ele>
    <extensions>
     <ql:flags>2147483656</ql:flags>
    </extensions>
   </trkpt>
   <trkpt lat="51.01012230" lon="13.86768579">
    <ele>117</ele>
    <extensions>
     <ql:flags>2147483656</ql:flags>
    </extensions>
   </trkpt>
   <trkpt lat="51.01029396" lon="13.86740685">
    <ele>117</ele>
    <extensions>
     <ql:flags>2147483656</ql:flags>
    </extensions>
   </trkpt>
   <trkpt lat="51.01035864" lon="13.86725802">
    <ele>118</ele>
    <extensions>
     <ql:flags>2147483648</ql:flags>
    </extensions>
   </trkpt>
   <trkpt lat="51.01031542" lon="13.86719227">
    <ele>117</ele>
    <extensions>
     <ql:flags>2147483656</ql:flags>
    </extensions>
   </trkpt>
   <trkpt lat="51.01035833" lon="13.86712790">
    <ele>118</ele>
    <extensions>
     <ql:flags>2147483656</ql:flags>
    </extensions>
   </trkpt>
   <trkpt lat="51.01037979" lon="13.86708498">
    <ele>118</ele>
    <extensions>
     <ql:flags>2147483656</ql:flags>
    </extensions>
   </trkpt>
   <trkpt lat="51.01042271" lon="13.86702061">
    <ele>118</ele>
    <extensions>
     <ql:flags>2147483656</ql:flags>
    </extensions>
   </trkpt>
   <trkpt lat="51.01042294" lon="13.86702333">
    <ele>118</ele>
    <extensions>
     <ql:flags>2147483648</ql:flags>
    </extensions>
   </trkpt>
   <trkpt lat="51.01046562" lon="13.86708498">
    <ele>118</ele>
    <extensions>
     <ql:flags>2147483656</ql:flags>
    </extensions>
   </trkpt>
   <trkpt lat="51.01046694" lon="13.86708905">
    <ele>118</ele>
    <extensions>
     <ql:flags>2147483648</ql:flags>
    </extensions>
   </trkpt>
   <trkpt lat="51.01108789" lon="13.86603355">
    <ele>118</ele>
    <extensions>
     <ql:flags>2147483656</ql:flags>
    </extensions>
   </trkpt>
   <trkpt lat="51.01140976" lon="13.86547565">
    <ele>117</ele>
    <extensions>
     <ql:flags>2147483656</ql:flags>
    </extensions>
   </trkpt>
   <trkpt lat="51.01196766" lon="13.86451006">
    <ele>118</ele>
    <extensions>
     <ql:flags>2147483656</ql:flags>
    </extensions>
   </trkpt>
   <trkpt lat="51.01226728" lon="13.86399780">
    <ele>117</ele>
    <extensions>
     <ql:flags>2147483648</ql:flags>
    </extensions>
   </trkpt>
   <trkpt lat="51.01248264" lon="13.86429548">
    <ele>117</ele>
    <extensions>
     <ql:flags>2147483656</ql:flags>
    </extensions>
   </trkpt>
   <trkpt lat="51.01252556" lon="13.86435986">
    <ele>116</ele>
    <extensions>
     <ql:flags>2147483656</ql:flags>
    </extensions>
   </trkpt>
   <trkpt lat="51.01295471" lon="13.86502504">
    <ele>115</ele>
    <extensions>
     <ql:flags>2147483656</ql:flags>
    </extensions>
   </trkpt>
   <trkpt lat="51.01308346" lon="13.86517525">
    <ele>115</ele>
    <extensions>
     <ql:flags>2147483656</ql:flags>
    </extensions>
   </trkpt>
   <trkpt lat="51.01319075" lon="13.86534691">
    <ele>115</ele>
    <extensions>
     <ql:flags>2147483656</ql:flags>
    </extensions>
   </trkpt>
   <trkpt lat="51.01329803" lon="13.86551857">
    <ele>115</ele>
    <extensions>
     <ql:flags>2147483656</ql:flags>
    </extensions>
   </trkpt>
   <trkpt lat="51.01331949" lon="13.86556149">
    <ele>115</ele>
    <extensions>
     <ql:flags>2147483656</ql:flags>
    </extensions>
   </trkpt>
   <trkpt lat="51.01340532" lon="13.86569023">
    <ele>115</ele>
    <extensions>
     <ql:flags>2147483656</ql:flags>
    </extensions>
   </trkpt>
   <trkpt lat="51.01361990" lon="13.86599064">
    <ele>115</ele>
    <extensions>
     <ql:flags>2147483656</ql:flags>
    </extensions>
   </trkpt>
   <trkpt lat="51.01370573" lon="13.86607647">
    <ele>116</ele>
    <extensions>
     <ql:flags>2147483656</ql:flags>
    </extensions>
   </trkpt>
   <trkpt lat="51.01370887" lon="13.86607651">
    <ele>116</ele>
    <extensions>
     <ql:flags>2147483648</ql:flags>
    </extensions>
   </trkpt>
   <trkpt lat="51.01372748" lon="13.86597056">
    <ele>115</ele>
    <extensions>
     <ql:flags>2147483648</ql:flags>
    </extensions>
   </trkpt>
   <trkpt lat="51.01377010" lon="13.86596918">
    <ele>115</ele>
    <extensions>
     <ql:flags>2147483656</ql:flags>
    </extensions>
   </trkpt>
   <trkpt lat="51.01379156" lon="13.86594772">
    <ele>116</ele>
    <extensions>
     <ql:flags>2147483656</ql:flags>
    </extensions>
   </trkpt>
   <trkpt lat="51.01381302" lon="13.86586189">
    <ele>115</ele>
    <extensions>
     <ql:flags>2147483656</ql:flags>
    </extensions>
   </trkpt>
   <trkpt lat="51.01385593" lon="13.86556149">
    <ele>115</ele>
    <extensions>
     <ql:flags>2147483656</ql:flags>
    </extensions>
   </trkpt>
   <trkpt lat="51.01383448" lon="13.86554003">
    <ele>115</ele>
    <extensions>
     <ql:flags>2147483656</ql:flags>
    </extensions>
   </trkpt>
   <trkpt lat="51.01386791" lon="13.86520479">
    <ele>114</ele>
    <extensions>
     <ql:flags>2147483648</ql:flags>
    </extensions>
   </trkpt>
  </trkseg>
 </trk>
 <extensions>
  <ql:key>24c0b4ed47fa57379dd85047185ed503</ql:key>
  <ql:sortingRoadbook>0</ql:sortingRoadbook>
  <ql:sortingFolder>0</ql:sortingFolder>
  <ql:correlation>1</ql:correlation>
 </extensions>
</gpx>
