<?xml version='1.0' encoding='UTF-8'?>
<gpx version="1.1" creator="https://www.komoot.de" xmlns="http://www.topografix.com/GPX/1/1" xmlns:xsi="http://www.w3.org/2001/XMLSchema-instance" xsi:schemaLocation="http://www.topografix.com/GPX/1/1 http://www.topografix.com/GPX/1/1/gpx.xsd">
  <metadata>
    <name>Wanderung 21.02.2021 13:34</name>
    <author>
      <link href="https://www.komoot.de">
        <text>komoot</text>
        <type>text/html</type>
      </link>
    </author>
  </metadata>
  <trk>
    <name>Wanderung 21.02.2021 13:34</name>
    <trkseg>
      <trkpt lat="51.144164" lon="13.803989">
        <ele>238.001253</ele>
        <time>2021-02-21T09:01:09.517Z</time>
      </trkpt>
      <trkpt lat="51.144066" lon="13.804006">
        <ele>238.001253</ele>
        <time>2021-02-21T09:01:19.744Z</time>
      </trkpt>
      <trkpt lat="51.143812" lon="13.803897">
        <ele>238.001253</ele>
        <time>2021-02-21T09:01:51.717Z</time>
      </trkpt>
      <trkpt lat="51.143725" lon="13.803849">
        <ele>238.001253</ele>
        <time>2021-02-21T09:01:56.721Z</time>
      </trkpt>
      <trkpt lat="51.143639" lon="13.803798">
        <ele>238.001253</ele>
        <time>2021-02-21T09:02:03.710Z</time>
      </trkpt>
      <trkpt lat="51.143541" lon="13.803755">
        <ele>238.001253</ele>
        <time>2021-02-21T09:02:11.716Z</time>
      </trkpt>
      <trkpt lat="51.143451" lon="13.803988">
        <ele>238.001253</ele>
        <time>2021-02-21T09:02:41.713Z</time>
      </trkpt>
      <trkpt lat="51.143445" lon="13.804144">
        <ele>237.907835</ele>
        <time>2021-02-21T09:02:48.721Z</time>
      </trkpt>
      <trkpt lat="51.143432" lon="13.804285">
        <ele>237.430165</ele>
        <time>2021-02-21T09:02:54.714Z</time>
      </trkpt>
      <trkpt lat="51.143422" lon="13.804443">
        <ele>236.897904</ele>
        <time>2021-02-21T09:03:03.716Z</time>
      </trkpt>
      <trkpt lat="51.143393" lon="13.804586">
        <ele>236.394188</ele>
        <time>2021-02-21T09:03:10.729Z</time>
      </trkpt>
      <trkpt lat="51.143374" lon="13.804733">
        <ele>235.891136</ele>
        <time>2021-02-21T09:03:18.718Z</time>
      </trkpt>
      <trkpt lat="51.143367" lon="13.804885">
        <ele>235.380302</ele>
        <time>2021-02-21T09:03:28.717Z</time>
      </trkpt>
      <trkpt lat="51.143337" lon="13.805031">
        <ele>234.865371</ele>
        <time>2021-02-21T09:03:36.723Z</time>
      </trkpt>
      <trkpt lat="51.143293" lon="13.805169">
        <ele>234.346526</ele>
        <time>2021-02-21T09:03:44.715Z</time>
      </trkpt>
      <trkpt lat="51.143324" lon="13.805427">
        <ele>233.466061</ele>
        <time>2021-02-21T09:04:30.725Z</time>
      </trkpt>
      <trkpt lat="51.143367" lon="13.805565">
        <ele>232.949615</ele>
        <time>2021-02-21T09:04:37.720Z</time>
      </trkpt>
      <trkpt lat="51.143411" lon="13.805702">
        <ele>232.433756</ele>
        <time>2021-02-21T09:04:44.715Z</time>
      </trkpt>
      <trkpt lat="51.143426" lon="13.805845">
        <ele>231.947806</ele>
        <time>2021-02-21T09:04:51.720Z</time>
      </trkpt>
      <trkpt lat="51.143459" lon="13.805986">
        <ele>231.443398</ele>
        <time>2021-02-21T09:04:58.716Z</time>
      </trkpt>
      <trkpt lat="51.143500" lon="13.806126">
        <ele>230.925550</ele>
        <time>2021-02-21T09:05:05.743Z</time>
      </trkpt>
      <trkpt lat="51.143540" lon="13.806256">
        <ele>230.440244</ele>
        <time>2021-02-21T09:05:12.717Z</time>
      </trkpt>
      <trkpt lat="51.143570" lon="13.806410">
        <ele>229.899768</ele>
        <time>2021-02-21T09:05:19.719Z</time>
      </trkpt>
      <trkpt lat="51.143503" lon="13.806528">
        <ele>229.366338</ele>
        <time>2021-02-21T09:05:33.721Z</time>
      </trkpt>
      <trkpt lat="51.143395" lon="13.806581">
        <ele>228.762623</ele>
        <time>2021-02-21T09:05:38.717Z</time>
      </trkpt>
      <trkpt lat="51.143297" lon="13.806589">
        <ele>228.463733</ele>
        <time>2021-02-21T09:05:46.747Z</time>
      </trkpt>
      <trkpt lat="51.143253" lon="13.806725">
        <ele>228.703027</ele>
        <time>2021-02-21T09:05:56.728Z</time>
      </trkpt>
      <trkpt lat="51.143220" lon="13.806898">
        <ele>228.985797</ele>
        <time>2021-02-21T09:06:03.715Z</time>
      </trkpt>
      <trkpt lat="51.143198" lon="13.807049">
        <ele>229.228218</ele>
        <time>2021-02-21T09:06:08.714Z</time>
      </trkpt>
      <trkpt lat="51.143173" lon="13.807208">
        <ele>229.484556</ele>
        <time>2021-02-21T09:06:18.716Z</time>
      </trkpt>
      <trkpt lat="51.143171" lon="13.807356">
        <ele>229.716055</ele>
        <time>2021-02-21T09:06:25.750Z</time>
      </trkpt>
      <trkpt lat="51.143188" lon="13.807511">
        <ele>229.962124</ele>
        <time>2021-02-21T09:06:37.719Z</time>
      </trkpt>
      <trkpt lat="51.143189" lon="13.807659">
        <ele>230.193583</ele>
        <time>2021-02-21T09:06:45.716Z</time>
      </trkpt>
      <trkpt lat="51.143186" lon="13.807817">
        <ele>230.440781</ele>
        <time>2021-02-21T09:06:50.718Z</time>
      </trkpt>
      <trkpt lat="51.143217" lon="13.807962">
        <ele>230.680340</ele>
        <time>2021-02-21T09:06:58.718Z</time>
      </trkpt>
      <trkpt lat="51.143214" lon="13.808115">
        <ele>230.919721</ele>
        <time>2021-02-21T09:07:07.716Z</time>
      </trkpt>
      <trkpt lat="51.143207" lon="13.808264">
        <ele>231.153383</ele>
        <time>2021-02-21T09:07:13.710Z</time>
      </trkpt>
      <trkpt lat="51.143193" lon="13.808415">
        <ele>231.392085</ele>
        <time>2021-02-21T09:07:20.712Z</time>
      </trkpt>
      <trkpt lat="51.143202" lon="13.808560">
        <ele>231.619946</ele>
        <time>2021-02-21T09:07:26.717Z</time>
      </trkpt>
      <trkpt lat="51.143174" lon="13.808712">
        <ele>231.867682</ele>
        <time>2021-02-21T09:07:32.710Z</time>
      </trkpt>
      <trkpt lat="51.143144" lon="13.808919">
        <ele>232.199919</ele>
        <time>2021-02-21T09:07:50.729Z</time>
      </trkpt>
      <trkpt lat="51.143187" lon="13.809048">
        <ele>232.428358</ele>
        <time>2021-02-21T09:08:05.715Z</time>
      </trkpt>
      <trkpt lat="51.143215" lon="13.809189">
        <ele>232.659640</ele>
        <time>2021-02-21T09:08:22.717Z</time>
      </trkpt>
      <trkpt lat="51.143288" lon="13.809275">
        <ele>232.872679</ele>
        <time>2021-02-21T09:08:33.712Z</time>
      </trkpt>
      <trkpt lat="51.143378" lon="13.809314">
        <ele>232.812233</ele>
        <time>2021-02-21T09:08:44.715Z</time>
      </trkpt>
      <trkpt lat="51.143478" lon="13.809311">
        <ele>232.747412</ele>
        <time>2021-02-21T09:08:54.714Z</time>
      </trkpt>
      <trkpt lat="51.143572" lon="13.809363">
        <ele>232.682926</ele>
        <time>2021-02-21T09:09:01.714Z</time>
      </trkpt>
      <trkpt lat="51.143661" lon="13.809413">
        <ele>232.621768</ele>
        <time>2021-02-21T09:09:07.714Z</time>
      </trkpt>
      <trkpt lat="51.143746" lon="13.809460">
        <ele>232.563459</ele>
        <time>2021-02-21T09:09:17.721Z</time>
      </trkpt>
      <trkpt lat="51.143829" lon="13.809521">
        <ele>232.504224</ele>
        <time>2021-02-21T09:09:25.713Z</time>
      </trkpt>
      <trkpt lat="51.143925" lon="13.809572">
        <ele>232.438642</ele>
        <time>2021-02-21T09:09:37.717Z</time>
      </trkpt>
      <trkpt lat="51.144019" lon="13.809592">
        <ele>232.377181</ele>
        <time>2021-02-21T09:09:46.715Z</time>
      </trkpt>
      <trkpt lat="51.144114" lon="13.809591">
        <ele>232.315610</ele>
        <time>2021-02-21T09:09:54.713Z</time>
      </trkpt>
      <trkpt lat="51.144212" lon="13.809617">
        <ele>232.251223</ele>
        <time>2021-02-21T09:10:02.723Z</time>
      </trkpt>
      <trkpt lat="51.144306" lon="13.809637">
        <ele>232.189762</ele>
        <time>2021-02-21T09:10:11.719Z</time>
      </trkpt>
      <trkpt lat="51.144401" lon="13.809653">
        <ele>232.127850</ele>
        <time>2021-02-21T09:10:17.716Z</time>
      </trkpt>
      <trkpt lat="51.144493" lon="13.809675">
        <ele>232.067558</ele>
        <time>2021-02-21T09:10:24.742Z</time>
      </trkpt>
      <trkpt lat="51.144589" lon="13.809708">
        <ele>232.003910</ele>
        <time>2021-02-21T09:10:32.720Z</time>
      </trkpt>
      <trkpt lat="51.144687" lon="13.809734">
        <ele>231.939523</ele>
        <time>2021-02-21T09:10:42.716Z</time>
      </trkpt>
      <trkpt lat="51.144774" lon="13.809772">
        <ele>231.881060</ele>
        <time>2021-02-21T09:10:53.720Z</time>
      </trkpt>
      <trkpt lat="51.144869" lon="13.809797">
        <ele>231.818657</ele>
        <time>2021-02-21T09:11:03.715Z</time>
      </trkpt>
      <trkpt lat="51.144970" lon="13.809822">
        <ele>231.752415</ele>
        <time>2021-02-21T09:11:12.715Z</time>
      </trkpt>
      <trkpt lat="51.145066" lon="13.809840">
        <ele>231.741400</ele>
        <time>2021-02-21T09:11:20.722Z</time>
      </trkpt>
      <trkpt lat="51.145160" lon="13.809862">
        <ele>231.839221</ele>
        <time>2021-02-21T09:11:29.718Z</time>
      </trkpt>
      <trkpt lat="51.145252" lon="13.809843">
        <ele>231.934737</ele>
        <time>2021-02-21T09:11:37.715Z</time>
      </trkpt>
      <trkpt lat="51.145345" lon="13.809860">
        <ele>232.031119</ele>
        <time>2021-02-21T09:11:45.722Z</time>
      </trkpt>
      <trkpt lat="51.145439" lon="13.809863">
        <ele>232.127922</ele>
        <time>2021-02-21T09:11:54.711Z</time>
      </trkpt>
      <trkpt lat="51.145533" lon="13.809844">
        <ele>232.225481</ele>
        <time>2021-02-21T09:12:02.714Z</time>
      </trkpt>
      <trkpt lat="51.145632" lon="13.809869">
        <ele>232.328683</ele>
        <time>2021-02-21T09:12:17.747Z</time>
      </trkpt>
      <trkpt lat="51.145718" lon="13.809816">
        <ele>232.423617</ele>
        <time>2021-02-21T09:12:25.722Z</time>
      </trkpt>
      <trkpt lat="51.145807" lon="13.809775">
        <ele>232.519003</ele>
        <time>2021-02-21T09:12:32.720Z</time>
      </trkpt>
      <trkpt lat="51.145898" lon="13.809719">
        <ele>232.619437</ele>
        <time>2021-02-21T09:12:40.716Z</time>
      </trkpt>
      <trkpt lat="51.145994" lon="13.809703">
        <ele>232.718819</ele>
        <time>2021-02-21T09:12:48.747Z</time>
      </trkpt>
      <trkpt lat="51.146087" lon="13.809696">
        <ele>232.814680</ele>
        <time>2021-02-21T09:12:55.713Z</time>
      </trkpt>
      <trkpt lat="51.146185" lon="13.809659">
        <ele>232.918373</ele>
        <time>2021-02-21T09:13:01.711Z</time>
      </trkpt>
      <trkpt lat="51.146272" lon="13.809617">
        <ele>233.011968</ele>
        <time>2021-02-21T09:13:07.715Z</time>
      </trkpt>
      <trkpt lat="51.146365" lon="13.809600">
        <ele>233.108349</ele>
        <time>2021-02-21T09:13:14.721Z</time>
      </trkpt>
      <trkpt lat="51.146463" lon="13.809599">
        <ele>233.209253</ele>
        <time>2021-02-21T09:13:26.719Z</time>
      </trkpt>
      <trkpt lat="51.146550" lon="13.809541">
        <ele>233.306348</ele>
        <time>2021-02-21T09:13:35.716Z</time>
      </trkpt>
      <trkpt lat="51.146632" lon="13.809477">
        <ele>233.400353</ele>
        <time>2021-02-21T09:13:42.722Z</time>
      </trkpt>
      <trkpt lat="51.146724" lon="13.809436">
        <ele>233.498710</ele>
        <time>2021-02-21T09:13:49.714Z</time>
      </trkpt>
      <trkpt lat="51.146820" lon="13.809419">
        <ele>233.424564</ele>
        <time>2021-02-21T09:13:59.713Z</time>
      </trkpt>
      <trkpt lat="51.146925" lon="13.809393">
        <ele>233.014202</ele>
        <time>2021-02-21T09:14:08.718Z</time>
      </trkpt>
      <trkpt lat="51.147021" lon="13.809363">
        <ele>232.636403</ele>
        <time>2021-02-21T09:14:15.715Z</time>
      </trkpt>
      <trkpt lat="51.147120" lon="13.809350">
        <ele>232.252780</ele>
        <time>2021-02-21T09:14:22.719Z</time>
      </trkpt>
      <trkpt lat="51.147209" lon="13.809307">
        <ele>231.893631</ele>
        <time>2021-02-21T09:14:30.716Z</time>
      </trkpt>
      <trkpt lat="51.147308" lon="13.809299">
        <ele>231.510813</ele>
        <time>2021-02-21T09:14:40.712Z</time>
      </trkpt>
      <trkpt lat="51.147406" lon="13.809287">
        <ele>231.131232</ele>
        <time>2021-02-21T09:14:48.715Z</time>
      </trkpt>
      <trkpt lat="51.147495" lon="13.809239">
        <ele>230.768385</ele>
        <time>2021-02-21T09:14:56.709Z</time>
      </trkpt>
      <trkpt lat="51.147579" lon="13.809188">
        <ele>230.421253</ele>
        <time>2021-02-21T09:15:04.719Z</time>
      </trkpt>
      <trkpt lat="51.147675" lon="13.809143">
        <ele>230.034815</ele>
        <time>2021-02-21T09:15:11.715Z</time>
      </trkpt>
      <trkpt lat="51.147759" lon="13.809085">
        <ele>229.681292</ele>
        <time>2021-02-21T09:15:20.714Z</time>
      </trkpt>
      <trkpt lat="51.147840" lon="13.809007">
        <ele>229.315833</ele>
        <time>2021-02-21T09:15:28.742Z</time>
      </trkpt>
      <trkpt lat="51.147933" lon="13.808955">
        <ele>228.935225</ele>
        <time>2021-02-21T09:15:37.717Z</time>
      </trkpt>
      <trkpt lat="51.148026" lon="13.808914">
        <ele>228.562587</ele>
        <time>2021-02-21T09:15:45.718Z</time>
      </trkpt>
      <trkpt lat="51.148119" lon="13.808913">
        <ele>228.203422</ele>
        <time>2021-02-21T09:15:54.714Z</time>
      </trkpt>
      <trkpt lat="51.148209" lon="13.808937">
        <ele>227.851022</ele>
        <time>2021-02-21T09:16:02.715Z</time>
      </trkpt>
      <trkpt lat="51.148306" lon="13.808939">
        <ele>227.476387</ele>
        <time>2021-02-21T09:16:09.714Z</time>
      </trkpt>
      <trkpt lat="51.148403" lon="13.808938">
        <ele>227.101775</ele>
        <time>2021-02-21T09:16:15.715Z</time>
      </trkpt>
      <trkpt lat="51.148504" lon="13.808940">
        <ele>226.711694</ele>
        <time>2021-02-21T09:16:23.714Z</time>
      </trkpt>
      <trkpt lat="51.148605" lon="13.808935">
        <ele>226.622327</ele>
        <time>2021-02-21T09:16:32.727Z</time>
      </trkpt>
      <trkpt lat="51.148701" lon="13.808898">
        <ele>226.631251</ele>
        <time>2021-02-21T09:16:40.720Z</time>
      </trkpt>
      <trkpt lat="51.148800" lon="13.808906">
        <ele>226.640207</ele>
        <time>2021-02-21T09:16:50.718Z</time>
      </trkpt>
      <trkpt lat="51.148901" lon="13.808913">
        <ele>226.649342</ele>
        <time>2021-02-21T09:16:58.718Z</time>
      </trkpt>
      <trkpt lat="51.148996" lon="13.808907">
        <ele>226.657932</ele>
        <time>2021-02-21T09:17:10.711Z</time>
      </trkpt>
      <trkpt lat="51.149090" lon="13.808911">
        <ele>226.666428</ele>
        <time>2021-02-21T09:17:21.715Z</time>
      </trkpt>
      <trkpt lat="51.149194" lon="13.808905">
        <ele>226.675831</ele>
        <time>2021-02-21T09:17:28.718Z</time>
      </trkpt>
      <trkpt lat="51.149295" lon="13.808902">
        <ele>226.684958</ele>
        <time>2021-02-21T09:17:35.740Z</time>
      </trkpt>
      <trkpt lat="51.149388" lon="13.808923">
        <ele>226.693445</ele>
        <time>2021-02-21T09:17:42.714Z</time>
      </trkpt>
      <trkpt lat="51.149490" lon="13.808928">
        <ele>226.702665</ele>
        <time>2021-02-21T09:17:50.713Z</time>
      </trkpt>
      <trkpt lat="51.149593" lon="13.808941">
        <ele>226.712000</ele>
        <time>2021-02-21T09:17:59.747Z</time>
      </trkpt>
      <trkpt lat="51.149688" lon="13.808940">
        <ele>226.720584</ele>
        <time>2021-02-21T09:18:07.715Z</time>
      </trkpt>
      <trkpt lat="51.149781" lon="13.808924">
        <ele>226.729036</ele>
        <time>2021-02-21T09:18:15.713Z</time>
      </trkpt>
      <trkpt lat="51.149884" lon="13.808917">
        <ele>226.738350</ele>
        <time>2021-02-21T09:18:24.715Z</time>
      </trkpt>
      <trkpt lat="51.149975" lon="13.808888">
        <ele>226.746735</ele>
        <time>2021-02-21T09:18:31.719Z</time>
      </trkpt>
      <trkpt lat="51.150077" lon="13.808877">
        <ele>226.755972</ele>
        <time>2021-02-21T09:18:42.713Z</time>
      </trkpt>
      <trkpt lat="51.150170" lon="13.808820">
        <ele>226.764975</ele>
        <time>2021-02-21T09:18:48.719Z</time>
      </trkpt>
      <trkpt lat="51.150271" lon="13.808833">
        <ele>226.774130</ele>
        <time>2021-02-21T09:18:53.716Z</time>
      </trkpt>
      <trkpt lat="51.150362" lon="13.808851">
        <ele>226.931062</ele>
        <time>2021-02-21T09:19:04.714Z</time>
      </trkpt>
      <trkpt lat="51.150451" lon="13.808797">
        <ele>227.226812</ele>
        <time>2021-02-21T09:19:14.711Z</time>
      </trkpt>
      <trkpt lat="51.150552" lon="13.808826">
        <ele>227.545535</ele>
        <time>2021-02-21T09:19:24.723Z</time>
      </trkpt>
      <trkpt lat="51.150656" lon="13.808803">
        <ele>227.871622</ele>
        <time>2021-02-21T09:19:31.716Z</time>
      </trkpt>
      <trkpt lat="51.150748" lon="13.808783">
        <ele>228.159991</ele>
        <time>2021-02-21T09:19:37.717Z</time>
      </trkpt>
      <trkpt lat="51.150844" lon="13.808805">
        <ele>228.461203</ele>
        <time>2021-02-21T09:19:47.742Z</time>
      </trkpt>
      <trkpt lat="51.150936" lon="13.808847">
        <ele>228.758412</ele>
        <time>2021-02-21T09:19:57.724Z</time>
      </trkpt>
      <trkpt lat="51.151026" lon="13.808880">
        <ele>229.045223</ele>
        <time>2021-02-21T09:20:03.714Z</time>
      </trkpt>
      <trkpt lat="51.151059" lon="13.809033">
        <ele>229.360412</ele>
        <time>2021-02-21T09:20:15.711Z</time>
      </trkpt>
      <trkpt lat="51.151043" lon="13.809176">
        <ele>229.643389</ele>
        <time>2021-02-21T09:20:24.719Z</time>
      </trkpt>
      <trkpt lat="51.150999" lon="13.809302">
        <ele>229.924325</ele>
        <time>2021-02-21T09:20:32.716Z</time>
      </trkpt>
      <trkpt lat="51.150974" lon="13.809458">
        <ele>230.237993</ele>
        <time>2021-02-21T09:20:40.716Z</time>
      </trkpt>
      <trkpt lat="51.150961" lon="13.809608">
        <ele>230.532986</ele>
        <time>2021-02-21T09:20:50.715Z</time>
      </trkpt>
      <trkpt lat="51.150925" lon="13.809741">
        <ele>230.815179</ele>
        <time>2021-02-21T09:20:57.722Z</time>
      </trkpt>
      <trkpt lat="51.150891" lon="13.809882">
        <ele>231.109461</ele>
        <time>2021-02-21T09:21:06.715Z</time>
      </trkpt>
      <trkpt lat="51.150806" lon="13.809952">
        <ele>231.406587</ele>
        <time>2021-02-21T09:21:12.719Z</time>
      </trkpt>
      <trkpt lat="51.150716" lon="13.810011">
        <ele>231.708810</ele>
        <time>2021-02-21T09:21:19.712Z</time>
      </trkpt>
      <trkpt lat="51.150624" lon="13.810047">
        <ele>232.003016</ele>
        <time>2021-02-21T09:21:29.716Z</time>
      </trkpt>
      <trkpt lat="51.150520" lon="13.810094">
        <ele>232.338737</ele>
        <time>2021-02-21T09:21:40.729Z</time>
      </trkpt>
      <trkpt lat="51.150427" lon="13.810161">
        <ele>232.749130</ele>
        <time>2021-02-21T09:21:52.718Z</time>
      </trkpt>
      <trkpt lat="51.150370" lon="13.810282">
        <ele>233.138362</ele>
        <time>2021-02-21T09:21:59.722Z</time>
      </trkpt>
      <trkpt lat="51.150324" lon="13.810411">
        <ele>233.520046</ele>
        <time>2021-02-21T09:22:07.742Z</time>
      </trkpt>
      <trkpt lat="51.150321" lon="13.810568">
        <ele>233.924074</ele>
        <time>2021-02-21T09:22:15.715Z</time>
      </trkpt>
      <trkpt lat="51.150282" lon="13.810729">
        <ele>234.368009</ele>
        <time>2021-02-21T09:22:26.715Z</time>
      </trkpt>
      <trkpt lat="51.150241" lon="13.810871">
        <ele>234.770101</ele>
        <time>2021-02-21T09:22:32.714Z</time>
      </trkpt>
      <trkpt lat="51.150234" lon="13.811028">
        <ele>235.174961</ele>
        <time>2021-02-21T09:22:41.715Z</time>
      </trkpt>
      <trkpt lat="51.150214" lon="13.811181">
        <ele>235.576967</ele>
        <time>2021-02-21T09:22:47.718Z</time>
      </trkpt>
      <trkpt lat="51.150159" lon="13.811311">
        <ele>235.980306</ele>
        <time>2021-02-21T09:22:55.715Z</time>
      </trkpt>
      <trkpt lat="51.150097" lon="13.811432">
        <ele>236.382186</ele>
        <time>2021-02-21T09:23:04.755Z</time>
      </trkpt>
      <trkpt lat="51.150070" lon="13.811579">
        <ele>236.776182</ele>
        <time>2021-02-21T09:23:11.714Z</time>
      </trkpt>
      <trkpt lat="51.150021" lon="13.811717">
        <ele>237.184074</ele>
        <time>2021-02-21T09:23:18.714Z</time>
      </trkpt>
      <trkpt lat="51.149988" lon="13.811863">
        <ele>237.583258</ele>
        <time>2021-02-21T09:23:26.717Z</time>
      </trkpt>
      <trkpt lat="51.149977" lon="13.812011">
        <ele>237.966614</ele>
        <time>2021-02-21T09:23:33.717Z</time>
      </trkpt>
      <trkpt lat="51.149945" lon="13.812145">
        <ele>238.335428</ele>
        <time>2021-02-21T09:23:41.719Z</time>
      </trkpt>
      <trkpt lat="51.149903" lon="13.812284">
        <ele>238.732288</ele>
        <time>2021-02-21T09:23:49.713Z</time>
      </trkpt>
      <trkpt lat="51.149855" lon="13.812407">
        <ele>239.104904</ele>
        <time>2021-02-21T09:24:00.718Z</time>
      </trkpt>
      <trkpt lat="51.149802" lon="13.812551">
        <ele>239.534361</ele>
        <time>2021-02-21T09:24:08.722Z</time>
      </trkpt>
      <trkpt lat="51.149778" lon="13.812700">
        <ele>239.826855</ele>
        <time>2021-02-21T09:24:15.716Z</time>
      </trkpt>
      <trkpt lat="51.149753" lon="13.812855">
        <ele>240.015515</ele>
        <time>2021-02-21T09:24:27.712Z</time>
      </trkpt>
      <trkpt lat="51.149717" lon="13.812997">
        <ele>240.196061</ele>
        <time>2021-02-21T09:24:35.713Z</time>
      </trkpt>
      <trkpt lat="51.149705" lon="13.813167">
        <ele>240.397724</ele>
        <time>2021-02-21T09:24:43.719Z</time>
      </trkpt>
      <trkpt lat="51.149677" lon="13.813314">
        <ele>240.578823</ele>
        <time>2021-02-21T09:24:51.715Z</time>
      </trkpt>
      <trkpt lat="51.149655" lon="13.813464">
        <ele>240.760414</ele>
        <time>2021-02-21T09:24:58.718Z</time>
      </trkpt>
      <trkpt lat="51.149632" lon="13.813608">
        <ele>240.935580</ele>
        <time>2021-02-21T09:25:07.715Z</time>
      </trkpt>
      <trkpt lat="51.149604" lon="13.813761">
        <ele>241.123458</ele>
        <time>2021-02-21T09:25:17.719Z</time>
      </trkpt>
      <trkpt lat="51.149582" lon="13.813900">
        <ele>241.292449</ele>
        <time>2021-02-21T09:25:29.735Z</time>
      </trkpt>
      <trkpt lat="51.149540" lon="13.814035">
        <ele>241.470087</ele>
        <time>2021-02-21T09:25:36.715Z</time>
      </trkpt>
      <trkpt lat="51.149518" lon="13.814195">
        <ele>241.663176</ele>
        <time>2021-02-21T09:25:44.722Z</time>
      </trkpt>
      <trkpt lat="51.149487" lon="13.814339">
        <ele>241.842645</ele>
        <time>2021-02-21T09:25:50.718Z</time>
      </trkpt>
      <trkpt lat="51.149432" lon="13.814467">
        <ele>242.025539</ele>
        <time>2021-02-21T09:25:58.723Z</time>
      </trkpt>
      <trkpt lat="51.149387" lon="13.814606">
        <ele>242.209930</ele>
        <time>2021-02-21T09:26:06.717Z</time>
      </trkpt>
      <trkpt lat="51.149343" lon="13.814737">
        <ele>242.385100</ele>
        <time>2021-02-21T09:26:13.749Z</time>
      </trkpt>
      <trkpt lat="51.149298" lon="13.814864">
        <ele>242.557043</ele>
        <time>2021-02-21T09:26:20.717Z</time>
      </trkpt>
      <trkpt lat="51.149236" lon="13.814993">
        <ele>242.748616</ele>
        <time>2021-02-21T09:26:30.711Z</time>
      </trkpt>
      <trkpt lat="51.149181" lon="13.815131">
        <ele>242.941351</ele>
        <time>2021-02-21T09:26:39.718Z</time>
      </trkpt>
      <trkpt lat="51.149124" lon="13.815257">
        <ele>243.126963</ele>
        <time>2021-02-21T09:26:48.726Z</time>
      </trkpt>
      <trkpt lat="51.149050" lon="13.815382">
        <ele>243.432828</ele>
        <time>2021-02-21T09:26:59.719Z</time>
      </trkpt>
      <trkpt lat="51.148991" lon="13.815499">
        <ele>243.699974</ele>
        <time>2021-02-21T09:27:06.718Z</time>
      </trkpt>
      <trkpt lat="51.148937" lon="13.815619">
        <ele>243.962788</ele>
        <time>2021-02-21T09:27:12.720Z</time>
      </trkpt>
      <trkpt lat="51.148872" lon="13.815736">
        <ele>244.240915</ele>
        <time>2021-02-21T09:27:20.717Z</time>
      </trkpt>
      <trkpt lat="51.148802" lon="13.815846">
        <ele>244.519761</ele>
        <time>2021-02-21T09:27:29.721Z</time>
      </trkpt>
      <trkpt lat="51.148743" lon="13.815959">
        <ele>244.781398</ele>
        <time>2021-02-21T09:27:36.717Z</time>
      </trkpt>
      <trkpt lat="51.148679" lon="13.816070">
        <ele>245.049697</ele>
        <time>2021-02-21T09:27:42.723Z</time>
      </trkpt>
      <trkpt lat="51.148612" lon="13.816190">
        <ele>245.335584</ele>
        <time>2021-02-21T09:27:51.715Z</time>
      </trkpt>
      <trkpt lat="51.148545" lon="13.816306">
        <ele>245.616195</ele>
        <time>2021-02-21T09:27:59.720Z</time>
      </trkpt>
      <trkpt lat="51.148479" lon="13.816405">
        <ele>245.873287</ele>
        <time>2021-02-21T09:28:08.719Z</time>
      </trkpt>
      <trkpt lat="51.148416" lon="13.816519">
        <ele>246.143658</ele>
        <time>2021-02-21T09:28:16.717Z</time>
      </trkpt>
      <trkpt lat="51.148350" lon="13.816626">
        <ele>246.410709</ele>
        <time>2021-02-21T09:28:23.715Z</time>
      </trkpt>
      <trkpt lat="51.148290" lon="13.816757">
        <ele>246.699364</ele>
        <time>2021-02-21T09:28:31.725Z</time>
      </trkpt>
      <trkpt lat="51.148223" lon="13.816870">
        <ele>246.976071</ele>
        <time>2021-02-21T09:28:40.717Z</time>
      </trkpt>
      <trkpt lat="51.148147" lon="13.816960">
        <ele>247.244656</ele>
        <time>2021-02-21T09:28:49.728Z</time>
      </trkpt>
      <trkpt lat="51.148079" lon="13.817064">
        <ele>247.511992</ele>
        <time>2021-02-21T09:28:57.718Z</time>
      </trkpt>
      <trkpt lat="51.148022" lon="13.817174">
        <ele>247.765900</ele>
        <time>2021-02-21T09:29:04.719Z</time>
      </trkpt>
      <trkpt lat="51.147957" lon="13.817291">
        <ele>248.044030</ele>
        <time>2021-02-21T09:29:11.720Z</time>
      </trkpt>
      <trkpt lat="51.147887" lon="13.817393">
        <ele>248.279892</ele>
        <time>2021-02-21T09:29:21.720Z</time>
      </trkpt>
      <trkpt lat="51.147802" lon="13.817454">
        <ele>248.447803</ele>
        <time>2021-02-21T09:29:28.715Z</time>
      </trkpt>
      <trkpt lat="51.147733" lon="13.817571">
        <ele>248.629260</ele>
        <time>2021-02-21T09:29:39.720Z</time>
      </trkpt>
      <trkpt lat="51.147660" lon="13.817658">
        <ele>248.793441</ele>
        <time>2021-02-21T09:29:46.724Z</time>
      </trkpt>
      <trkpt lat="51.147597" lon="13.817769">
        <ele>248.962587</ele>
        <time>2021-02-21T09:29:52.745Z</time>
      </trkpt>
      <trkpt lat="51.147526" lon="13.817865">
        <ele>249.130290</ele>
        <time>2021-02-21T09:29:59.719Z</time>
      </trkpt>
      <trkpt lat="51.147474" lon="13.817988">
        <ele>249.297894</ele>
        <time>2021-02-21T09:30:07.718Z</time>
      </trkpt>
      <trkpt lat="51.147415" lon="13.818100">
        <ele>249.463157</ele>
        <time>2021-02-21T09:30:13.718Z</time>
      </trkpt>
      <trkpt lat="51.147353" lon="13.818206">
        <ele>249.626924</ele>
        <time>2021-02-21T09:30:18.718Z</time>
      </trkpt>
      <trkpt lat="51.147276" lon="13.818312">
        <ele>249.810186</ele>
        <time>2021-02-21T09:30:26.722Z</time>
      </trkpt>
      <trkpt lat="51.147197" lon="13.818385">
        <ele>249.974668</ele>
        <time>2021-02-21T09:30:37.722Z</time>
      </trkpt>
      <trkpt lat="51.147117" lon="13.818471">
        <ele>250.148478</ele>
        <time>2021-02-21T09:30:44.723Z</time>
      </trkpt>
      <trkpt lat="51.147054" lon="13.818575">
        <ele>250.311846</ele>
        <time>2021-02-21T09:30:52.719Z</time>
      </trkpt>
      <trkpt lat="51.146982" lon="13.818667">
        <ele>250.478063</ele>
        <time>2021-02-21T09:30:59.717Z</time>
      </trkpt>
      <trkpt lat="51.146914" lon="13.818784">
        <ele>250.658293</ele>
        <time>2021-02-21T09:31:06.720Z</time>
      </trkpt>
      <trkpt lat="51.146841" lon="13.818874">
        <ele>250.824527</ele>
        <time>2021-02-21T09:31:15.714Z</time>
      </trkpt>
      <trkpt lat="51.146761" lon="13.818971">
        <ele>251.005581</ele>
        <time>2021-02-21T09:31:23.729Z</time>
      </trkpt>
      <trkpt lat="51.146694" lon="13.819072">
        <ele>251.171687</ele>
        <time>2021-02-21T09:31:32.727Z</time>
      </trkpt>
      <trkpt lat="51.146620" lon="13.819178">
        <ele>251.350894</ele>
        <time>2021-02-21T09:31:40.723Z</time>
      </trkpt>
      <trkpt lat="51.146568" lon="13.819304">
        <ele>251.485492</ele>
        <time>2021-02-21T09:31:46.723Z</time>
      </trkpt>
      <trkpt lat="51.146507" lon="13.819409">
        <ele>251.549417</ele>
        <time>2021-02-21T09:31:53.719Z</time>
      </trkpt>
      <trkpt lat="51.146443" lon="13.819526">
        <ele>251.618758</ele>
        <time>2021-02-21T09:32:02.717Z</time>
      </trkpt>
      <trkpt lat="51.146360" lon="13.819619">
        <ele>251.690997</ele>
        <time>2021-02-21T09:32:11.718Z</time>
      </trkpt>
      <trkpt lat="51.146278" lon="13.819704">
        <ele>251.760645</ele>
        <time>2021-02-21T09:32:19.721Z</time>
      </trkpt>
      <trkpt lat="51.146206" lon="13.819793">
        <ele>251.825520</ele>
        <time>2021-02-21T09:32:27.748Z</time>
      </trkpt>
      <trkpt lat="51.146127" lon="13.819884">
        <ele>251.894922</ele>
        <time>2021-02-21T09:32:36.720Z</time>
      </trkpt>
      <trkpt lat="51.146018" lon="13.819996">
        <ele>251.987262</ele>
        <time>2021-02-21T09:33:27.726Z</time>
      </trkpt>
      <trkpt lat="51.145960" lon="13.820114">
        <ele>252.054224</ele>
        <time>2021-02-21T09:33:37.717Z</time>
      </trkpt>
      <trkpt lat="51.145900" lon="13.820223">
        <ele>252.119000</ele>
        <time>2021-02-21T09:33:44.717Z</time>
      </trkpt>
      <trkpt lat="51.145831" lon="13.820319">
        <ele>252.184213</ele>
        <time>2021-02-21T09:33:52.721Z</time>
      </trkpt>
      <trkpt lat="51.145773" lon="13.820439">
        <ele>252.251881</ele>
        <time>2021-02-21T09:34:01.716Z</time>
      </trkpt>
      <trkpt lat="51.145692" lon="13.820521">
        <ele>252.320205</ele>
        <time>2021-02-21T09:34:09.715Z</time>
      </trkpt>
      <trkpt lat="51.145629" lon="13.820646">
        <ele>252.391830</ele>
        <time>2021-02-21T09:34:18.718Z</time>
      </trkpt>
      <trkpt lat="51.145561" lon="13.820774">
        <ele>252.466754</ele>
        <time>2021-02-21T09:34:27.717Z</time>
      </trkpt>
      <trkpt lat="51.145499" lon="13.820884">
        <ele>252.532810</ele>
        <time>2021-02-21T09:34:35.729Z</time>
      </trkpt>
      <trkpt lat="51.145410" lon="13.820963">
        <ele>252.605345</ele>
        <time>2021-02-21T09:34:43.729Z</time>
      </trkpt>
      <trkpt lat="51.145332" lon="13.821067">
        <ele>252.677753</ele>
        <time>2021-02-21T09:34:52.722Z</time>
      </trkpt>
      <trkpt lat="51.145272" lon="13.821196">
        <ele>252.721464</ele>
        <time>2021-02-21T09:34:59.725Z</time>
      </trkpt>
      <trkpt lat="51.145208" lon="13.821310">
        <ele>252.504001</ele>
        <time>2021-02-21T09:35:07.721Z</time>
      </trkpt>
      <trkpt lat="51.145134" lon="13.821417">
        <ele>252.277617</ele>
        <time>2021-02-21T09:35:17.722Z</time>
      </trkpt>
      <trkpt lat="51.145053" lon="13.821492">
        <ele>252.065362</ele>
        <time>2021-02-21T09:35:25.719Z</time>
      </trkpt>
      <trkpt lat="51.144984" lon="13.821596">
        <ele>251.850188</ele>
        <time>2021-02-21T09:35:32.716Z</time>
      </trkpt>
      <trkpt lat="51.144925" lon="13.821730">
        <ele>251.617475</ele>
        <time>2021-02-21T09:35:40.719Z</time>
      </trkpt>
      <trkpt lat="51.144840" lon="13.821816">
        <ele>251.389352</ele>
        <time>2021-02-21T09:35:47.720Z</time>
      </trkpt>
      <trkpt lat="51.144761" lon="13.821900">
        <ele>251.174176</ele>
        <time>2021-02-21T09:35:56.718Z</time>
      </trkpt>
      <trkpt lat="51.144688" lon="13.822005">
        <ele>250.951379</ele>
        <time>2021-02-21T09:36:04.719Z</time>
      </trkpt>
      <trkpt lat="51.144619" lon="13.822113">
        <ele>250.732259</ele>
        <time>2021-02-21T09:36:11.718Z</time>
      </trkpt>
      <trkpt lat="51.144539" lon="13.822196">
        <ele>250.515972</ele>
        <time>2021-02-21T09:36:21.725Z</time>
      </trkpt>
      <trkpt lat="51.144455" lon="13.822270">
        <ele>250.298504</ele>
        <time>2021-02-21T09:36:30.720Z</time>
      </trkpt>
      <trkpt lat="51.144383" lon="13.822361">
        <ele>250.090298</ele>
        <time>2021-02-21T09:36:40.717Z</time>
      </trkpt>
      <trkpt lat="51.144315" lon="13.822457">
        <ele>249.884473</ele>
        <time>2021-02-21T09:36:48.714Z</time>
      </trkpt>
      <trkpt lat="51.144250" lon="13.822557">
        <ele>249.679780</ele>
        <time>2021-02-21T09:36:55.718Z</time>
      </trkpt>
      <trkpt lat="51.144191" lon="13.822670">
        <ele>249.470793</ele>
        <time>2021-02-21T09:37:01.738Z</time>
      </trkpt>
      <trkpt lat="51.144113" lon="13.822761">
        <ele>249.251772</ele>
        <time>2021-02-21T09:37:07.719Z</time>
      </trkpt>
      <trkpt lat="51.144043" lon="13.822865">
        <ele>249.034944</ele>
        <time>2021-02-21T09:37:16.719Z</time>
      </trkpt>
      <trkpt lat="51.143970" lon="13.822973">
        <ele>248.809266</ele>
        <time>2021-02-21T09:37:24.718Z</time>
      </trkpt>
      <trkpt lat="51.143908" lon="13.823080">
        <ele>248.475786</ele>
        <time>2021-02-21T09:37:32.749Z</time>
      </trkpt>
      <trkpt lat="51.143841" lon="13.823194">
        <ele>247.822214</ele>
        <time>2021-02-21T09:37:41.723Z</time>
      </trkpt>
      <trkpt lat="51.143772" lon="13.823286">
        <ele>247.222280</ele>
        <time>2021-02-21T09:37:48.718Z</time>
      </trkpt>
      <trkpt lat="51.143694" lon="13.823363">
        <ele>246.610409</ele>
        <time>2021-02-21T09:37:56.729Z</time>
      </trkpt>
      <trkpt lat="51.143612" lon="13.823453">
        <ele>245.946438</ele>
        <time>2021-02-21T09:38:05.722Z</time>
      </trkpt>
      <trkpt lat="51.143533" lon="13.823556">
        <ele>245.265779</ele>
        <time>2021-02-21T09:38:13.721Z</time>
      </trkpt>
      <trkpt lat="51.143465" lon="13.823664">
        <ele>244.625586</ele>
        <time>2021-02-21T09:38:20.720Z</time>
      </trkpt>
      <trkpt lat="51.143407" lon="13.823774">
        <ele>244.024387</ele>
        <time>2021-02-21T09:38:26.722Z</time>
      </trkpt>
      <trkpt lat="51.143332" lon="13.823857">
        <ele>243.415470</ele>
        <time>2021-02-21T09:38:33.752Z</time>
      </trkpt>
      <trkpt lat="51.143263" lon="13.823954">
        <ele>242.801902</ele>
        <time>2021-02-21T09:38:41.718Z</time>
      </trkpt>
      <trkpt lat="51.143198" lon="13.824067">
        <ele>242.160460</ele>
        <time>2021-02-21T09:38:50.724Z</time>
      </trkpt>
      <trkpt lat="51.143148" lon="13.824209">
        <ele>241.479149</ele>
        <time>2021-02-21T09:38:59.718Z</time>
      </trkpt>
      <trkpt lat="51.143099" lon="13.824340">
        <ele>240.841019</ele>
        <time>2021-02-21T09:39:06.727Z</time>
      </trkpt>
      <trkpt lat="51.143043" lon="13.824453">
        <ele>240.238512</ele>
        <time>2021-02-21T09:39:14.719Z</time>
      </trkpt>
      <trkpt lat="51.142985" lon="13.824568">
        <ele>239.621148</ele>
        <time>2021-02-21T09:39:22.720Z</time>
      </trkpt>
      <trkpt lat="51.142937" lon="13.824692">
        <ele>239.011517</ele>
        <time>2021-02-21T09:39:27.719Z</time>
      </trkpt>
      <trkpt lat="51.142884" lon="13.824818">
        <ele>238.376802</ele>
        <time>2021-02-21T09:39:35.722Z</time>
      </trkpt>
      <trkpt lat="51.142837" lon="13.824952">
        <ele>237.734469</ele>
        <time>2021-02-21T09:39:43.725Z</time>
      </trkpt>
      <trkpt lat="51.142796" lon="13.825079">
        <ele>237.136870</ele>
        <time>2021-02-21T09:39:52.719Z</time>
      </trkpt>
      <trkpt lat="51.142742" lon="13.825195">
        <ele>236.626063</ele>
        <time>2021-02-21T09:40:00.719Z</time>
      </trkpt>
      <trkpt lat="51.142691" lon="13.825323">
        <ele>236.417217</ele>
        <time>2021-02-21T09:40:08.752Z</time>
      </trkpt>
      <trkpt lat="51.142635" lon="13.825451">
        <ele>236.202286</ele>
        <time>2021-02-21T09:40:17.729Z</time>
      </trkpt>
      <trkpt lat="51.142592" lon="13.825582">
        <ele>235.998653</ele>
        <time>2021-02-21T09:40:26.722Z</time>
      </trkpt>
      <trkpt lat="51.142549" lon="13.825721">
        <ele>235.785195</ele>
        <time>2021-02-21T09:40:35.721Z</time>
      </trkpt>
      <trkpt lat="51.142500" lon="13.825859">
        <ele>235.566794</ele>
        <time>2021-02-21T09:40:44.726Z</time>
      </trkpt>
      <trkpt lat="51.142450" lon="13.825992">
        <ele>235.353238</ele>
        <time>2021-02-21T09:40:52.722Z</time>
      </trkpt>
      <trkpt lat="51.142406" lon="13.826130">
        <ele>235.140029</ele>
        <time>2021-02-21T09:40:58.717Z</time>
      </trkpt>
      <trkpt lat="51.142365" lon="13.826273">
        <ele>234.923477</ele>
        <time>2021-02-21T09:41:05.747Z</time>
      </trkpt>
      <trkpt lat="51.142321" lon="13.826398">
        <ele>234.726063</ele>
        <time>2021-02-21T09:41:11.720Z</time>
      </trkpt>
      <trkpt lat="51.142265" lon="13.826525">
        <ele>234.512259</ele>
        <time>2021-02-21T09:41:24.750Z</time>
      </trkpt>
      <trkpt lat="51.142231" lon="13.826918">
        <ele>233.965842</ele>
        <time>2021-02-21T09:41:58.720Z</time>
      </trkpt>
      <trkpt lat="51.142170" lon="13.827042">
        <ele>233.748810</ele>
        <time>2021-02-21T09:42:11.719Z</time>
      </trkpt>
      <trkpt lat="51.142168" lon="13.827187">
        <ele>233.549047</ele>
        <time>2021-02-21T09:42:23.723Z</time>
      </trkpt>
      <trkpt lat="51.142207" lon="13.827324">
        <ele>233.341835</ele>
        <time>2021-02-21T09:42:30.718Z</time>
      </trkpt>
      <trkpt lat="51.142214" lon="13.827473">
        <ele>233.136036</ele>
        <time>2021-02-21T09:42:37.727Z</time>
      </trkpt>
      <trkpt lat="51.142215" lon="13.827634">
        <ele>232.914273</ele>
        <time>2021-02-21T09:42:43.719Z</time>
      </trkpt>
      <trkpt lat="51.142236" lon="13.827789">
        <ele>232.767614</ele>
        <time>2021-02-21T09:42:50.720Z</time>
      </trkpt>
      <trkpt lat="51.142266" lon="13.827926">
        <ele>233.090134</ele>
        <time>2021-02-21T09:42:58.719Z</time>
      </trkpt>
      <trkpt lat="51.142280" lon="13.828069">
        <ele>233.411821</ele>
        <time>2021-02-21T09:43:06.714Z</time>
      </trkpt>
      <trkpt lat="51.142283" lon="13.828224">
        <ele>233.756497</ele>
        <time>2021-02-21T09:43:14.729Z</time>
      </trkpt>
      <trkpt lat="51.142273" lon="13.828381">
        <ele>234.107249</ele>
        <time>2021-02-21T09:43:21.719Z</time>
      </trkpt>
      <trkpt lat="51.142273" lon="13.828530">
        <ele>234.438426</ele>
        <time>2021-02-21T09:43:30.723Z</time>
      </trkpt>
      <trkpt lat="51.142279" lon="13.828692">
        <ele>234.799124</ele>
        <time>2021-02-21T09:43:46.719Z</time>
      </trkpt>
      <trkpt lat="51.142268" lon="13.828853">
        <ele>235.159088</ele>
        <time>2021-02-21T09:43:54.719Z</time>
      </trkpt>
      <trkpt lat="51.142270" lon="13.829011">
        <ele>235.510341</ele>
        <time>2021-02-21T09:44:02.742Z</time>
      </trkpt>
      <trkpt lat="51.142275" lon="13.829158">
        <ele>235.837552</ele>
        <time>2021-02-21T09:44:10.745Z</time>
      </trkpt>
      <trkpt lat="51.142284" lon="13.829312">
        <ele>236.181324</ele>
        <time>2021-02-21T09:44:18.717Z</time>
      </trkpt>
      <trkpt lat="51.142286" lon="13.829463">
        <ele>236.517020</ele>
        <time>2021-02-21T09:44:25.724Z</time>
      </trkpt>
      <trkpt lat="51.142276" lon="13.829621">
        <ele>236.869983</ele>
        <time>2021-02-21T09:44:33.718Z</time>
      </trkpt>
      <trkpt lat="51.142271" lon="13.829768">
        <ele>237.197195</ele>
        <time>2021-02-21T09:44:40.720Z</time>
      </trkpt>
      <trkpt lat="51.142236" lon="13.829904">
        <ele>237.523920</ele>
        <time>2021-02-21T09:44:49.726Z</time>
      </trkpt>
      <trkpt lat="51.142217" lon="13.830049">
        <ele>237.853161</ele>
        <time>2021-02-21T09:44:57.720Z</time>
      </trkpt>
      <trkpt lat="51.142212" lon="13.830192">
        <ele>238.171495</ele>
        <time>2021-02-21T09:45:05.715Z</time>
      </trkpt>
      <trkpt lat="51.142212" lon="13.830350">
        <ele>238.522676</ele>
        <time>2021-02-21T09:45:14.716Z</time>
      </trkpt>
      <trkpt lat="51.142215" lon="13.830494">
        <ele>238.842916</ele>
        <time>2021-02-21T09:45:23.723Z</time>
      </trkpt>
      <trkpt lat="51.142192" lon="13.830633">
        <ele>239.220703</ele>
        <time>2021-02-21T09:45:34.720Z</time>
      </trkpt>
      <trkpt lat="51.142099" lon="13.830644">
        <ele>239.838307</ele>
        <time>2021-02-21T09:45:43.722Z</time>
      </trkpt>
      <trkpt lat="51.142004" lon="13.830614">
        <ele>240.479692</ele>
        <time>2021-02-21T09:45:55.719Z</time>
      </trkpt>
      <trkpt lat="51.141911" lon="13.830565">
        <ele>241.128381</ele>
        <time>2021-02-21T09:46:03.718Z</time>
      </trkpt>
      <trkpt lat="51.141814" lon="13.830532">
        <ele>241.785252</ele>
        <time>2021-02-21T09:46:13.733Z</time>
      </trkpt>
      <trkpt lat="51.141730" lon="13.830479">
        <ele>242.383560</ele>
        <time>2021-02-21T09:46:23.724Z</time>
      </trkpt>
      <trkpt lat="51.141638" lon="13.830421">
        <ele>243.038777</ele>
        <time>2021-02-21T09:46:33.725Z</time>
      </trkpt>
      <trkpt lat="51.141547" lon="13.830396">
        <ele>243.650328</ele>
        <time>2021-02-21T09:46:41.728Z</time>
      </trkpt>
      <trkpt lat="51.141450" lon="13.830365">
        <ele>244.305516</ele>
        <time>2021-02-21T09:46:49.756Z</time>
      </trkpt>
      <trkpt lat="51.141358" lon="13.830313">
        <ele>244.951979</ele>
        <time>2021-02-21T09:46:57.722Z</time>
      </trkpt>
      <trkpt lat="51.141273" lon="13.830262">
        <ele>245.553473</ele>
        <time>2021-02-21T09:47:04.726Z</time>
      </trkpt>
      <trkpt lat="51.141179" lon="13.830214">
        <ele>246.207174</ele>
        <time>2021-02-21T09:47:19.720Z</time>
      </trkpt>
      <trkpt lat="51.141087" lon="13.830149">
        <ele>246.873639</ele>
        <time>2021-02-21T09:47:32.723Z</time>
      </trkpt>
      <trkpt lat="51.140993" lon="13.830126">
        <ele>247.503465</ele>
        <time>2021-02-21T09:47:39.722Z</time>
      </trkpt>
      <trkpt lat="51.140895" lon="13.830093">
        <ele>248.166816</ele>
        <time>2021-02-21T09:47:47.755Z</time>
      </trkpt>
      <trkpt lat="51.140805" lon="13.830040">
        <ele>248.802240</ele>
        <time>2021-02-21T09:47:57.722Z</time>
      </trkpt>
      <trkpt lat="51.140721" lon="13.829983">
        <ele>249.406865</ele>
        <time>2021-02-21T09:48:12.721Z</time>
      </trkpt>
      <trkpt lat="51.140623" lon="13.829954">
        <ele>250.066980</ele>
        <time>2021-02-21T09:48:20.727Z</time>
      </trkpt>
      <trkpt lat="51.140532" lon="13.829915">
        <ele>250.691052</ele>
        <time>2021-02-21T09:48:30.729Z</time>
      </trkpt>
      <trkpt lat="51.140440" lon="13.829856">
        <ele>251.205509</ele>
        <time>2021-02-21T09:48:39.721Z</time>
      </trkpt>
      <trkpt lat="51.140351" lon="13.829817">
        <ele>251.561365</ele>
        <time>2021-02-21T09:48:46.717Z</time>
      </trkpt>
      <trkpt lat="51.140256" lon="13.829761">
        <ele>251.951867</ele>
        <time>2021-02-21T09:48:54.724Z</time>
      </trkpt>
      <trkpt lat="51.140167" lon="13.829733">
        <ele>252.301611</ele>
        <time>2021-02-21T09:49:02.731Z</time>
      </trkpt>
      <trkpt lat="51.140072" lon="13.829686">
        <ele>252.685106</ele>
        <time>2021-02-21T09:49:10.721Z</time>
      </trkpt>
      <trkpt lat="51.139981" lon="13.829635">
        <ele>253.056998</ele>
        <time>2021-02-21T09:49:19.738Z</time>
      </trkpt>
      <trkpt lat="51.139889" lon="13.829593">
        <ele>253.425950</ele>
        <time>2021-02-21T09:49:28.720Z</time>
      </trkpt>
      <trkpt lat="51.139795" lon="13.829558">
        <ele>253.798108</ele>
        <time>2021-02-21T09:49:36.717Z</time>
      </trkpt>
      <trkpt lat="51.139699" lon="13.829510">
        <ele>254.186004</ele>
        <time>2021-02-21T09:49:44.723Z</time>
      </trkpt>
      <trkpt lat="51.139612" lon="13.829457">
        <ele>254.545083</ele>
        <time>2021-02-21T09:49:53.723Z</time>
      </trkpt>
      <trkpt lat="51.139526" lon="13.829419">
        <ele>254.889147</ele>
        <time>2021-02-21T09:50:02.726Z</time>
      </trkpt>
      <trkpt lat="51.139438" lon="13.829373">
        <ele>255.246196</ele>
        <time>2021-02-21T09:50:10.718Z</time>
      </trkpt>
      <trkpt lat="51.139341" lon="13.829350">
        <ele>255.624278</ele>
        <time>2021-02-21T09:50:18.721Z</time>
      </trkpt>
      <trkpt lat="51.139232" lon="13.829273">
        <ele>256.083936</ele>
        <time>2021-02-21T09:50:38.724Z</time>
      </trkpt>
      <trkpt lat="51.139129" lon="13.829251">
        <ele>256.484584</ele>
        <time>2021-02-21T09:50:46.724Z</time>
      </trkpt>
      <trkpt lat="51.139035" lon="13.829219">
        <ele>256.855159</ele>
        <time>2021-02-21T09:50:55.722Z</time>
      </trkpt>
      <trkpt lat="51.138936" lon="13.829188">
        <ele>257.244132</ele>
        <time>2021-02-21T09:51:03.721Z</time>
      </trkpt>
      <trkpt lat="51.138838" lon="13.829159">
        <ele>257.628411</ele>
        <time>2021-02-21T09:51:11.725Z</time>
      </trkpt>
      <trkpt lat="51.138745" lon="13.829121">
        <ele>257.951670</ele>
        <time>2021-02-21T09:51:20.728Z</time>
      </trkpt>
      <trkpt lat="51.138656" lon="13.829082">
        <ele>258.014523</ele>
        <time>2021-02-21T09:51:28.725Z</time>
      </trkpt>
      <trkpt lat="51.138561" lon="13.829051">
        <ele>258.080556</ele>
        <time>2021-02-21T09:51:36.723Z</time>
      </trkpt>
      <trkpt lat="51.138466" lon="13.829023">
        <ele>258.146343</ele>
        <time>2021-02-21T09:51:44.726Z</time>
      </trkpt>
      <trkpt lat="51.138365" lon="13.828999">
        <ele>258.215880</ele>
        <time>2021-02-21T09:51:54.723Z</time>
      </trkpt>
      <trkpt lat="51.138269" lon="13.828982">
        <ele>258.281654</ele>
        <time>2021-02-21T09:52:02.749Z</time>
      </trkpt>
      <trkpt lat="51.138167" lon="13.828972">
        <ele>258.351242</ele>
        <time>2021-02-21T09:52:10.729Z</time>
      </trkpt>
      <trkpt lat="51.138076" lon="13.828940">
        <ele>258.414700</ele>
        <time>2021-02-21T09:52:18.726Z</time>
      </trkpt>
      <trkpt lat="51.137987" lon="13.828908">
        <ele>258.476828</ele>
        <time>2021-02-21T09:52:26.729Z</time>
      </trkpt>
      <trkpt lat="51.137890" lon="13.828894">
        <ele>258.543150</ele>
        <time>2021-02-21T09:52:34.718Z</time>
      </trkpt>
      <trkpt lat="51.137789" lon="13.828864">
        <ele>258.613111</ele>
        <time>2021-02-21T09:52:41.730Z</time>
      </trkpt>
      <trkpt lat="51.137690" lon="13.828856">
        <ele>258.680612</ele>
        <time>2021-02-21T09:52:49.756Z</time>
      </trkpt>
      <trkpt lat="51.137592" lon="13.828852">
        <ele>258.747367</ele>
        <time>2021-02-21T09:52:57.721Z</time>
      </trkpt>
      <trkpt lat="51.137502" lon="13.828833">
        <ele>258.809188</ele>
        <time>2021-02-21T09:53:06.727Z</time>
      </trkpt>
      <trkpt lat="51.137409" lon="13.828877">
        <ele>258.875249</ele>
        <time>2021-02-21T09:53:21.723Z</time>
      </trkpt>
      <trkpt lat="51.137396" lon="13.829142">
        <ele>258.988820</ele>
        <time>2021-02-21T09:53:52.751Z</time>
      </trkpt>
      <trkpt lat="51.137406" lon="13.829305">
        <ele>259.058797</ele>
        <time>2021-02-21T09:54:01.718Z</time>
      </trkpt>
      <trkpt lat="51.137389" lon="13.829456">
        <ele>259.124345</ele>
        <time>2021-02-21T09:54:10.718Z</time>
      </trkpt>
      <trkpt lat="51.137375" lon="13.829611">
        <ele>259.131590</ele>
        <time>2021-02-21T09:54:17.728Z</time>
      </trkpt>
      <trkpt lat="51.137362" lon="13.829772">
        <ele>259.034415</ele>
        <time>2021-02-21T09:54:25.720Z</time>
      </trkpt>
      <trkpt lat="51.137353" lon="13.829918">
        <ele>258.946592</ele>
        <time>2021-02-21T09:54:33.723Z</time>
      </trkpt>
      <trkpt lat="51.137341" lon="13.830071">
        <ele>258.854287</ele>
        <time>2021-02-21T09:54:45.724Z</time>
      </trkpt>
      <trkpt lat="51.137341" lon="13.830230">
        <ele>258.759103</ele>
        <time>2021-02-21T09:54:54.719Z</time>
      </trkpt>
      <trkpt lat="51.137331" lon="13.830379">
        <ele>258.669397</ele>
        <time>2021-02-21T09:55:02.725Z</time>
      </trkpt>
      <trkpt lat="51.137318" lon="13.830533">
        <ele>258.576376</ele>
        <time>2021-02-21T09:55:10.725Z</time>
      </trkpt>
      <trkpt lat="51.137315" lon="13.830682">
        <ele>258.487132</ele>
        <time>2021-02-21T09:55:17.717Z</time>
      </trkpt>
      <trkpt lat="51.137295" lon="13.830830">
        <ele>258.396502</ele>
        <time>2021-02-21T09:55:26.723Z</time>
      </trkpt>
      <trkpt lat="51.137284" lon="13.830976">
        <ele>258.308472</ele>
        <time>2021-02-21T09:55:35.755Z</time>
      </trkpt>
      <trkpt lat="51.137275" lon="13.831137">
        <ele>258.211709</ele>
        <time>2021-02-21T09:55:44.723Z</time>
      </trkpt>
      <trkpt lat="51.137289" lon="13.831292">
        <ele>258.117963</ele>
        <time>2021-02-21T09:55:53.727Z</time>
      </trkpt>
      <trkpt lat="51.137286" lon="13.831448">
        <ele>258.024531</ele>
        <time>2021-02-21T09:56:06.725Z</time>
      </trkpt>
      <trkpt lat="51.137284" lon="13.831603">
        <ele>257.931722</ele>
        <time>2021-02-21T09:56:15.726Z</time>
      </trkpt>
      <trkpt lat="51.137274" lon="13.831747">
        <ele>257.844991</ele>
        <time>2021-02-21T09:56:22.720Z</time>
      </trkpt>
      <trkpt lat="51.137258" lon="13.831911">
        <ele>257.745634</ele>
        <time>2021-02-21T09:56:29.720Z</time>
      </trkpt>
      <trkpt lat="51.137246" lon="13.832061">
        <ele>257.655111</ele>
        <time>2021-02-21T09:56:36.728Z</time>
      </trkpt>
      <trkpt lat="51.137241" lon="13.832206">
        <ele>257.568177</ele>
        <time>2021-02-21T09:56:44.725Z</time>
      </trkpt>
      <trkpt lat="51.137257" lon="13.832358">
        <ele>257.475912</ele>
        <time>2021-02-21T09:56:53.754Z</time>
      </trkpt>
      <trkpt lat="51.137251" lon="13.832507">
        <ele>257.411092</ele>
        <time>2021-02-21T09:57:00.725Z</time>
      </trkpt>
      <trkpt lat="51.137262" lon="13.832653">
        <ele>257.356935</ele>
        <time>2021-02-21T09:57:07.728Z</time>
      </trkpt>
      <trkpt lat="51.137276" lon="13.832800">
        <ele>257.302176</ele>
        <time>2021-02-21T09:57:15.724Z</time>
      </trkpt>
      <trkpt lat="51.137270" lon="13.832944">
        <ele>257.249025</ele>
        <time>2021-02-21T09:57:22.720Z</time>
      </trkpt>
      <trkpt lat="51.137285" lon="13.833100">
        <ele>257.190900</ele>
        <time>2021-02-21T09:57:33.722Z</time>
      </trkpt>
      <trkpt lat="51.137295" lon="13.833252">
        <ele>257.134613</ele>
        <time>2021-02-21T09:57:41.737Z</time>
      </trkpt>
      <trkpt lat="51.137293" lon="13.833410">
        <ele>257.076411</ele>
        <time>2021-02-21T09:57:50.723Z</time>
      </trkpt>
      <trkpt lat="51.137269" lon="13.833549">
        <ele>257.023315</ele>
        <time>2021-02-21T09:57:58.723Z</time>
      </trkpt>
      <trkpt lat="51.137284" lon="13.833696">
        <ele>256.968465</ele>
        <time>2021-02-21T09:58:06.718Z</time>
      </trkpt>
      <trkpt lat="51.137297" lon="13.833843">
        <ele>256.913791</ele>
        <time>2021-02-21T09:58:14.754Z</time>
      </trkpt>
      <trkpt lat="51.137308" lon="13.833986">
        <ele>256.860731</ele>
        <time>2021-02-21T09:58:22.726Z</time>
      </trkpt>
      <trkpt lat="51.137321" lon="13.834135">
        <ele>256.805328</ele>
        <time>2021-02-21T09:58:29.719Z</time>
      </trkpt>
      <trkpt lat="51.137341" lon="13.834279">
        <ele>256.751010</ele>
        <time>2021-02-21T09:58:37.723Z</time>
      </trkpt>
      <trkpt lat="51.137348" lon="13.834434">
        <ele>256.693777</ele>
        <time>2021-02-21T09:58:45.727Z</time>
      </trkpt>
      <trkpt lat="51.137352" lon="13.834589">
        <ele>256.636643</ele>
        <time>2021-02-21T09:58:53.720Z</time>
      </trkpt>
      <trkpt lat="51.137355" lon="13.834740">
        <ele>256.581003</ele>
        <time>2021-02-21T09:59:01.724Z</time>
      </trkpt>
      <trkpt lat="51.137361" lon="13.834890">
        <ele>256.525647</ele>
        <time>2021-02-21T09:59:09.721Z</time>
      </trkpt>
      <trkpt lat="51.137366" lon="13.835053">
        <ele>256.465544</ele>
        <time>2021-02-21T09:59:17.728Z</time>
      </trkpt>
      <trkpt lat="51.137394" lon="13.835207">
        <ele>256.406494</ele>
        <time>2021-02-21T09:59:25.721Z</time>
      </trkpt>
      <trkpt lat="51.137394" lon="13.835362">
        <ele>256.093641</ele>
        <time>2021-02-21T09:59:33.719Z</time>
      </trkpt>
      <trkpt lat="51.137390" lon="13.835505">
        <ele>255.742739</ele>
        <time>2021-02-21T09:59:40.728Z</time>
      </trkpt>
      <trkpt lat="51.137377" lon="13.835656">
        <ele>255.369105</ele>
        <time>2021-02-21T09:59:47.724Z</time>
      </trkpt>
      <trkpt lat="51.137369" lon="13.835802">
        <ele>255.009834</ele>
        <time>2021-02-21T09:59:54.720Z</time>
      </trkpt>
      <trkpt lat="51.137390" lon="13.835942">
        <ele>254.656964</ele>
        <time>2021-02-21T10:00:01.725Z</time>
      </trkpt>
      <trkpt lat="51.137389" lon="13.836091">
        <ele>254.291680</ele>
        <time>2021-02-21T10:00:08.719Z</time>
      </trkpt>
      <trkpt lat="51.137308" lon="13.836165">
        <ele>253.926911</ele>
        <time>2021-02-21T10:00:21.726Z</time>
      </trkpt>
      <trkpt lat="51.137169" lon="13.836176">
        <ele>253.383178</ele>
        <time>2021-02-21T10:00:49.734Z</time>
      </trkpt>
      <trkpt lat="51.137070" lon="13.836182">
        <ele>252.996112</ele>
        <time>2021-02-21T10:00:58.719Z</time>
      </trkpt>
      <trkpt lat="51.136981" lon="13.836225">
        <ele>252.632767</ele>
        <time>2021-02-21T10:01:06.730Z</time>
      </trkpt>
      <trkpt lat="51.136894" lon="13.836288">
        <ele>252.259422</ele>
        <time>2021-02-21T10:01:16.727Z</time>
      </trkpt>
      <trkpt lat="51.136721" lon="13.836447">
        <ele>251.479185</ele>
        <time>2021-02-21T10:01:45.723Z</time>
      </trkpt>
      <trkpt lat="51.136628" lon="13.836518">
        <ele>251.076302</ele>
        <time>2021-02-21T10:01:51.724Z</time>
      </trkpt>
      <trkpt lat="51.136542" lon="13.836570">
        <ele>250.716936</ele>
        <time>2021-02-21T10:01:59.726Z</time>
      </trkpt>
      <trkpt lat="51.136446" lon="13.836529">
        <ele>250.328636</ele>
        <time>2021-02-21T10:02:11.721Z</time>
      </trkpt>
      <trkpt lat="51.136364" lon="13.836594">
        <ele>249.970827</ele>
        <time>2021-02-21T10:02:21.721Z</time>
      </trkpt>
      <trkpt lat="51.136273" lon="13.836596">
        <ele>249.615262</ele>
        <time>2021-02-21T10:02:29.722Z</time>
      </trkpt>
      <trkpt lat="51.136178" lon="13.836572">
        <ele>249.367265</ele>
        <time>2021-02-21T10:02:37.729Z</time>
      </trkpt>
      <trkpt lat="51.136089" lon="13.836513">
        <ele>249.366745</ele>
        <time>2021-02-21T10:02:45.722Z</time>
      </trkpt>
      <trkpt lat="51.135994" lon="13.836463">
        <ele>249.366204</ele>
        <time>2021-02-21T10:02:53.730Z</time>
      </trkpt>
      <trkpt lat="51.135909" lon="13.836394">
        <ele>249.365689</ele>
        <time>2021-02-21T10:03:01.728Z</time>
      </trkpt>
      <trkpt lat="51.135825" lon="13.836338">
        <ele>249.365197</ele>
        <time>2021-02-21T10:03:08.728Z</time>
      </trkpt>
      <trkpt lat="51.135732" lon="13.836281">
        <ele>249.364658</ele>
        <time>2021-02-21T10:03:17.734Z</time>
      </trkpt>
      <trkpt lat="51.135650" lon="13.836216">
        <ele>249.364164</ele>
        <time>2021-02-21T10:03:25.719Z</time>
      </trkpt>
      <trkpt lat="51.135562" lon="13.836144">
        <ele>249.363629</ele>
        <time>2021-02-21T10:03:35.756Z</time>
      </trkpt>
      <trkpt lat="51.135473" lon="13.836096">
        <ele>249.363121</ele>
        <time>2021-02-21T10:03:52.730Z</time>
      </trkpt>
      <trkpt lat="51.135386" lon="13.836018">
        <ele>249.362582</ele>
        <time>2021-02-21T10:04:06.724Z</time>
      </trkpt>
      <trkpt lat="51.135327" lon="13.835902">
        <ele>249.362076</ele>
        <time>2021-02-21T10:04:13.720Z</time>
      </trkpt>
      <trkpt lat="51.135256" lon="13.835812">
        <ele>249.361586</ele>
        <time>2021-02-21T10:04:23.724Z</time>
      </trkpt>
      <trkpt lat="51.135185" lon="13.835707">
        <ele>249.361062</ele>
        <time>2021-02-21T10:04:30.728Z</time>
      </trkpt>
      <trkpt lat="51.135119" lon="13.835596">
        <ele>249.360544</ele>
        <time>2021-02-21T10:04:39.727Z</time>
      </trkpt>
      <trkpt lat="51.135052" lon="13.835487">
        <ele>249.360027</ele>
        <time>2021-02-21T10:04:54.734Z</time>
      </trkpt>
      <trkpt lat="51.134965" lon="13.835408">
        <ele>249.359486</ele>
        <time>2021-02-21T10:05:02.723Z</time>
      </trkpt>
      <trkpt lat="51.134881" lon="13.835347">
        <ele>249.358987</ele>
        <time>2021-02-21T10:05:10.754Z</time>
      </trkpt>
      <trkpt lat="51.134785" lon="13.835301">
        <ele>249.358445</ele>
        <time>2021-02-21T10:05:22.759Z</time>
      </trkpt>
      <trkpt lat="51.134697" lon="13.835256">
        <ele>249.357946</ele>
        <time>2021-02-21T10:05:33.729Z</time>
      </trkpt>
      <trkpt lat="51.134606" lon="13.835181">
        <ele>249.347982</ele>
        <time>2021-02-21T10:05:42.722Z</time>
      </trkpt>
      <trkpt lat="51.134530" lon="13.835088">
        <ele>249.332791</ele>
        <time>2021-02-21T10:05:55.721Z</time>
      </trkpt>
      <trkpt lat="51.134446" lon="13.835007">
        <ele>249.317226</ele>
        <time>2021-02-21T10:06:03.730Z</time>
      </trkpt>
      <trkpt lat="51.134371" lon="13.834923">
        <ele>249.302694</ele>
        <time>2021-02-21T10:06:10.732Z</time>
      </trkpt>
      <trkpt lat="51.134297" lon="13.834827">
        <ele>249.287566</ele>
        <time>2021-02-21T10:06:18.723Z</time>
      </trkpt>
      <trkpt lat="51.134231" lon="13.834724">
        <ele>249.272922</ele>
        <time>2021-02-21T10:06:26.728Z</time>
      </trkpt>
      <trkpt lat="51.134153" lon="13.834650">
        <ele>249.258531</ele>
        <time>2021-02-21T10:06:37.726Z</time>
      </trkpt>
      <trkpt lat="51.134063" lon="13.834573">
        <ele>249.242336</ele>
        <time>2021-02-21T10:06:44.728Z</time>
      </trkpt>
      <trkpt lat="51.133979" lon="13.834501">
        <ele>249.227216</ele>
        <time>2021-02-21T10:06:52.722Z</time>
      </trkpt>
      <trkpt lat="51.133890" lon="13.834459">
        <ele>249.212500</ele>
        <time>2021-02-21T10:07:02.726Z</time>
      </trkpt>
      <trkpt lat="51.133804" lon="13.834406">
        <ele>249.197882</ele>
        <time>2021-02-21T10:07:09.722Z</time>
      </trkpt>
      <trkpt lat="51.133710" lon="13.834376">
        <ele>249.182684</ele>
        <time>2021-02-21T10:07:17.724Z</time>
      </trkpt>
      <trkpt lat="51.133613" lon="13.834339">
        <ele>249.166872</ele>
        <time>2021-02-21T10:07:25.754Z</time>
      </trkpt>
      <trkpt lat="51.133517" lon="13.834318">
        <ele>249.151510</ele>
        <time>2021-02-21T10:07:34.720Z</time>
      </trkpt>
      <trkpt lat="51.133431" lon="13.834257">
        <ele>249.136587</ele>
        <time>2021-02-21T10:07:45.733Z</time>
      </trkpt>
      <trkpt lat="51.133334" lon="13.834246">
        <ele>249.121170</ele>
        <time>2021-02-21T10:07:52.720Z</time>
      </trkpt>
      <trkpt lat="51.133244" lon="13.834249">
        <ele>249.106899</ele>
        <time>2021-02-21T10:08:00.724Z</time>
      </trkpt>
      <trkpt lat="51.133151" lon="13.834261">
        <ele>249.092107</ele>
        <time>2021-02-21T10:08:08.721Z</time>
      </trkpt>
      <trkpt lat="51.133059" lon="13.834275">
        <ele>249.077455</ele>
        <time>2021-02-21T10:08:16.731Z</time>
      </trkpt>
      <trkpt lat="51.132969" lon="13.834281">
        <ele>248.979007</ele>
        <time>2021-02-21T10:08:23.728Z</time>
      </trkpt>
      <trkpt lat="51.132874" lon="13.834282">
        <ele>248.829136</ele>
        <time>2021-02-21T10:08:31.722Z</time>
      </trkpt>
      <trkpt lat="51.132785" lon="13.834302">
        <ele>248.687344</ele>
        <time>2021-02-21T10:08:39.724Z</time>
      </trkpt>
      <trkpt lat="51.132694" lon="13.834330">
        <ele>248.541134</ele>
        <time>2021-02-21T10:08:47.723Z</time>
      </trkpt>
      <trkpt lat="51.132609" lon="13.834386">
        <ele>248.396034</ele>
        <time>2021-02-21T10:08:55.724Z</time>
      </trkpt>
      <trkpt lat="51.132516" lon="13.834438">
        <ele>248.240552</ele>
        <time>2021-02-21T10:09:03.725Z</time>
      </trkpt>
      <trkpt lat="51.132418" lon="13.834481">
        <ele>248.080198</ele>
        <time>2021-02-21T10:09:12.736Z</time>
      </trkpt>
      <trkpt lat="51.132337" lon="13.834545">
        <ele>247.937571</ele>
        <time>2021-02-21T10:09:20.729Z</time>
      </trkpt>
      <trkpt lat="51.132246" lon="13.834601">
        <ele>247.783680</ele>
        <time>2021-02-21T10:09:29.728Z</time>
      </trkpt>
      <trkpt lat="51.132157" lon="13.834678">
        <ele>247.623920</ele>
        <time>2021-02-21T10:09:42.726Z</time>
      </trkpt>
      <trkpt lat="51.132070" lon="13.834734">
        <ele>247.475898</ele>
        <time>2021-02-21T10:09:49.728Z</time>
      </trkpt>
      <trkpt lat="51.131990" lon="13.834801">
        <ele>247.333326</ele>
        <time>2021-02-21T10:09:57.726Z</time>
      </trkpt>
      <trkpt lat="51.131920" lon="13.834907">
        <ele>247.180990</ele>
        <time>2021-02-21T10:10:04.724Z</time>
      </trkpt>
      <trkpt lat="51.131861" lon="13.835026">
        <ele>247.030852</ele>
        <time>2021-02-21T10:10:11.724Z</time>
      </trkpt>
      <trkpt lat="51.131808" lon="13.835160">
        <ele>246.874045</ele>
        <time>2021-02-21T10:10:20.763Z</time>
      </trkpt>
      <trkpt lat="51.131736" lon="13.835259">
        <ele>246.724023</ele>
        <time>2021-02-21T10:10:30.729Z</time>
      </trkpt>
      <trkpt lat="51.131647" lon="13.835331">
        <ele>246.566563</ele>
        <time>2021-02-21T10:10:39.732Z</time>
      </trkpt>
      <trkpt lat="51.131575" lon="13.835418">
        <ele>246.424017</ele>
        <time>2021-02-21T10:10:47.722Z</time>
      </trkpt>
      <trkpt lat="51.131539" lon="13.835559">
        <ele>246.273320</ele>
        <time>2021-02-21T10:10:55.728Z</time>
      </trkpt>
      <trkpt lat="51.131523" lon="13.835706">
        <ele>246.824613</ele>
        <time>2021-02-21T10:11:04.732Z</time>
      </trkpt>
      <trkpt lat="51.131529" lon="13.835861">
        <ele>247.652356</ele>
        <time>2021-02-21T10:11:14.726Z</time>
      </trkpt>
      <trkpt lat="51.131543" lon="13.836004">
        <ele>248.423787</ele>
        <time>2021-02-21T10:11:23.738Z</time>
      </trkpt>
      <trkpt lat="51.131547" lon="13.836163">
        <ele>249.271960</ele>
        <time>2021-02-21T10:11:33.722Z</time>
      </trkpt>
      <trkpt lat="51.131579" lon="13.836297">
        <ele>250.036168</ele>
        <time>2021-02-21T10:11:47.727Z</time>
      </trkpt>
      <trkpt lat="51.131596" lon="13.836488">
        <ele>251.064413</ele>
        <time>2021-02-21T10:12:53.723Z</time>
      </trkpt>
      <trkpt lat="51.131545" lon="13.836613">
        <ele>251.859121</ele>
        <time>2021-02-21T10:13:01.728Z</time>
      </trkpt>
      <trkpt lat="51.131405" lon="13.836566">
        <ele>253.074353</ele>
        <time>2021-02-21T10:14:39.735Z</time>
      </trkpt>
      <trkpt lat="51.131333" lon="13.836480">
        <ele>253.838631</ele>
        <time>2021-02-21T10:14:47.725Z</time>
      </trkpt>
      <trkpt lat="51.131256" lon="13.836396">
        <ele>254.631229</ele>
        <time>2021-02-21T10:14:58.726Z</time>
      </trkpt>
      <trkpt lat="51.131185" lon="13.836292">
        <ele>255.450357</ele>
        <time>2021-02-21T10:15:07.721Z</time>
      </trkpt>
      <trkpt lat="51.131100" lon="13.836237">
        <ele>256.229579</ele>
        <time>2021-02-21T10:15:12.728Z</time>
      </trkpt>
      <trkpt lat="51.131021" lon="13.836153">
        <ele>257.036252</ele>
        <time>2021-02-21T10:15:21.726Z</time>
      </trkpt>
      <trkpt lat="51.130968" lon="13.836023">
        <ele>257.862570</ele>
        <time>2021-02-21T10:15:31.727Z</time>
      </trkpt>
      <trkpt lat="51.130927" lon="13.835894">
        <ele>258.633326</ele>
        <time>2021-02-21T10:15:40.721Z</time>
      </trkpt>
      <trkpt lat="51.130868" lon="13.835760">
        <ele>259.505843</ele>
        <time>2021-02-21T10:15:50.726Z</time>
      </trkpt>
      <trkpt lat="51.130801" lon="13.835661">
        <ele>260.281933</ele>
        <time>2021-02-21T10:15:56.720Z</time>
      </trkpt>
      <trkpt lat="51.130723" lon="13.835568">
        <ele>261.109373</ele>
        <time>2021-02-21T10:16:03.728Z</time>
      </trkpt>
      <trkpt lat="51.130661" lon="13.835445">
        <ele>261.613661</ele>
        <time>2021-02-21T10:16:12.722Z</time>
      </trkpt>
      <trkpt lat="51.130593" lon="13.835342">
        <ele>261.797933</ele>
        <time>2021-02-21T10:16:22.725Z</time>
      </trkpt>
      <trkpt lat="51.130510" lon="13.835250">
        <ele>261.996516</ele>
        <time>2021-02-21T10:16:33.727Z</time>
      </trkpt>
      <trkpt lat="51.130437" lon="13.835157">
        <ele>262.180086</ele>
        <time>2021-02-21T10:16:42.728Z</time>
      </trkpt>
      <trkpt lat="51.130371" lon="13.835053">
        <ele>262.362396</ele>
        <time>2021-02-21T10:16:51.734Z</time>
      </trkpt>
      <trkpt lat="51.130299" lon="13.834956">
        <ele>262.547580</ele>
        <time>2021-02-21T10:17:00.726Z</time>
      </trkpt>
      <trkpt lat="51.130224" lon="13.834845">
        <ele>262.748625</ele>
        <time>2021-02-21T10:17:07.723Z</time>
      </trkpt>
      <trkpt lat="51.130148" lon="13.834752">
        <ele>262.936834</ele>
        <time>2021-02-21T10:17:11.729Z</time>
      </trkpt>
      <trkpt lat="51.130069" lon="13.834642">
        <ele>263.142891</ele>
        <time>2021-02-21T10:17:21.727Z</time>
      </trkpt>
      <trkpt lat="51.129999" lon="13.834546">
        <ele>263.324288</ele>
        <time>2021-02-21T10:17:27.730Z</time>
      </trkpt>
      <trkpt lat="51.129921" lon="13.834444">
        <ele>263.522473</ele>
        <time>2021-02-21T10:17:36.731Z</time>
      </trkpt>
      <trkpt lat="51.129862" lon="13.834334">
        <ele>263.700834</ele>
        <time>2021-02-21T10:17:43.750Z</time>
      </trkpt>
      <trkpt lat="51.129799" lon="13.834212">
        <ele>263.895576</ele>
        <time>2021-02-21T10:17:51.728Z</time>
      </trkpt>
      <trkpt lat="51.129739" lon="13.833955">
        <ele>264.233565</ele>
        <time>2021-02-21T10:18:36.729Z</time>
      </trkpt>
      <trkpt lat="51.129695" lon="13.833818">
        <ele>264.423261</ele>
        <time>2021-02-21T10:18:45.728Z</time>
      </trkpt>
      <trkpt lat="51.129641" lon="13.833694">
        <ele>264.609299</ele>
        <time>2021-02-21T10:18:53.721Z</time>
      </trkpt>
      <trkpt lat="51.129578" lon="13.833572">
        <ele>264.804042</ele>
        <time>2021-02-21T10:19:01.753Z</time>
      </trkpt>
      <trkpt lat="51.129517" lon="13.833449">
        <ele>264.997279</ele>
        <time>2021-02-21T10:19:08.727Z</time>
      </trkpt>
      <trkpt lat="51.129456" lon="13.833321">
        <ele>264.998865</ele>
        <time>2021-02-21T10:19:15.735Z</time>
      </trkpt>
      <trkpt lat="51.129391" lon="13.833208">
        <ele>264.940653</ele>
        <time>2021-02-21T10:19:21.725Z</time>
      </trkpt>
      <trkpt lat="51.129302" lon="13.833139">
        <ele>264.880761</ele>
        <time>2021-02-21T10:19:29.724Z</time>
      </trkpt>
      <trkpt lat="51.129228" lon="13.833034">
        <ele>264.820801</ele>
        <time>2021-02-21T10:19:37.728Z</time>
      </trkpt>
      <trkpt lat="51.129200" lon="13.832892">
        <ele>264.764277</ele>
        <time>2021-02-21T10:19:45.730Z</time>
      </trkpt>
      <trkpt lat="51.129133" lon="13.832785">
        <ele>264.706876</ele>
        <time>2021-02-21T10:19:53.724Z</time>
      </trkpt>
      <trkpt lat="51.128974" lon="13.832519">
        <ele>264.567371</ele>
        <time>2021-02-21T10:20:15.728Z</time>
      </trkpt>
      <trkpt lat="51.128932" lon="13.832384">
        <ele>264.510150</ele>
        <time>2021-02-21T10:20:20.726Z</time>
      </trkpt>
      <trkpt lat="51.128873" lon="13.832253">
        <ele>264.448916</ele>
        <time>2021-02-21T10:20:26.727Z</time>
      </trkpt>
      <trkpt lat="51.128809" lon="13.832128">
        <ele>264.387652</ele>
        <time>2021-02-21T10:20:37.726Z</time>
      </trkpt>
      <trkpt lat="51.128744" lon="13.832004">
        <ele>264.326296</ele>
        <time>2021-02-21T10:20:46.731Z</time>
      </trkpt>
      <trkpt lat="51.128663" lon="13.831757">
        <ele>264.220461</ele>
        <time>2021-02-21T10:21:04.730Z</time>
      </trkpt>
      <trkpt lat="51.128658" lon="13.831498">
        <ele>264.122056</ele>
        <time>2021-02-21T10:21:26.736Z</time>
      </trkpt>
      <trkpt lat="51.128729" lon="13.831177">
        <ele>263.992804</ele>
        <time>2021-02-21T10:22:00.724Z</time>
      </trkpt>
      <trkpt lat="51.128741" lon="13.831029">
        <ele>264.001416</ele>
        <time>2021-02-21T10:22:06.735Z</time>
      </trkpt>
      <trkpt lat="51.128751" lon="13.830865">
        <ele>264.137009</ele>
        <time>2021-02-21T10:22:13.734Z</time>
      </trkpt>
      <trkpt lat="51.128753" lon="13.830721">
        <ele>264.255537</ele>
        <time>2021-02-21T10:22:19.731Z</time>
      </trkpt>
      <trkpt lat="51.128771" lon="13.830579">
        <ele>264.374751</ele>
        <time>2021-02-21T10:22:31.723Z</time>
      </trkpt>
      <trkpt lat="51.128789" lon="13.830407">
        <ele>264.518246</ele>
        <time>2021-02-21T10:22:37.727Z</time>
      </trkpt>
      <trkpt lat="51.128820" lon="13.830270">
        <ele>264.638089</ele>
        <time>2021-02-21T10:22:44.727Z</time>
      </trkpt>
      <trkpt lat="51.128846" lon="13.830124">
        <ele>264.762978</ele>
        <time>2021-02-21T10:22:53.723Z</time>
      </trkpt>
      <trkpt lat="51.128855" lon="13.829976">
        <ele>264.885339</ele>
        <time>2021-02-21T10:23:00.729Z</time>
      </trkpt>
      <trkpt lat="51.128893" lon="13.829824">
        <ele>265.019981</ele>
        <time>2021-02-21T10:23:08.733Z</time>
      </trkpt>
      <trkpt lat="51.128942" lon="13.829689">
        <ele>265.148316</ele>
        <time>2021-02-21T10:23:16.724Z</time>
      </trkpt>
      <trkpt lat="51.128975" lon="13.829540">
        <ele>265.278341</ele>
        <time>2021-02-21T10:23:24.729Z</time>
      </trkpt>
      <trkpt lat="51.128998" lon="13.829398">
        <ele>265.399023</ele>
        <time>2021-02-21T10:23:33.724Z</time>
      </trkpt>
      <trkpt lat="51.129034" lon="13.829245">
        <ele>265.533486</ele>
        <time>2021-02-21T10:23:42.730Z</time>
      </trkpt>
      <trkpt lat="51.129065" lon="13.829091">
        <ele>265.666574</ele>
        <time>2021-02-21T10:23:51.730Z</time>
      </trkpt>
      <trkpt lat="51.129078" lon="13.828928">
        <ele>265.801786</ele>
        <time>2021-02-21T10:23:56.727Z</time>
      </trkpt>
      <trkpt lat="51.129095" lon="13.828775">
        <ele>265.929649</ele>
        <time>2021-02-21T10:24:03.729Z</time>
      </trkpt>
      <trkpt lat="51.129129" lon="13.828635">
        <ele>266.053182</ele>
        <time>2021-02-21T10:24:12.727Z</time>
      </trkpt>
      <trkpt lat="51.129167" lon="13.828489">
        <ele>266.183249</ele>
        <time>2021-02-21T10:24:20.733Z</time>
      </trkpt>
      <trkpt lat="51.129271" lon="13.828134">
        <ele>266.769222</ele>
        <time>2021-02-21T10:27:58.765Z</time>
      </trkpt>
      <trkpt lat="51.129314" lon="13.827988">
        <ele>267.085663</ele>
        <time>2021-02-21T10:28:08.736Z</time>
      </trkpt>
      <trkpt lat="51.129332" lon="13.827838">
        <ele>267.385306</ele>
        <time>2021-02-21T10:28:14.742Z</time>
      </trkpt>
      <trkpt lat="51.129359" lon="13.827694">
        <ele>267.680186</ele>
        <time>2021-02-21T10:28:23.755Z</time>
      </trkpt>
      <trkpt lat="51.129387" lon="13.827550">
        <ele>267.975975</ele>
        <time>2021-02-21T10:28:31.739Z</time>
      </trkpt>
      <trkpt lat="51.129405" lon="13.827403">
        <ele>268.269838</ele>
        <time>2021-02-21T10:28:40.730Z</time>
      </trkpt>
      <trkpt lat="51.129425" lon="13.827262">
        <ele>268.553469</ele>
        <time>2021-02-21T10:28:50.741Z</time>
      </trkpt>
      <trkpt lat="51.129432" lon="13.827111">
        <ele>268.850548</ele>
        <time>2021-02-21T10:29:00.760Z</time>
      </trkpt>
      <trkpt lat="51.129429" lon="13.826960">
        <ele>269.146969</ele>
        <time>2021-02-21T10:29:14.745Z</time>
      </trkpt>
      <trkpt lat="51.129462" lon="13.826822">
        <ele>269.436725</ele>
        <time>2021-02-21T10:29:20.744Z</time>
      </trkpt>
      <trkpt lat="51.129505" lon="13.826687">
        <ele>269.733768</ele>
        <time>2021-02-21T10:29:28.734Z</time>
      </trkpt>
      <trkpt lat="51.129542" lon="13.826548">
        <ele>270.030015</ele>
        <time>2021-02-21T10:29:36.748Z</time>
      </trkpt>
      <trkpt lat="51.129565" lon="13.826396">
        <ele>270.336795</ele>
        <time>2021-02-21T10:29:45.754Z</time>
      </trkpt>
      <trkpt lat="51.129597" lon="13.826262">
        <ele>270.618104</ele>
        <time>2021-02-21T10:29:54.744Z</time>
      </trkpt>
      <trkpt lat="51.129610" lon="13.826112">
        <ele>270.915206</ele>
        <time>2021-02-21T10:30:03.739Z</time>
      </trkpt>
      <trkpt lat="51.129608" lon="13.825958">
        <ele>271.217428</ele>
        <time>2021-02-21T10:30:11.756Z</time>
      </trkpt>
      <trkpt lat="51.129601" lon="13.825797">
        <ele>271.534077</ele>
        <time>2021-02-21T10:30:19.735Z</time>
      </trkpt>
      <trkpt lat="51.129613" lon="13.825645">
        <ele>271.834661</ele>
        <time>2021-02-21T10:30:27.756Z</time>
      </trkpt>
      <trkpt lat="51.129634" lon="13.825500">
        <ele>272.095619</ele>
        <time>2021-02-21T10:30:36.749Z</time>
      </trkpt>
      <trkpt lat="51.129677" lon="13.825369">
        <ele>272.337818</ele>
        <time>2021-02-21T10:30:45.749Z</time>
      </trkpt>
      <trkpt lat="51.129713" lon="13.825235">
        <ele>272.576618</ele>
        <time>2021-02-21T10:30:53.745Z</time>
      </trkpt>
      <trkpt lat="51.129748" lon="13.825091">
        <ele>272.829605</ele>
        <time>2021-02-21T10:31:02.749Z</time>
      </trkpt>
      <trkpt lat="51.129776" lon="13.824940">
        <ele>273.087557</ele>
        <time>2021-02-21T10:31:10.740Z</time>
      </trkpt>
      <trkpt lat="51.129815" lon="13.824806">
        <ele>273.329546</ele>
        <time>2021-02-21T10:31:17.755Z</time>
      </trkpt>
      <trkpt lat="51.129851" lon="13.824675">
        <ele>273.563834</ele>
        <time>2021-02-21T10:31:25.744Z</time>
      </trkpt>
      <trkpt lat="51.129874" lon="13.824522">
        <ele>273.821581</ele>
        <time>2021-02-21T10:31:35.740Z</time>
      </trkpt>
      <trkpt lat="51.129896" lon="13.824374">
        <ele>274.070754</ele>
        <time>2021-02-21T10:31:41.741Z</time>
      </trkpt>
      <trkpt lat="51.129883" lon="13.824225">
        <ele>274.317204</ele>
        <time>2021-02-21T10:31:47.745Z</time>
      </trkpt>
      <trkpt lat="51.129884" lon="13.824075">
        <ele>274.562958</ele>
        <time>2021-02-21T10:31:56.743Z</time>
      </trkpt>
      <trkpt lat="51.129896" lon="13.823928">
        <ele>274.805812</ele>
        <time>2021-02-21T10:32:04.756Z</time>
      </trkpt>
      <trkpt lat="51.129929" lon="13.823789">
        <ele>275.049282</ele>
        <time>2021-02-21T10:32:11.752Z</time>
      </trkpt>
      <trkpt lat="51.129956" lon="13.823651">
        <ele>275.286096</ele>
        <time>2021-02-21T10:32:18.760Z</time>
      </trkpt>
      <trkpt lat="51.129962" lon="13.823497">
        <ele>275.538875</ele>
        <time>2021-02-21T10:32:27.771Z</time>
      </trkpt>
      <trkpt lat="51.129996" lon="13.823353">
        <ele>275.790930</ele>
        <time>2021-02-21T10:32:36.759Z</time>
      </trkpt>
      <trkpt lat="51.130038" lon="13.823206">
        <ele>276.055540</ele>
        <time>2021-02-21T10:32:44.741Z</time>
      </trkpt>
      <trkpt lat="51.130065" lon="13.823053">
        <ele>276.315916</ele>
        <time>2021-02-21T10:32:53.760Z</time>
      </trkpt>
      <trkpt lat="51.130083" lon="13.822896">
        <ele>276.577380</ele>
        <time>2021-02-21T10:33:03.755Z</time>
      </trkpt>
      <trkpt lat="51.130102" lon="13.822755">
        <ele>276.587585</ele>
        <time>2021-02-21T10:33:12.740Z</time>
      </trkpt>
      <trkpt lat="51.130136" lon="13.822610">
        <ele>276.521844</ele>
        <time>2021-02-21T10:33:20.737Z</time>
      </trkpt>
      <trkpt lat="51.130161" lon="13.822458">
        <ele>276.455109</ele>
        <time>2021-02-21T10:33:31.750Z</time>
      </trkpt>
      <trkpt lat="51.130151" lon="13.822302">
        <ele>276.388510</ele>
        <time>2021-02-21T10:33:47.747Z</time>
      </trkpt>
      <trkpt lat="51.130151" lon="13.822159">
        <ele>276.327777</ele>
        <time>2021-02-21T10:33:54.741Z</time>
      </trkpt>
      <trkpt lat="51.130158" lon="13.822013">
        <ele>276.265589</ele>
        <time>2021-02-21T10:34:03.759Z</time>
      </trkpt>
      <trkpt lat="51.130183" lon="13.821861">
        <ele>276.198854</ele>
        <time>2021-02-21T10:34:12.760Z</time>
      </trkpt>
      <trkpt lat="51.130202" lon="13.821692">
        <ele>276.125936</ele>
        <time>2021-02-21T10:34:20.756Z</time>
      </trkpt>
      <trkpt lat="51.130212" lon="13.821538">
        <ele>276.060182</ele>
        <time>2021-02-21T10:34:28.745Z</time>
      </trkpt>
      <trkpt lat="51.130223" lon="13.821381">
        <ele>275.993089</ele>
        <time>2021-02-21T10:34:37.752Z</time>
      </trkpt>
      <trkpt lat="51.130072" lon="13.821042">
        <ele>275.816534</ele>
        <time>2021-02-21T10:35:00.766Z</time>
      </trkpt>
      <trkpt lat="51.130107" lon="13.820898">
        <ele>275.750949</ele>
        <time>2021-02-21T10:35:07.755Z</time>
      </trkpt>
      <trkpt lat="51.130118" lon="13.820746">
        <ele>275.685966</ele>
        <time>2021-02-21T10:35:14.751Z</time>
      </trkpt>
      <trkpt lat="51.130163" lon="13.820615">
        <ele>275.622540</ele>
        <time>2021-02-21T10:35:27.754Z</time>
      </trkpt>
      <trkpt lat="51.130176" lon="13.820455">
        <ele>275.554020</ele>
        <time>2021-02-21T10:35:39.747Z</time>
      </trkpt>
      <trkpt lat="51.130210" lon="13.820306">
        <ele>275.486686</ele>
        <time>2021-02-21T10:35:47.759Z</time>
      </trkpt>
      <trkpt lat="51.130228" lon="13.820005">
        <ele>275.409468</ele>
        <time>2021-02-21T10:36:14.756Z</time>
      </trkpt>
      <trkpt lat="51.130249" lon="13.819843">
        <ele>275.400596</ele>
        <time>2021-02-21T10:36:21.778Z</time>
      </trkpt>
      <trkpt lat="51.130297" lon="13.819444">
        <ele>275.378808</ele>
        <time>2021-02-21T10:36:44.752Z</time>
      </trkpt>
      <trkpt lat="51.130276" lon="13.819286">
        <ele>275.370147</ele>
        <time>2021-02-21T10:36:55.755Z</time>
      </trkpt>
      <trkpt lat="51.130278" lon="13.819120">
        <ele>275.361243</ele>
        <time>2021-02-21T10:37:00.743Z</time>
      </trkpt>
      <trkpt lat="51.130318" lon="13.818647">
        <ele>275.335647</ele>
        <time>2021-02-21T10:37:39.760Z</time>
      </trkpt>
      <trkpt lat="51.130315" lon="13.818474">
        <ele>275.326365</ele>
        <time>2021-02-21T10:37:45.817Z</time>
      </trkpt>
      <trkpt lat="51.130312" lon="13.818313">
        <ele>275.317727</ele>
        <time>2021-02-21T10:37:54.756Z</time>
      </trkpt>
      <trkpt lat="51.130322" lon="13.818141">
        <ele>275.308463</ele>
        <time>2021-02-21T10:38:00.744Z</time>
      </trkpt>
      <trkpt lat="51.130315" lon="13.817962">
        <ele>275.298845</ele>
        <time>2021-02-21T10:38:07.747Z</time>
      </trkpt>
      <trkpt lat="51.130297" lon="13.817818">
        <ele>275.290970</ele>
        <time>2021-02-21T10:38:10.748Z</time>
      </trkpt>
      <trkpt lat="51.130267" lon="13.817508">
        <ele>275.274149</ele>
        <time>2021-02-21T10:39:23.760Z</time>
      </trkpt>
      <trkpt lat="51.130235" lon="13.817367">
        <ele>275.266108</ele>
        <time>2021-02-21T10:39:27.762Z</time>
      </trkpt>
      <trkpt lat="51.130234" lon="13.817204">
        <ele>274.981139</ele>
        <time>2021-02-21T10:39:37.748Z</time>
      </trkpt>
      <trkpt lat="51.130253" lon="13.817032">
        <ele>274.525082</ele>
        <time>2021-02-21T10:39:42.749Z</time>
      </trkpt>
      <trkpt lat="51.130259" lon="13.816885">
        <ele>274.140403</ele>
        <time>2021-02-21T10:39:50.746Z</time>
      </trkpt>
      <trkpt lat="51.130136" lon="13.816557">
        <ele>273.142609</ele>
        <time>2021-02-21T10:40:13.750Z</time>
      </trkpt>
      <trkpt lat="51.130072" lon="13.816433">
        <ele>272.723354</ele>
        <time>2021-02-21T10:40:22.748Z</time>
      </trkpt>
      <trkpt lat="51.130036" lon="13.816285">
        <ele>272.308857</ele>
        <time>2021-02-21T10:40:32.764Z</time>
      </trkpt>
      <trkpt lat="51.129983" lon="13.816143">
        <ele>271.877416</ele>
        <time>2021-02-21T10:40:36.741Z</time>
      </trkpt>
      <trkpt lat="51.129959" lon="13.815888">
        <ele>271.204072</ele>
        <time>2021-02-21T10:40:50.753Z</time>
      </trkpt>
      <trkpt lat="51.129920" lon="13.815736">
        <ele>270.775251</ele>
        <time>2021-02-21T10:40:55.752Z</time>
      </trkpt>
      <trkpt lat="51.129903" lon="13.815592">
        <ele>270.392618</ele>
        <time>2021-02-21T10:41:02.765Z</time>
      </trkpt>
      <trkpt lat="51.129858" lon="13.815187">
        <ele>269.318566</ele>
        <time>2021-02-21T10:41:27.755Z</time>
      </trkpt>
      <trkpt lat="51.129805" lon="13.815068">
        <ele>268.937507</ele>
        <time>2021-02-21T10:41:34.740Z</time>
      </trkpt>
      <trkpt lat="51.129764" lon="13.814905">
        <ele>268.478935</ele>
        <time>2021-02-21T10:41:40.757Z</time>
      </trkpt>
      <trkpt lat="51.129738" lon="13.814751">
        <ele>268.062485</ele>
        <time>2021-02-21T10:41:46.770Z</time>
      </trkpt>
      <trkpt lat="51.129721" lon="13.814593">
        <ele>267.750496</ele>
        <time>2021-02-21T10:41:59.754Z</time>
      </trkpt>
      <trkpt lat="51.129771" lon="13.814300">
        <ele>267.584579</ele>
        <time>2021-02-21T10:42:31.755Z</time>
      </trkpt>
      <trkpt lat="51.129773" lon="13.814157">
        <ele>267.506421</ele>
        <time>2021-02-21T10:42:39.757Z</time>
      </trkpt>
      <trkpt lat="51.129826" lon="13.813779">
        <ele>267.294779</ele>
        <time>2021-02-21T10:43:51.749Z</time>
      </trkpt>
      <trkpt lat="51.129865" lon="13.813541">
        <ele>267.160369</ele>
        <time>2021-02-21T10:44:15.737Z</time>
      </trkpt>
      <trkpt lat="51.129906" lon="13.813386">
        <ele>267.068457</ele>
        <time>2021-02-21T10:44:22.749Z</time>
      </trkpt>
      <trkpt lat="51.130020" lon="13.812997">
        <ele>266.833863</ele>
        <time>2021-02-21T10:45:10.770Z</time>
      </trkpt>
      <trkpt lat="51.130047" lon="13.812637">
        <ele>266.635750</ele>
        <time>2021-02-21T10:45:34.749Z</time>
      </trkpt>
      <trkpt lat="51.130052" lon="13.812492">
        <ele>266.556399</ele>
        <time>2021-02-21T10:45:40.742Z</time>
      </trkpt>
      <trkpt lat="51.130045" lon="13.812340">
        <ele>266.473120</ele>
        <time>2021-02-21T10:45:46.763Z</time>
      </trkpt>
      <trkpt lat="51.130060" lon="13.812186">
        <ele>266.387963</ele>
        <time>2021-02-21T10:45:56.747Z</time>
      </trkpt>
      <trkpt lat="51.130076" lon="13.812045">
        <ele>266.309668</ele>
        <time>2021-02-21T10:46:03.748Z</time>
      </trkpt>
      <trkpt lat="51.130112" lon="13.811631">
        <ele>266.055109</ele>
        <time>2021-02-21T10:46:31.748Z</time>
      </trkpt>
      <trkpt lat="51.130119" lon="13.811479">
        <ele>265.955227</ele>
        <time>2021-02-21T10:46:36.737Z</time>
      </trkpt>
      <trkpt lat="51.130188" lon="13.811083">
        <ele>265.685889</ele>
        <time>2021-02-21T10:47:39.767Z</time>
      </trkpt>
      <trkpt lat="51.130211" lon="13.810935">
        <ele>265.585967</ele>
        <time>2021-02-21T10:47:44.755Z</time>
      </trkpt>
      <trkpt lat="51.130283" lon="13.810823">
        <ele>265.480891</ele>
        <time>2021-02-21T10:47:53.748Z</time>
      </trkpt>
      <trkpt lat="51.130338" lon="13.810691">
        <ele>265.377053</ele>
        <time>2021-02-21T10:48:03.776Z</time>
      </trkpt>
      <trkpt lat="51.130442" lon="13.810426">
        <ele>265.172221</ele>
        <time>2021-02-21T10:48:36.766Z</time>
      </trkpt>
      <trkpt lat="51.130500" lon="13.810280">
        <ele>265.058980</ele>
        <time>2021-02-21T10:48:46.763Z</time>
      </trkpt>
      <trkpt lat="51.130529" lon="13.810137">
        <ele>264.960493</ele>
        <time>2021-02-21T10:48:50.737Z</time>
      </trkpt>
      <trkpt lat="51.130589" lon="13.810001">
        <ele>264.851544</ele>
        <time>2021-02-21T10:48:56.767Z</time>
      </trkpt>
      <trkpt lat="51.130637" lon="13.809874">
        <ele>264.754386</ele>
        <time>2021-02-21T10:49:05.755Z</time>
      </trkpt>
      <trkpt lat="51.130684" lon="13.809746">
        <ele>264.657197</ele>
        <time>2021-02-21T10:49:16.765Z</time>
      </trkpt>
      <trkpt lat="51.130737" lon="13.809570">
        <ele>264.529264</ele>
        <time>2021-02-21T10:49:24.753Z</time>
      </trkpt>
      <trkpt lat="51.130805" lon="13.809458">
        <ele>264.427136</ele>
        <time>2021-02-21T10:49:30.767Z</time>
      </trkpt>
      <trkpt lat="51.130868" lon="13.809352">
        <ele>264.339703</ele>
        <time>2021-02-21T10:49:44.739Z</time>
      </trkpt>
      <trkpt lat="51.130923" lon="13.809223">
        <ele>264.536716</ele>
        <time>2021-02-21T10:49:48.775Z</time>
      </trkpt>
      <trkpt lat="51.130974" lon="13.809086">
        <ele>264.737942</ele>
        <time>2021-02-21T10:49:53.751Z</time>
      </trkpt>
      <trkpt lat="51.131010" lon="13.808943">
        <ele>264.932582</ele>
        <time>2021-02-21T10:50:00.754Z</time>
      </trkpt>
      <trkpt lat="51.131072" lon="13.808834">
        <ele>265.118423</ele>
        <time>2021-02-21T10:50:11.739Z</time>
      </trkpt>
      <trkpt lat="51.131124" lon="13.808688">
        <ele>265.330493</ele>
        <time>2021-02-21T10:50:21.745Z</time>
      </trkpt>
      <trkpt lat="51.131321" lon="13.808475">
        <ele>265.809727</ele>
        <time>2021-02-21T10:50:45.768Z</time>
      </trkpt>
      <trkpt lat="51.131426" lon="13.808404">
        <ele>266.039337</ele>
        <time>2021-02-21T10:50:55.760Z</time>
      </trkpt>
      <trkpt lat="51.131510" lon="13.808297">
        <ele>266.255816</ele>
        <time>2021-02-21T10:51:02.756Z</time>
      </trkpt>
      <trkpt lat="51.131552" lon="13.808154">
        <ele>266.455266</ele>
        <time>2021-02-21T10:51:13.744Z</time>
      </trkpt>
      <trkpt lat="51.131502" lon="13.808291">
        <ele>266.655471</ele>
        <time>2021-02-21T10:52:25.751Z</time>
      </trkpt>
      <trkpt lat="51.131435" lon="13.808400">
        <ele>266.848215</ele>
        <time>2021-02-21T10:52:33.766Z</time>
      </trkpt>
      <trkpt lat="51.131367" lon="13.808498">
        <ele>267.032779</ele>
        <time>2021-02-21T10:52:40.749Z</time>
      </trkpt>
      <trkpt lat="51.131150" lon="13.808703">
        <ele>267.540599</ele>
        <time>2021-02-21T10:52:57.756Z</time>
      </trkpt>
      <trkpt lat="51.131080" lon="13.808815">
        <ele>267.740284</ele>
        <time>2021-02-21T10:53:05.754Z</time>
      </trkpt>
      <trkpt lat="51.130997" lon="13.808907">
        <ele>267.943810</ele>
        <time>2021-02-21T10:53:14.736Z</time>
      </trkpt>
      <trkpt lat="51.130916" lon="13.808973">
        <ele>268.434296</ele>
        <time>2021-02-21T10:53:21.754Z</time>
      </trkpt>
      <trkpt lat="51.130415" lon="13.809580">
        <ele>271.965734</ele>
        <time>2021-02-21T10:54:20.755Z</time>
      </trkpt>
      <trkpt lat="51.130335" lon="13.809670">
        <ele>272.515219</ele>
        <time>2021-02-21T10:54:27.756Z</time>
      </trkpt>
      <trkpt lat="51.130079" lon="13.809905">
        <ele>274.172964</ele>
        <time>2021-02-21T10:55:47.748Z</time>
      </trkpt>
      <trkpt lat="51.129995" lon="13.809977">
        <ele>274.708158</ele>
        <time>2021-02-21T10:55:53.761Z</time>
      </trkpt>
      <trkpt lat="51.129918" lon="13.810062">
        <ele>275.233760</ele>
        <time>2021-02-21T10:55:59.736Z</time>
      </trkpt>
      <trkpt lat="51.129837" lon="13.810155">
        <ele>275.793950</ele>
        <time>2021-02-21T10:56:10.748Z</time>
      </trkpt>
      <trkpt lat="51.129763" lon="13.810240">
        <ele>276.305805</ele>
        <time>2021-02-21T10:56:18.784Z</time>
      </trkpt>
      <trkpt lat="51.129662" lon="13.810341">
        <ele>276.974880</ele>
        <time>2021-02-21T10:56:21.763Z</time>
      </trkpt>
      <trkpt lat="51.129577" lon="13.810420">
        <ele>277.527022</ele>
        <time>2021-02-21T10:56:25.760Z</time>
      </trkpt>
      <trkpt lat="51.129137" lon="13.810230">
        <ele>276.100683</ele>
        <time>2021-02-21T10:57:24.764Z</time>
      </trkpt>
      <trkpt lat="51.129042" lon="13.810171">
        <ele>275.554097</ele>
        <time>2021-02-21T10:57:30.750Z</time>
      </trkpt>
      <trkpt lat="51.128941" lon="13.810135">
        <ele>274.999280</ele>
        <time>2021-02-21T10:57:36.752Z</time>
      </trkpt>
      <trkpt lat="51.128850" lon="13.810133">
        <ele>274.511405</ele>
        <time>2021-02-21T10:57:41.766Z</time>
      </trkpt>
      <trkpt lat="51.128760" lon="13.810107">
        <ele>274.021072</ele>
        <time>2021-02-21T10:57:48.785Z</time>
      </trkpt>
      <trkpt lat="51.128667" lon="13.810118">
        <ele>273.521151</ele>
        <time>2021-02-21T10:57:57.738Z</time>
      </trkpt>
      <trkpt lat="51.128627" lon="13.810319">
        <ele>272.811749</ele>
        <time>2021-02-21T10:58:45.755Z</time>
      </trkpt>
      <trkpt lat="51.128620" lon="13.810465">
        <ele>272.319134</ele>
        <time>2021-02-21T10:58:50.756Z</time>
      </trkpt>
      <trkpt lat="51.128600" lon="13.810627">
        <ele>271.763676</ele>
        <time>2021-02-21T10:58:57.754Z</time>
      </trkpt>
      <trkpt lat="51.128631" lon="13.810777">
        <ele>271.232376</ele>
        <time>2021-02-21T10:59:05.749Z</time>
      </trkpt>
      <trkpt lat="51.128681" lon="13.810919">
        <ele>270.684593</ele>
        <time>2021-02-21T10:59:12.740Z</time>
      </trkpt>
      <trkpt lat="51.128693" lon="13.811068">
        <ele>270.179207</ele>
        <time>2021-02-21T10:59:17.760Z</time>
      </trkpt>
      <trkpt lat="51.128692" lon="13.811213">
        <ele>269.691359</ele>
        <time>2021-02-21T10:59:24.769Z</time>
      </trkpt>
      <trkpt lat="51.128717" lon="13.811352">
        <ele>269.204900</ele>
        <time>2021-02-21T10:59:36.755Z</time>
      </trkpt>
      <trkpt lat="51.128738" lon="13.811507">
        <ele>268.671426</ele>
        <time>2021-02-21T10:59:43.765Z</time>
      </trkpt>
      <trkpt lat="51.128763" lon="13.811665">
        <ele>268.612655</ele>
        <time>2021-02-21T10:59:49.744Z</time>
      </trkpt>
      <trkpt lat="51.128785" lon="13.811821">
        <ele>269.008165</ele>
        <time>2021-02-21T11:00:00.743Z</time>
      </trkpt>
      <trkpt lat="51.128843" lon="13.811965">
        <ele>269.431420</ele>
        <time>2021-02-21T11:00:06.762Z</time>
      </trkpt>
      <trkpt lat="51.128857" lon="13.812116">
        <ele>269.808992</ele>
        <time>2021-02-21T11:00:13.768Z</time>
      </trkpt>
      <trkpt lat="51.128863" lon="13.812258">
        <ele>270.161042</ele>
        <time>2021-02-21T11:00:19.773Z</time>
      </trkpt>
      <trkpt lat="51.128859" lon="13.812412">
        <ele>270.542307</ele>
        <time>2021-02-21T11:00:29.744Z</time>
      </trkpt>
      <trkpt lat="51.128869" lon="13.812554">
        <ele>270.895767</ele>
        <time>2021-02-21T11:00:36.756Z</time>
      </trkpt>
      <trkpt lat="51.128908" lon="13.812684">
        <ele>271.252192</ele>
        <time>2021-02-21T11:00:43.756Z</time>
      </trkpt>
      <trkpt lat="51.128938" lon="13.812824">
        <ele>271.618131</ele>
        <time>2021-02-21T11:00:51.749Z</time>
      </trkpt>
      <trkpt lat="51.128986" lon="13.812946">
        <ele>271.974316</ele>
        <time>2021-02-21T11:00:59.754Z</time>
      </trkpt>
      <trkpt lat="51.129007" lon="13.813101">
        <ele>272.366561</ele>
        <time>2021-02-21T11:01:10.749Z</time>
      </trkpt>
      <trkpt lat="51.129004" lon="13.813246">
        <ele>272.725431</ele>
        <time>2021-02-21T11:01:20.758Z</time>
      </trkpt>
      <trkpt lat="51.129023" lon="13.813414">
        <ele>273.147693</ele>
        <time>2021-02-21T11:01:31.760Z</time>
      </trkpt>
      <trkpt lat="51.129067" lon="13.813542">
        <ele>273.508703</ele>
        <time>2021-02-21T11:01:36.780Z</time>
      </trkpt>
      <trkpt lat="51.129114" lon="13.813665">
        <ele>273.864920</ele>
        <time>2021-02-21T11:01:43.778Z</time>
      </trkpt>
      <trkpt lat="51.129154" lon="13.813818">
        <ele>274.274910</ele>
        <time>2021-02-21T11:01:50.775Z</time>
      </trkpt>
      <trkpt lat="51.129185" lon="13.813959">
        <ele>274.644474</ele>
        <time>2021-02-21T11:02:01.755Z</time>
      </trkpt>
      <trkpt lat="51.129076" lon="13.814326">
        <ele>275.833559</ele>
        <time>2021-02-21T11:02:40.745Z</time>
      </trkpt>
      <trkpt lat="51.129002" lon="13.814420">
        <ele>276.653972</ele>
        <time>2021-02-21T11:02:48.757Z</time>
      </trkpt>
      <trkpt lat="51.128912" lon="13.814509">
        <ele>277.572231</ele>
        <time>2021-02-21T11:02:59.754Z</time>
      </trkpt>
      <trkpt lat="51.128830" lon="13.814569">
        <ele>278.354466</ele>
        <time>2021-02-21T11:03:02.752Z</time>
      </trkpt>
      <trkpt lat="51.128741" lon="13.814664">
        <ele>279.283134</ele>
        <time>2021-02-21T11:03:11.761Z</time>
      </trkpt>
      <trkpt lat="51.128654" lon="13.814758">
        <ele>280.194385</ele>
        <time>2021-02-21T11:03:23.755Z</time>
      </trkpt>
      <trkpt lat="51.128574" lon="13.814826">
        <ele>280.980421</ele>
        <time>2021-02-21T11:03:28.739Z</time>
      </trkpt>
      <trkpt lat="51.128495" lon="13.814897">
        <ele>281.766707</ele>
        <time>2021-02-21T11:03:38.745Z</time>
      </trkpt>
      <trkpt lat="51.128225" lon="13.815132">
        <ele>284.433796</ele>
        <time>2021-02-21T11:04:07.750Z</time>
      </trkpt>
      <trkpt lat="51.128144" lon="13.815205">
        <ele>285.240531</ele>
        <time>2021-02-21T11:04:16.764Z</time>
      </trkpt>
      <trkpt lat="51.128053" lon="13.815274">
        <ele>286.114187</ele>
        <time>2021-02-21T11:04:23.757Z</time>
      </trkpt>
      <trkpt lat="51.127965" lon="13.815340">
        <ele>286.957354</ele>
        <time>2021-02-21T11:04:30.754Z</time>
      </trkpt>
      <trkpt lat="51.127880" lon="13.815407">
        <ele>287.779462</ele>
        <time>2021-02-21T11:04:37.753Z</time>
      </trkpt>
      <trkpt lat="51.127796" lon="13.815473">
        <ele>288.591389</ele>
        <time>2021-02-21T11:04:46.769Z</time>
      </trkpt>
      <trkpt lat="51.127652" lon="13.815599">
        <ele>290.015583</ele>
        <time>2021-02-21T11:05:16.752Z</time>
      </trkpt>
      <trkpt lat="51.127570" lon="13.815670">
        <ele>290.824626</ele>
        <time>2021-02-21T11:05:23.767Z</time>
      </trkpt>
      <trkpt lat="51.127491" lon="13.815763">
        <ele>291.158117</ele>
        <time>2021-02-21T11:05:32.744Z</time>
      </trkpt>
      <trkpt lat="51.127406" lon="13.815832">
        <ele>291.257359</ele>
        <time>2021-02-21T11:05:40.763Z</time>
      </trkpt>
      <trkpt lat="51.127319" lon="13.815895">
        <ele>291.356775</ele>
        <time>2021-02-21T11:05:47.749Z</time>
      </trkpt>
      <trkpt lat="51.127233" lon="13.815953">
        <ele>291.453927</ele>
        <time>2021-02-21T11:05:56.778Z</time>
      </trkpt>
      <trkpt lat="51.127149" lon="13.816015">
        <ele>291.550235</ele>
        <time>2021-02-21T11:06:02.745Z</time>
      </trkpt>
      <trkpt lat="51.127061" lon="13.816072">
        <ele>291.649059</ele>
        <time>2021-02-21T11:06:11.762Z</time>
      </trkpt>
      <trkpt lat="51.126748" lon="13.816372">
        <ele>292.029053</ele>
        <time>2021-02-21T11:07:02.765Z</time>
      </trkpt>
      <trkpt lat="51.126661" lon="13.816439">
        <ele>292.129578</ele>
        <time>2021-02-21T11:07:08.755Z</time>
      </trkpt>
      <trkpt lat="51.126572" lon="13.816516">
        <ele>292.234936</ele>
        <time>2021-02-21T11:07:15.759Z</time>
      </trkpt>
      <trkpt lat="51.126481" lon="13.816594">
        <ele>292.342434</ele>
        <time>2021-02-21T11:07:20.763Z</time>
      </trkpt>
      <trkpt lat="51.126393" lon="13.816674">
        <ele>292.447836</ele>
        <time>2021-02-21T11:07:31.768Z</time>
      </trkpt>
      <trkpt lat="51.126309" lon="13.816750">
        <ele>292.548329</ele>
        <time>2021-02-21T11:07:42.777Z</time>
      </trkpt>
      <trkpt lat="51.126215" lon="13.816821">
        <ele>292.656551</ele>
        <time>2021-02-21T11:07:50.749Z</time>
      </trkpt>
      <trkpt lat="51.126032" lon="13.816914">
        <ele>292.856379</ele>
        <time>2021-02-21T11:08:46.768Z</time>
      </trkpt>
      <trkpt lat="51.125946" lon="13.817000">
        <ele>292.962721</ele>
        <time>2021-02-21T11:08:52.750Z</time>
      </trkpt>
      <trkpt lat="51.125882" lon="13.817108">
        <ele>293.080287</ele>
        <time>2021-02-21T11:09:00.764Z</time>
      </trkpt>
      <trkpt lat="51.125812" lon="13.817215">
        <ele>293.202622</ele>
        <time>2021-02-21T11:09:06.754Z</time>
      </trkpt>
      <trkpt lat="51.125764" lon="13.817344">
        <ele>293.321322</ele>
        <time>2021-02-21T11:09:14.751Z</time>
      </trkpt>
      <trkpt lat="51.125596" lon="13.817507">
        <ele>293.569383</ele>
        <time>2021-02-21T11:10:05.756Z</time>
      </trkpt>
      <trkpt lat="51.125500" lon="13.817560">
        <ele>293.697514</ele>
        <time>2021-02-21T11:10:12.776Z</time>
      </trkpt>
      <trkpt lat="51.125410" lon="13.817625">
        <ele>293.822132</ele>
        <time>2021-02-21T11:10:19.759Z</time>
      </trkpt>
      <trkpt lat="51.125125" lon="13.817861">
        <ele>294.227198</ele>
        <time>2021-02-21T11:10:58.766Z</time>
      </trkpt>
      <trkpt lat="51.125026" lon="13.817977">
        <ele>294.382177</ele>
        <time>2021-02-21T11:11:07.786Z</time>
      </trkpt>
      <trkpt lat="51.124939" lon="13.818070">
        <ele>294.514301</ele>
        <time>2021-02-21T11:11:14.745Z</time>
      </trkpt>
      <trkpt lat="51.124867" lon="13.818160">
        <ele>294.629712</ele>
        <time>2021-02-21T11:11:18.769Z</time>
      </trkpt>
      <trkpt lat="51.124793" lon="13.818260">
        <ele>294.752082</ele>
        <time>2021-02-21T11:11:22.753Z</time>
      </trkpt>
      <trkpt lat="51.124579" lon="13.818552">
        <ele>295.107407</ele>
        <time>2021-02-21T11:11:44.739Z</time>
      </trkpt>
      <trkpt lat="51.124408" lon="13.818667">
        <ele>295.040227</ele>
        <time>2021-02-21T11:11:59.744Z</time>
      </trkpt>
      <trkpt lat="51.124235" lon="13.818758">
        <ele>294.665464</ele>
        <time>2021-02-21T11:12:20.777Z</time>
      </trkpt>
      <trkpt lat="51.124146" lon="13.818793">
        <ele>294.476891</ele>
        <time>2021-02-21T11:12:29.759Z</time>
      </trkpt>
      <trkpt lat="51.124040" lon="13.818813">
        <ele>294.257320</ele>
        <time>2021-02-21T11:12:38.754Z</time>
      </trkpt>
      <trkpt lat="51.123948" lon="13.818841">
        <ele>294.064648</ele>
        <time>2021-02-21T11:12:46.758Z</time>
      </trkpt>
      <trkpt lat="51.123856" lon="13.818847">
        <ele>293.875241</ele>
        <time>2021-02-21T11:12:50.759Z</time>
      </trkpt>
      <trkpt lat="51.123843" lon="13.818687">
        <ele>293.666943</ele>
        <time>2021-02-21T11:13:01.745Z</time>
      </trkpt>
      <trkpt lat="51.123846" lon="13.818523">
        <ele>293.455114</ele>
        <time>2021-02-21T11:13:05.751Z</time>
      </trkpt>
      <trkpt lat="51.123825" lon="13.818346">
        <ele>293.222544</ele>
        <time>2021-02-21T11:13:09.750Z</time>
      </trkpt>
      <trkpt lat="51.123796" lon="13.818193">
        <ele>293.016196</ele>
        <time>2021-02-21T11:13:15.765Z</time>
      </trkpt>
      <trkpt lat="51.123751" lon="13.818054">
        <ele>292.814267</ele>
        <time>2021-02-21T11:13:24.735Z</time>
      </trkpt>
      <trkpt lat="51.123714" lon="13.817905">
        <ele>292.607385</ele>
        <time>2021-02-21T11:13:33.766Z</time>
      </trkpt>
      <trkpt lat="51.123640" lon="13.817618">
        <ele>292.206792</ele>
        <time>2021-02-21T11:14:24.757Z</time>
      </trkpt>
      <trkpt lat="51.123611" lon="13.817467">
        <ele>292.002914</ele>
        <time>2021-02-21T11:14:34.758Z</time>
      </trkpt>
      <trkpt lat="51.123574" lon="13.817326">
        <ele>291.805599</ele>
        <time>2021-02-21T11:14:38.778Z</time>
      </trkpt>
      <trkpt lat="51.123521" lon="13.817192">
        <ele>291.601105</ele>
        <time>2021-02-21T11:14:43.781Z</time>
      </trkpt>
      <trkpt lat="51.123466" lon="13.817052">
        <ele>291.440529</ele>
        <time>2021-02-21T11:14:56.758Z</time>
      </trkpt>
      <trkpt lat="51.123436" lon="13.816916">
        <ele>291.324824</ele>
        <time>2021-02-21T11:15:02.750Z</time>
      </trkpt>
      <trkpt lat="51.123392" lon="13.816775">
        <ele>291.198434</ele>
        <time>2021-02-21T11:15:06.760Z</time>
      </trkpt>
      <trkpt lat="51.123280" lon="13.816334">
        <ele>290.816585</ele>
        <time>2021-02-21T11:15:40.763Z</time>
      </trkpt>
      <trkpt lat="51.123233" lon="13.816197">
        <ele>290.691267</ele>
        <time>2021-02-21T11:15:47.784Z</time>
      </trkpt>
      <trkpt lat="51.123175" lon="13.816075">
        <ele>290.568424</ele>
        <time>2021-02-21T11:15:56.775Z</time>
      </trkpt>
      <trkpt lat="51.123131" lon="13.815944">
        <ele>290.449167</ele>
        <time>2021-02-21T11:16:02.778Z</time>
      </trkpt>
      <trkpt lat="51.123020" lon="13.815584">
        <ele>290.127227</ele>
        <time>2021-02-21T11:16:48.770Z</time>
      </trkpt>
      <trkpt lat="51.122931" lon="13.815347">
        <ele>289.905548</ele>
        <time>2021-02-21T11:17:06.755Z</time>
      </trkpt>
      <trkpt lat="51.122899" lon="13.815196">
        <ele>289.777625</ele>
        <time>2021-02-21T11:17:15.769Z</time>
      </trkpt>
      <trkpt lat="51.122722" lon="13.814485">
        <ele>289.109658</ele>
        <time>2021-02-21T11:17:54.759Z</time>
      </trkpt>
      <trkpt lat="51.122607" lon="13.814058">
        <ele>288.418064</ele>
        <time>2021-02-21T11:18:22.744Z</time>
      </trkpt>
      <trkpt lat="51.122590" lon="13.813910">
        <ele>288.194119</ele>
        <time>2021-02-21T11:18:33.765Z</time>
      </trkpt>
      <trkpt lat="51.122544" lon="13.813780">
        <ele>287.971994</ele>
        <time>2021-02-21T11:18:38.762Z</time>
      </trkpt>
      <trkpt lat="51.122491" lon="13.813642">
        <ele>287.731189</ele>
        <time>2021-02-21T11:18:54.740Z</time>
      </trkpt>
      <trkpt lat="51.122439" lon="13.813513">
        <ele>287.502995</ele>
        <time>2021-02-21T11:19:02.748Z</time>
      </trkpt>
      <trkpt lat="51.122405" lon="13.813369">
        <ele>287.273998</ele>
        <time>2021-02-21T11:19:08.767Z</time>
      </trkpt>
      <trkpt lat="51.122379" lon="13.813211">
        <ele>287.030878</ele>
        <time>2021-02-21T11:19:16.760Z</time>
      </trkpt>
      <trkpt lat="51.122325" lon="13.813095">
        <ele>286.815915</ele>
        <time>2021-02-21T11:19:24.767Z</time>
      </trkpt>
      <trkpt lat="51.122276" lon="13.812951">
        <ele>286.572109</ele>
        <time>2021-02-21T11:19:34.777Z</time>
      </trkpt>
      <trkpt lat="51.122245" lon="13.812578">
        <ele>286.012078</ele>
        <time>2021-02-21T11:19:56.766Z</time>
      </trkpt>
      <trkpt lat="51.122243" lon="13.812426">
        <ele>285.785786</ele>
        <time>2021-02-21T11:20:00.766Z</time>
      </trkpt>
      <trkpt lat="51.122212" lon="13.812289">
        <ele>285.569024</ele>
        <time>2021-02-21T11:20:10.790Z</time>
      </trkpt>
      <trkpt lat="51.122193" lon="13.812141">
        <ele>285.344175</ele>
        <time>2021-02-21T11:20:16.767Z</time>
      </trkpt>
      <trkpt lat="51.122177" lon="13.811977">
        <ele>285.097141</ele>
        <time>2021-02-21T11:20:34.762Z</time>
      </trkpt>
      <trkpt lat="51.122129" lon="13.811547">
        <ele>284.517840</ele>
        <time>2021-02-21T11:20:52.758Z</time>
      </trkpt>
      <trkpt lat="51.122126" lon="13.811390">
        <ele>284.316202</ele>
        <time>2021-02-21T11:21:04.764Z</time>
      </trkpt>
      <trkpt lat="51.122095" lon="13.811250">
        <ele>284.125625</ele>
        <time>2021-02-21T11:21:17.759Z</time>
      </trkpt>
      <trkpt lat="51.122074" lon="13.811077">
        <ele>283.899426</ele>
        <time>2021-02-21T11:21:29.790Z</time>
      </trkpt>
      <trkpt lat="51.122031" lon="13.810926">
        <ele>283.686567</ele>
        <time>2021-02-21T11:21:33.764Z</time>
      </trkpt>
      <trkpt lat="51.121966" lon="13.810573">
        <ele>283.214314</ele>
        <time>2021-02-21T11:21:56.748Z</time>
      </trkpt>
      <trkpt lat="51.121934" lon="13.810149">
        <ele>282.666093</ele>
        <time>2021-02-21T11:22:24.799Z</time>
      </trkpt>
      <trkpt lat="51.121913" lon="13.809811">
        <ele>282.230073</ele>
        <time>2021-02-21T11:22:44.764Z</time>
      </trkpt>
      <trkpt lat="51.121926" lon="13.809666">
        <ele>282.042043</ele>
        <time>2021-02-21T11:22:54.769Z</time>
      </trkpt>
      <trkpt lat="51.121921" lon="13.809516">
        <ele>281.849213</ele>
        <time>2021-02-21T11:23:00.766Z</time>
      </trkpt>
      <trkpt lat="51.121913" lon="13.809361">
        <ele>281.649564</ele>
        <time>2021-02-21T11:23:12.766Z</time>
      </trkpt>
      <trkpt lat="51.121908" lon="13.809206">
        <ele>281.450323</ele>
        <time>2021-02-21T11:23:25.745Z</time>
      </trkpt>
      <trkpt lat="51.121911" lon="13.809033">
        <ele>281.223030</ele>
        <time>2021-02-21T11:23:33.757Z</time>
      </trkpt>
      <trkpt lat="51.121961" lon="13.808882">
        <ele>280.983379</ele>
        <time>2021-02-21T11:23:42.756Z</time>
      </trkpt>
      <trkpt lat="51.121963" lon="13.808733">
        <ele>280.774175</ele>
        <time>2021-02-21T11:23:46.771Z</time>
      </trkpt>
      <trkpt lat="51.122069" lon="13.808534">
        <ele>280.407800</ele>
        <time>2021-02-21T11:24:12.762Z</time>
      </trkpt>
      <trkpt lat="51.122099" lon="13.808388">
        <ele>280.192153</ele>
        <time>2021-02-21T11:24:21.764Z</time>
      </trkpt>
      <trkpt lat="51.122129" lon="13.808241">
        <ele>279.975172</ele>
        <time>2021-02-21T11:24:27.757Z</time>
      </trkpt>
      <trkpt lat="51.122160" lon="13.808102">
        <ele>279.768103</ele>
        <time>2021-02-21T11:24:34.762Z</time>
      </trkpt>
      <trkpt lat="51.122182" lon="13.807955">
        <ele>279.555971</ele>
        <time>2021-02-21T11:24:44.745Z</time>
      </trkpt>
      <trkpt lat="51.122235" lon="13.807817">
        <ele>279.328870</ele>
        <time>2021-02-21T11:24:55.750Z</time>
      </trkpt>
      <trkpt lat="51.122230" lon="13.807661">
        <ele>279.109604</ele>
        <time>2021-02-21T11:25:02.750Z</time>
      </trkpt>
      <trkpt lat="51.122186" lon="13.807507">
        <ele>278.872087</ele>
        <time>2021-02-21T11:25:07.751Z</time>
      </trkpt>
      <trkpt lat="51.122196" lon="13.807200">
        <ele>278.440564</ele>
        <time>2021-02-21T11:25:34.779Z</time>
      </trkpt>
      <trkpt lat="51.122156" lon="13.806728">
        <ele>277.771994</ele>
        <time>2021-02-21T11:26:02.754Z</time>
      </trkpt>
      <trkpt lat="51.122138" lon="13.806577">
        <ele>277.556242</ele>
        <time>2021-02-21T11:26:11.765Z</time>
      </trkpt>
      <trkpt lat="51.122056" lon="13.806247">
        <ele>276.788869</ele>
        <time>2021-02-21T11:26:31.769Z</time>
      </trkpt>
      <trkpt lat="51.121995" lon="13.806123">
        <ele>276.273581</ele>
        <time>2021-02-21T11:26:41.766Z</time>
      </trkpt>
      <trkpt lat="51.121950" lon="13.805968">
        <ele>275.715020</ele>
        <time>2021-02-21T11:26:49.773Z</time>
      </trkpt>
      <trkpt lat="51.121941" lon="13.805801">
        <ele>275.166804</ele>
        <time>2021-02-21T11:27:01.755Z</time>
      </trkpt>
      <trkpt lat="51.121952" lon="13.805648">
        <ele>274.663116</ele>
        <time>2021-02-21T11:27:06.753Z</time>
      </trkpt>
      <trkpt lat="51.121949" lon="13.805248">
        <ele>273.354746</ele>
        <time>2021-02-21T11:27:31.774Z</time>
      </trkpt>
      <trkpt lat="51.121987" lon="13.804631">
        <ele>271.327037</ele>
        <time>2021-02-21T11:28:23.752Z</time>
      </trkpt>
      <trkpt lat="51.121989" lon="13.804479">
        <ele>270.829783</ele>
        <time>2021-02-21T11:28:29.767Z</time>
      </trkpt>
      <trkpt lat="51.121985" lon="13.804320">
        <ele>270.309326</ele>
        <time>2021-02-21T11:28:33.747Z</time>
      </trkpt>
      <trkpt lat="51.122042" lon="13.803988">
        <ele>269.183567</ele>
        <time>2021-02-21T11:28:52.769Z</time>
      </trkpt>
      <trkpt lat="51.122086" lon="13.803851">
        <ele>268.680230</ele>
        <time>2021-02-21T11:29:01.770Z</time>
      </trkpt>
      <trkpt lat="51.122074" lon="13.803571">
        <ele>267.697753</ele>
        <time>2021-02-21T11:29:22.761Z</time>
      </trkpt>
      <trkpt lat="51.122105" lon="13.803288">
        <ele>266.275138</ele>
        <time>2021-02-21T11:29:47.780Z</time>
      </trkpt>
      <trkpt lat="51.122132" lon="13.803142">
        <ele>265.521409</ele>
        <time>2021-02-21T11:29:55.760Z</time>
      </trkpt>
      <trkpt lat="51.122131" lon="13.802994">
        <ele>264.788463</ele>
        <time>2021-02-21T11:30:06.765Z</time>
      </trkpt>
      <trkpt lat="51.122142" lon="13.802834">
        <ele>263.991395</ele>
        <time>2021-02-21T11:30:10.758Z</time>
      </trkpt>
      <trkpt lat="51.122215" lon="13.802572">
        <ele>262.571868</ele>
        <time>2021-02-21T11:30:28.766Z</time>
      </trkpt>
      <trkpt lat="51.122253" lon="13.802432">
        <ele>261.816533</ele>
        <time>2021-02-21T11:30:36.756Z</time>
      </trkpt>
      <trkpt lat="51.122265" lon="13.802283">
        <ele>261.072630</ele>
        <time>2021-02-21T11:30:41.799Z</time>
      </trkpt>
      <trkpt lat="51.122274" lon="13.802139">
        <ele>260.356010</ele>
        <time>2021-02-21T11:30:48.756Z</time>
      </trkpt>
      <trkpt lat="51.122276" lon="13.801981">
        <ele>259.573428</ele>
        <time>2021-02-21T11:30:57.760Z</time>
      </trkpt>
      <trkpt lat="51.122279" lon="13.801837">
        <ele>258.859942</ele>
        <time>2021-02-21T11:31:10.775Z</time>
      </trkpt>
      <trkpt lat="51.122253" lon="13.801686">
        <ele>258.084557</ele>
        <time>2021-02-21T11:31:19.789Z</time>
      </trkpt>
      <trkpt lat="51.122252" lon="13.801237">
        <ele>255.861077</ele>
        <time>2021-02-21T11:31:48.760Z</time>
      </trkpt>
      <trkpt lat="51.122186" lon="13.800946">
        <ele>254.328837</ele>
        <time>2021-02-21T11:32:09.766Z</time>
      </trkpt>
      <trkpt lat="51.122106" lon="13.800627">
        <ele>252.934291</ele>
        <time>2021-02-21T11:32:46.794Z</time>
      </trkpt>
      <trkpt lat="51.122028" lon="13.800219">
        <ele>251.427689</ele>
        <time>2021-02-21T11:35:42.755Z</time>
      </trkpt>
      <trkpt lat="51.122004" lon="13.800056">
        <ele>250.836271</ele>
        <time>2021-02-21T11:35:46.799Z</time>
      </trkpt>
      <trkpt lat="51.121947" lon="13.799944">
        <ele>250.326926</ele>
        <time>2021-02-21T11:35:52.788Z</time>
      </trkpt>
      <trkpt lat="51.121884" lon="13.799841">
        <ele>249.818899</ele>
        <time>2021-02-21T11:35:58.769Z</time>
      </trkpt>
      <trkpt lat="51.121892" lon="13.800024">
        <ele>249.170895</ele>
        <time>2021-02-21T11:37:51.781Z</time>
      </trkpt>
      <trkpt lat="51.121916" lon="13.800165">
        <ele>248.654831</ele>
        <time>2021-02-21T11:38:01.755Z</time>
      </trkpt>
      <trkpt lat="51.121932" lon="13.800017">
        <ele>248.124332</ele>
        <time>2021-02-21T11:38:21.768Z</time>
      </trkpt>
      <trkpt lat="51.121879" lon="13.799833">
        <ele>247.409188</ele>
        <time>2021-02-21T11:38:29.787Z</time>
      </trkpt>
      <trkpt lat="51.121827" lon="13.799712">
        <ele>246.891174</ele>
        <time>2021-02-21T11:38:36.764Z</time>
      </trkpt>
      <trkpt lat="51.121713" lon="13.799782">
        <ele>246.203591</ele>
        <time>2021-02-21T11:39:11.771Z</time>
      </trkpt>
      <trkpt lat="51.121645" lon="13.799888">
        <ele>245.668182</ele>
        <time>2021-02-21T11:39:21.786Z</time>
      </trkpt>
      <trkpt lat="51.121553" lon="13.799966">
        <ele>245.081665</ele>
        <time>2021-02-21T11:39:33.775Z</time>
      </trkpt>
      <trkpt lat="51.121457" lon="13.799945">
        <ele>244.536317</ele>
        <time>2021-02-21T11:39:38.751Z</time>
      </trkpt>
      <trkpt lat="51.121396" lon="13.799750">
        <ele>243.766676</ele>
        <time>2021-02-21T11:40:01.773Z</time>
      </trkpt>
      <trkpt lat="51.121360" lon="13.799594">
        <ele>243.767903</ele>
        <time>2021-02-21T11:40:14.756Z</time>
      </trkpt>
      <trkpt lat="51.121347" lon="13.799445">
        <ele>244.027995</ele>
        <time>2021-02-21T11:40:19.811Z</time>
      </trkpt>
      <trkpt lat="51.121296" lon="13.799176">
        <ele>244.513839</ele>
        <time>2021-02-21T11:40:39.771Z</time>
      </trkpt>
      <trkpt lat="51.121251" lon="13.799051">
        <ele>244.762983</ele>
        <time>2021-02-21T11:40:49.774Z</time>
      </trkpt>
      <trkpt lat="51.121211" lon="13.798915">
        <ele>245.022657</ele>
        <time>2021-02-21T11:40:59.775Z</time>
      </trkpt>
      <trkpt lat="51.121161" lon="13.798773">
        <ele>245.304164</ele>
        <time>2021-02-21T11:41:07.750Z</time>
      </trkpt>
      <trkpt lat="51.121151" lon="13.798607">
        <ele>245.592491</ele>
        <time>2021-02-21T11:41:17.765Z</time>
      </trkpt>
      <trkpt lat="51.121135" lon="13.798239">
        <ele>246.230276</ele>
        <time>2021-02-21T11:41:36.767Z</time>
      </trkpt>
      <trkpt lat="51.121132" lon="13.798075">
        <ele>246.513947</ele>
        <time>2021-02-21T11:41:47.780Z</time>
      </trkpt>
      <trkpt lat="51.121098" lon="13.797941">
        <ele>246.763843</ele>
        <time>2021-02-21T11:41:51.765Z</time>
      </trkpt>
      <trkpt lat="51.121059" lon="13.797806">
        <ele>247.020789</ele>
        <time>2021-02-21T11:41:56.768Z</time>
      </trkpt>
      <trkpt lat="51.121024" lon="13.797668">
        <ele>247.278129</ele>
        <time>2021-02-21T11:42:06.799Z</time>
      </trkpt>
      <trkpt lat="51.121014" lon="13.797505">
        <ele>247.561295</ele>
        <time>2021-02-21T11:42:17.759Z</time>
      </trkpt>
      <trkpt lat="51.120896" lon="13.797602">
        <ele>247.927049</ele>
        <time>2021-02-21T11:43:03.750Z</time>
      </trkpt>
      <trkpt lat="51.120824" lon="13.797707">
        <ele>248.195921</ele>
        <time>2021-02-21T11:43:12.771Z</time>
      </trkpt>
      <trkpt lat="51.120755" lon="13.797820">
        <ele>248.468493</ele>
        <time>2021-02-21T11:43:16.760Z</time>
      </trkpt>
      <trkpt lat="51.120672" lon="13.797923">
        <ele>248.726665</ele>
        <time>2021-02-21T11:43:26.756Z</time>
      </trkpt>
      <trkpt lat="51.120585" lon="13.798020">
        <ele>248.978813</ele>
        <time>2021-02-21T11:43:34.785Z</time>
      </trkpt>
      <trkpt lat="51.120506" lon="13.798106">
        <ele>249.206012</ele>
        <time>2021-02-21T11:43:40.790Z</time>
      </trkpt>
      <trkpt lat="51.120426" lon="13.798200">
        <ele>249.442051</ele>
        <time>2021-02-21T11:43:51.748Z</time>
      </trkpt>
      <trkpt lat="51.120352" lon="13.798289">
        <ele>249.662215</ele>
        <time>2021-02-21T11:44:00.766Z</time>
      </trkpt>
      <trkpt lat="51.120270" lon="13.798355">
        <ele>249.880365</ele>
        <time>2021-02-21T11:44:08.790Z</time>
      </trkpt>
      <trkpt lat="51.120188" lon="13.798424">
        <ele>250.100568</ele>
        <time>2021-02-21T11:44:18.775Z</time>
      </trkpt>
      <trkpt lat="51.120045" lon="13.798513">
        <ele>250.465117</ele>
        <time>2021-02-21T11:45:01.774Z</time>
      </trkpt>
      <trkpt lat="51.119962" lon="13.798598">
        <ele>250.699410</ele>
        <time>2021-02-21T11:45:14.768Z</time>
      </trkpt>
      <trkpt lat="51.119882" lon="13.798687">
        <ele>250.931105</ele>
        <time>2021-02-21T11:45:27.764Z</time>
      </trkpt>
      <trkpt lat="51.119811" lon="13.798807">
        <ele>251.176896</ele>
        <time>2021-02-21T11:45:35.758Z</time>
      </trkpt>
      <trkpt lat="51.119722" lon="13.798907">
        <ele>251.435502</ele>
        <time>2021-02-21T11:45:40.776Z</time>
      </trkpt>
      <trkpt lat="51.119625" lon="13.798999">
        <ele>251.703559</ele>
        <time>2021-02-21T11:45:45.775Z</time>
      </trkpt>
      <trkpt lat="51.119544" lon="13.799071">
        <ele>251.923809</ele>
        <time>2021-02-21T11:45:56.753Z</time>
      </trkpt>
      <trkpt lat="51.119309" lon="13.799270">
        <ele>252.555756</ele>
        <time>2021-02-21T11:46:23.773Z</time>
      </trkpt>
      <trkpt lat="51.119232" lon="13.799375">
        <ele>252.796428</ele>
        <time>2021-02-21T11:46:36.776Z</time>
      </trkpt>
      <trkpt lat="51.119138" lon="13.799468">
        <ele>252.972986</ele>
        <time>2021-02-21T11:46:41.776Z</time>
      </trkpt>
      <trkpt lat="51.118965" lon="13.799669">
        <ele>253.312367</ele>
        <time>2021-02-21T11:47:05.755Z</time>
      </trkpt>
      <trkpt lat="51.118894" lon="13.799771">
        <ele>253.463901</ele>
        <time>2021-02-21T11:47:11.750Z</time>
      </trkpt>
      <trkpt lat="51.118825" lon="13.799866">
        <ele>253.608449</ele>
        <time>2021-02-21T11:47:20.774Z</time>
      </trkpt>
      <trkpt lat="51.118738" lon="13.799947">
        <ele>253.768166</ele>
        <time>2021-02-21T11:47:27.778Z</time>
      </trkpt>
      <trkpt lat="51.118645" lon="13.800022">
        <ele>253.933381</ele>
        <time>2021-02-21T11:47:33.789Z</time>
      </trkpt>
      <trkpt lat="51.118569" lon="13.800109">
        <ele>254.081715</ele>
        <time>2021-02-21T11:47:39.787Z</time>
      </trkpt>
      <trkpt lat="51.118483" lon="13.800192">
        <ele>254.241088</ele>
        <time>2021-02-21T11:47:52.760Z</time>
      </trkpt>
      <trkpt lat="51.118405" lon="13.800269">
        <ele>254.386529</ele>
        <time>2021-02-21T11:48:02.777Z</time>
      </trkpt>
      <trkpt lat="51.118324" lon="13.800346">
        <ele>254.536034</ele>
        <time>2021-02-21T11:48:15.771Z</time>
      </trkpt>
      <trkpt lat="51.118233" lon="13.800431">
        <ele>254.703233</ele>
        <time>2021-02-21T11:48:20.754Z</time>
      </trkpt>
      <trkpt lat="51.118142" lon="13.800499">
        <ele>254.862547</ele>
        <time>2021-02-21T11:48:26.755Z</time>
      </trkpt>
      <trkpt lat="51.118063" lon="13.800576">
        <ele>255.009339</ele>
        <time>2021-02-21T11:48:35.750Z</time>
      </trkpt>
      <trkpt lat="51.117827" lon="13.800839">
        <ele>255.465838</ele>
        <time>2021-02-21T11:49:27.781Z</time>
      </trkpt>
      <trkpt lat="51.117758" lon="13.800938">
        <ele>255.613020</ele>
        <time>2021-02-21T11:49:31.763Z</time>
      </trkpt>
      <trkpt lat="51.117675" lon="13.801023">
        <ele>255.880450</ele>
        <time>2021-02-21T11:49:37.765Z</time>
      </trkpt>
      <trkpt lat="51.117468" lon="13.801246">
        <ele>256.647330</ele>
        <time>2021-02-21T11:50:05.777Z</time>
      </trkpt>
      <trkpt lat="51.117386" lon="13.801326">
        <ele>256.942421</ele>
        <time>2021-02-21T11:50:13.777Z</time>
      </trkpt>
      <trkpt lat="51.117309" lon="13.801431">
        <ele>257.253476</ele>
        <time>2021-02-21T11:50:23.763Z</time>
      </trkpt>
      <trkpt lat="51.117120" lon="13.801622">
        <ele>257.940361</ele>
        <time>2021-02-21T11:50:50.761Z</time>
      </trkpt>
      <trkpt lat="51.117045" lon="13.801705">
        <ele>258.220616</ele>
        <time>2021-02-21T11:50:54.769Z</time>
      </trkpt>
      <trkpt lat="51.116955" lon="13.801803">
        <ele>258.555174</ele>
        <time>2021-02-21T11:51:00.775Z</time>
      </trkpt>
      <trkpt lat="51.116871" lon="13.801873">
        <ele>258.846102</ele>
        <time>2021-02-21T11:51:10.763Z</time>
      </trkpt>
      <trkpt lat="51.116602" lon="13.802095">
        <ele>259.775837</ele>
        <time>2021-02-21T11:51:43.785Z</time>
      </trkpt>
      <trkpt lat="51.116335" lon="13.802395">
        <ele>260.778544</ele>
        <time>2021-02-21T11:52:17.779Z</time>
      </trkpt>
      <trkpt lat="51.116005" lon="13.802692">
        <ele>260.995761</ele>
        <time>2021-02-21T11:52:50.785Z</time>
      </trkpt>
      <trkpt lat="51.115926" lon="13.802775">
        <ele>260.929887</ele>
        <time>2021-02-21T11:52:59.778Z</time>
      </trkpt>
      <trkpt lat="51.115840" lon="13.802848">
        <ele>260.862056</ele>
        <time>2021-02-21T11:53:04.790Z</time>
      </trkpt>
      <trkpt lat="51.115761" lon="13.802948">
        <ele>260.791819</ele>
        <time>2021-02-21T11:53:09.799Z</time>
      </trkpt>
      <trkpt lat="51.115694" lon="13.803072">
        <ele>260.720328</ele>
        <time>2021-02-21T11:53:15.764Z</time>
      </trkpt>
      <trkpt lat="51.115627" lon="13.803170">
        <ele>260.657013</ele>
        <time>2021-02-21T11:53:21.757Z</time>
      </trkpt>
      <trkpt lat="51.115549" lon="13.803259">
        <ele>260.590227</ele>
        <time>2021-02-21T11:53:31.767Z</time>
      </trkpt>
      <trkpt lat="51.115461" lon="13.803324">
        <ele>260.522708</ele>
        <time>2021-02-21T11:53:41.791Z</time>
      </trkpt>
      <trkpt lat="51.115383" lon="13.803397">
        <ele>260.459736</ele>
        <time>2021-02-21T11:53:50.759Z</time>
      </trkpt>
      <trkpt lat="51.115302" lon="13.803471">
        <ele>260.394739</ele>
        <time>2021-02-21T11:53:56.757Z</time>
      </trkpt>
      <trkpt lat="51.115136" lon="13.803579">
        <ele>260.269924</ele>
        <time>2021-02-21T11:55:09.784Z</time>
      </trkpt>
      <trkpt lat="51.115077" lon="13.803697">
        <ele>260.204005</ele>
        <time>2021-02-21T11:55:13.779Z</time>
      </trkpt>
      <trkpt lat="51.114998" lon="13.803780">
        <ele>260.138131</ele>
        <time>2021-02-21T11:55:19.765Z</time>
      </trkpt>
      <trkpt lat="51.114910" lon="13.803863">
        <ele>260.066944</ele>
        <time>2021-02-21T11:55:25.778Z</time>
      </trkpt>
      <trkpt lat="51.114848" lon="13.803970">
        <ele>260.003315</ele>
        <time>2021-02-21T11:55:36.768Z</time>
      </trkpt>
      <trkpt lat="51.114766" lon="13.804063">
        <ele>259.933248</ele>
        <time>2021-02-21T11:55:46.774Z</time>
      </trkpt>
      <trkpt lat="51.114449" lon="13.803869">
        <ele>257.402444</ele>
        <time>2021-02-21T11:59:18.799Z</time>
      </trkpt>
      <trkpt lat="51.114220" lon="13.803784">
        <ele>255.545555</ele>
        <time>2021-02-21T12:00:01.781Z</time>
      </trkpt>
      <trkpt lat="51.114123" lon="13.803744">
        <ele>254.754282</ele>
        <time>2021-02-21T12:00:12.769Z</time>
      </trkpt>
      <trkpt lat="51.114021" lon="13.803723">
        <ele>253.942075</ele>
        <time>2021-02-21T12:00:25.774Z</time>
      </trkpt>
      <trkpt lat="51.113925" lon="13.803646">
        <ele>253.093267</ele>
        <time>2021-02-21T12:00:37.763Z</time>
      </trkpt>
      <trkpt lat="51.113717" lon="13.803559">
        <ele>251.394982</ele>
        <time>2021-02-21T12:01:00.767Z</time>
      </trkpt>
      <trkpt lat="51.113620" lon="13.803604">
        <ele>250.597135</ele>
        <time>2021-02-21T12:01:07.758Z</time>
      </trkpt>
      <trkpt lat="51.113331" lon="13.803637">
        <ele>248.309008</ele>
        <time>2021-02-21T12:01:38.797Z</time>
      </trkpt>
      <trkpt lat="51.113241" lon="13.803598">
        <ele>247.572437</ele>
        <time>2021-02-21T12:01:47.798Z</time>
      </trkpt>
      <trkpt lat="51.113133" lon="13.803568">
        <ele>246.706676</ele>
        <time>2021-02-21T12:01:53.772Z</time>
      </trkpt>
      <trkpt lat="51.113029" lon="13.803606">
        <ele>245.864045</ele>
        <time>2021-02-21T12:01:57.771Z</time>
      </trkpt>
      <trkpt lat="51.112937" lon="13.803592">
        <ele>245.640324</ele>
        <time>2021-02-21T12:02:02.776Z</time>
      </trkpt>
      <trkpt lat="51.112847" lon="13.803521">
        <ele>245.538899</ele>
        <time>2021-02-21T12:02:08.780Z</time>
      </trkpt>
      <trkpt lat="51.112818" lon="13.803360">
        <ele>245.432707</ele>
        <time>2021-02-21T12:02:12.775Z</time>
      </trkpt>
      <trkpt lat="51.112809" lon="13.803216">
        <ele>245.340961</ele>
        <time>2021-02-21T12:02:15.809Z</time>
      </trkpt>
      <trkpt lat="51.112854" lon="13.803081">
        <ele>245.244055</ele>
        <time>2021-02-21T12:02:19.765Z</time>
      </trkpt>
      <trkpt lat="51.113026" lon="13.802769">
        <ele>244.980809</ele>
        <time>2021-02-21T12:03:12.763Z</time>
      </trkpt>
      <trkpt lat="51.113005" lon="13.802625">
        <ele>244.887083</ele>
        <time>2021-02-21T12:03:20.774Z</time>
      </trkpt>
      <trkpt lat="51.112960" lon="13.802478">
        <ele>244.783397</ele>
        <time>2021-02-21T12:03:27.828Z</time>
      </trkpt>
      <trkpt lat="51.112889" lon="13.802388">
        <ele>244.691763</ele>
        <time>2021-02-21T12:03:36.766Z</time>
      </trkpt>
      <trkpt lat="51.112958" lon="13.802497">
        <ele>244.593624</ele>
        <time>2021-02-21T12:05:30.763Z</time>
      </trkpt>
      <trkpt lat="51.112896" lon="13.802384">
        <ele>244.498478</ele>
        <time>2021-02-21T12:05:40.793Z</time>
      </trkpt>
      <trkpt lat="51.112831" lon="13.802261">
        <ele>244.396547</ele>
        <time>2021-02-21T12:05:44.799Z</time>
      </trkpt>
      <trkpt lat="51.112775" lon="13.802129">
        <ele>244.295543</ele>
        <time>2021-02-21T12:05:48.765Z</time>
      </trkpt>
      <trkpt lat="51.112692" lon="13.802024">
        <ele>244.188504</ele>
        <time>2021-02-21T12:05:57.763Z</time>
      </trkpt>
      <trkpt lat="51.112607" lon="13.801940">
        <ele>244.087486</ele>
        <time>2021-02-21T12:06:05.772Z</time>
      </trkpt>
      <trkpt lat="51.112557" lon="13.801812">
        <ele>243.991907</ele>
        <time>2021-02-21T12:06:14.778Z</time>
      </trkpt>
      <trkpt lat="51.112533" lon="13.801662">
        <ele>243.870964</ele>
        <time>2021-02-21T12:06:26.776Z</time>
      </trkpt>
      <trkpt lat="51.112550" lon="13.801522">
        <ele>243.306660</ele>
        <time>2021-02-21T12:06:34.799Z</time>
      </trkpt>
      <trkpt lat="51.112607" lon="13.801401">
        <ele>242.707998</ele>
        <time>2021-02-21T12:06:43.789Z</time>
      </trkpt>
      <trkpt lat="51.112670" lon="13.801290">
        <ele>242.115823</ele>
        <time>2021-02-21T12:06:52.773Z</time>
      </trkpt>
      <trkpt lat="51.113084" lon="13.801201">
        <ele>239.482445</ele>
        <time>2021-02-21T12:07:48.775Z</time>
      </trkpt>
      <trkpt lat="51.113380" lon="13.801028">
        <ele>237.494925</ele>
        <time>2021-02-21T12:08:10.805Z</time>
      </trkpt>
      <trkpt lat="51.113464" lon="13.800954">
        <ele>236.889834</ele>
        <time>2021-02-21T12:08:19.758Z</time>
      </trkpt>
      <trkpt lat="51.113535" lon="13.800856">
        <ele>236.297625</ele>
        <time>2021-02-21T12:08:29.775Z</time>
      </trkpt>
      <trkpt lat="51.113816" lon="13.800613">
        <ele>234.282102</ele>
        <time>2021-02-21T12:08:55.814Z</time>
      </trkpt>
      <trkpt lat="51.113894" lon="13.800537">
        <ele>233.705727</ele>
        <time>2021-02-21T12:08:58.784Z</time>
      </trkpt>
      <trkpt lat="51.113932" lon="13.800404">
        <ele>233.127462</ele>
        <time>2021-02-21T12:09:05.769Z</time>
      </trkpt>
      <trkpt lat="51.113938" lon="13.800256">
        <ele>232.544286</ele>
        <time>2021-02-21T12:09:13.795Z</time>
      </trkpt>
      <trkpt lat="51.113914" lon="13.800090">
        <ele>231.998809</ele>
        <time>2021-02-21T12:09:19.764Z</time>
      </trkpt>
      <trkpt lat="51.113909" lon="13.799683">
        <ele>230.695270</ele>
        <time>2021-02-21T12:09:55.780Z</time>
      </trkpt>
      <trkpt lat="51.113920" lon="13.799538">
        <ele>230.227575</ele>
        <time>2021-02-21T12:10:02.780Z</time>
      </trkpt>
      <trkpt lat="51.113959" lon="13.799404">
        <ele>229.754611</ele>
        <time>2021-02-21T12:10:14.800Z</time>
      </trkpt>
      <trkpt lat="51.114003" lon="13.798885">
        <ele>228.077593</ele>
        <time>2021-02-21T12:10:43.776Z</time>
      </trkpt>
      <trkpt lat="51.113991" lon="13.798598">
        <ele>227.156531</ele>
        <time>2021-02-21T12:11:06.783Z</time>
      </trkpt>
      <trkpt lat="51.113989" lon="13.798449">
        <ele>226.679297</ele>
        <time>2021-02-21T12:11:12.775Z</time>
      </trkpt>
      <trkpt lat="51.113942" lon="13.797921">
        <ele>224.971633</ele>
        <time>2021-02-21T12:12:16.784Z</time>
      </trkpt>
      <trkpt lat="51.113931" lon="13.797778">
        <ele>224.510296</ele>
        <time>2021-02-21T12:12:24.795Z</time>
      </trkpt>
      <trkpt lat="51.113936" lon="13.797608">
        <ele>223.965327</ele>
        <time>2021-02-21T12:12:31.798Z</time>
      </trkpt>
      <trkpt lat="51.113941" lon="13.797112">
        <ele>223.187240</ele>
        <time>2021-02-21T12:13:04.786Z</time>
      </trkpt>
      <trkpt lat="51.113954" lon="13.796963">
        <ele>223.092577</ele>
        <time>2021-02-21T12:13:12.776Z</time>
      </trkpt>
      <trkpt lat="51.113900" lon="13.796848">
        <ele>223.002206</ele>
        <time>2021-02-21T12:13:20.814Z</time>
      </trkpt>
      <trkpt lat="51.113840" lon="13.796348">
        <ele>222.681870</ele>
        <time>2021-02-21T12:14:05.778Z</time>
      </trkpt>
      <trkpt lat="51.113841" lon="13.796109">
        <ele>222.531470</ele>
        <time>2021-02-21T12:14:21.782Z</time>
      </trkpt>
      <trkpt lat="51.113871" lon="13.795946">
        <ele>222.424580</ele>
        <time>2021-02-21T12:14:26.780Z</time>
      </trkpt>
      <trkpt lat="51.113829" lon="13.795803">
        <ele>222.325232</ele>
        <time>2021-02-21T12:14:37.786Z</time>
      </trkpt>
      <trkpt lat="51.113799" lon="13.795639">
        <ele>222.217738</ele>
        <time>2021-02-21T12:14:47.764Z</time>
      </trkpt>
      <trkpt lat="51.113764" lon="13.795505">
        <ele>222.126407</ele>
        <time>2021-02-21T12:14:51.777Z</time>
      </trkpt>
      <trkpt lat="51.113727" lon="13.795341">
        <ele>222.016744</ele>
        <time>2021-02-21T12:14:55.785Z</time>
      </trkpt>
      <trkpt lat="51.113695" lon="13.795184">
        <ele>221.912870</ele>
        <time>2021-02-21T12:15:02.778Z</time>
      </trkpt>
      <trkpt lat="51.113689" lon="13.795031">
        <ele>221.816402</ele>
        <time>2021-02-21T12:15:06.765Z</time>
      </trkpt>
      <trkpt lat="51.113663" lon="13.794878">
        <ele>221.716658</ele>
        <time>2021-02-21T12:15:18.796Z</time>
      </trkpt>
      <trkpt lat="51.113666" lon="13.794729">
        <ele>221.622847</ele>
        <time>2021-02-21T12:15:28.776Z</time>
      </trkpt>
      <trkpt lat="51.113667" lon="13.794383">
        <ele>220.964883</ele>
        <time>2021-02-21T12:16:06.768Z</time>
      </trkpt>
      <trkpt lat="51.113636" lon="13.794240">
        <ele>220.633412</ele>
        <time>2021-02-21T12:16:24.786Z</time>
      </trkpt>
      <trkpt lat="51.113611" lon="13.794097">
        <ele>220.308173</ele>
        <time>2021-02-21T12:16:28.769Z</time>
      </trkpt>
      <trkpt lat="51.113573" lon="13.793946">
        <ele>219.951735</ele>
        <time>2021-02-21T12:16:38.802Z</time>
      </trkpt>
      <trkpt lat="51.113598" lon="13.793787">
        <ele>219.592601</ele>
        <time>2021-02-21T12:16:46.775Z</time>
      </trkpt>
      <trkpt lat="51.113618" lon="13.793626">
        <ele>219.233006</ele>
        <time>2021-02-21T12:16:54.787Z</time>
      </trkpt>
      <trkpt lat="51.113663" lon="13.793003">
        <ele>217.858993</ele>
        <time>2021-02-21T12:17:29.795Z</time>
      </trkpt>
      <trkpt lat="51.113639" lon="13.792828">
        <ele>217.466521</ele>
        <time>2021-02-21T12:17:34.776Z</time>
      </trkpt>
      <trkpt lat="51.113574" lon="13.792700">
        <ele>217.105803</ele>
        <time>2021-02-21T12:17:41.765Z</time>
      </trkpt>
      <trkpt lat="51.113485" lon="13.792345">
        <ele>216.268257</ele>
        <time>2021-02-21T12:18:27.780Z</time>
      </trkpt>
      <trkpt lat="51.113432" lon="13.792204">
        <ele>215.908177</ele>
        <time>2021-02-21T12:18:33.799Z</time>
      </trkpt>
      <trkpt lat="51.113349" lon="13.791932">
        <ele>215.342324</ele>
        <time>2021-02-21T12:18:59.760Z</time>
      </trkpt>
      <trkpt lat="51.113273" lon="13.791828">
        <ele>215.561794</ele>
        <time>2021-02-21T12:19:08.774Z</time>
      </trkpt>
      <trkpt lat="51.113176" lon="13.791805">
        <ele>215.776611</ele>
        <time>2021-02-21T12:19:16.777Z</time>
      </trkpt>
      <trkpt lat="51.113081" lon="13.791788">
        <ele>215.986014</ele>
        <time>2021-02-21T12:19:21.779Z</time>
      </trkpt>
      <trkpt lat="51.113026" lon="13.791650">
        <ele>216.210796</ele>
        <time>2021-02-21T12:19:30.774Z</time>
      </trkpt>
      <trkpt lat="51.112966" lon="13.791536">
        <ele>216.415366</ele>
        <time>2021-02-21T12:19:35.766Z</time>
      </trkpt>
      <trkpt lat="51.112862" lon="13.791566">
        <ele>216.646880</ele>
        <time>2021-02-21T12:19:40.783Z</time>
      </trkpt>
      <trkpt lat="51.112770" lon="13.791517">
        <ele>216.859369</ele>
        <time>2021-02-21T12:19:47.769Z</time>
      </trkpt>
      <trkpt lat="51.112674" lon="13.791495">
        <ele>217.071819</ele>
        <time>2021-02-21T12:19:52.784Z</time>
      </trkpt>
      <trkpt lat="51.112594" lon="13.791393">
        <ele>217.296280</ele>
        <time>2021-02-21T12:20:00.801Z</time>
      </trkpt>
      <trkpt lat="51.112521" lon="13.791290">
        <ele>217.509895</ele>
        <time>2021-02-21T12:20:10.785Z</time>
      </trkpt>
      <trkpt lat="51.112445" lon="13.791180">
        <ele>217.734831</ele>
        <time>2021-02-21T12:20:15.781Z</time>
      </trkpt>
      <trkpt lat="51.112361" lon="13.791100">
        <ele>217.949210</ele>
        <time>2021-02-21T12:20:21.771Z</time>
      </trkpt>
      <trkpt lat="51.112299" lon="13.790980">
        <ele>218.162928</ele>
        <time>2021-02-21T12:20:29.779Z</time>
      </trkpt>
      <trkpt lat="51.112208" lon="13.790914">
        <ele>218.381951</ele>
        <time>2021-02-21T12:20:37.778Z</time>
      </trkpt>
      <trkpt lat="51.112193" lon="13.790769">
        <ele>218.584039</ele>
        <time>2021-02-21T12:20:47.779Z</time>
      </trkpt>
      <trkpt lat="51.112146" lon="13.790636">
        <ele>218.793922</ele>
        <time>2021-02-21T12:21:00.801Z</time>
      </trkpt>
      <trkpt lat="51.112118" lon="13.790485">
        <ele>219.010441</ele>
        <time>2021-02-21T12:21:09.778Z</time>
      </trkpt>
      <trkpt lat="51.111993" lon="13.790304">
        <ele>219.811370</ele>
        <time>2021-02-21T12:21:43.809Z</time>
      </trkpt>
      <trkpt lat="51.112108" lon="13.790058">
        <ele>221.573386</ele>
        <time>2021-02-21T12:22:32.784Z</time>
      </trkpt>
      <trkpt lat="51.112153" lon="13.789919">
        <ele>222.471849</ele>
        <time>2021-02-21T12:22:38.774Z</time>
      </trkpt>
      <trkpt lat="51.112394" lon="13.789771">
        <ele>224.835427</ele>
        <time>2021-02-21T12:23:13.769Z</time>
      </trkpt>
      <trkpt lat="51.112441" lon="13.789631">
        <ele>225.747481</ele>
        <time>2021-02-21T12:23:23.776Z</time>
      </trkpt>
      <trkpt lat="51.112492" lon="13.789509">
        <ele>226.589517</ele>
        <time>2021-02-21T12:23:31.771Z</time>
      </trkpt>
      <trkpt lat="51.112748" lon="13.789338">
        <ele>229.129773</ele>
        <time>2021-02-21T12:24:03.791Z</time>
      </trkpt>
      <trkpt lat="51.112834" lon="13.789295">
        <ele>229.954606</ele>
        <time>2021-02-21T12:24:09.790Z</time>
      </trkpt>
      <trkpt lat="51.112919" lon="13.789245">
        <ele>230.783771</ele>
        <time>2021-02-21T12:24:12.781Z</time>
      </trkpt>
      <trkpt lat="51.113004" lon="13.789147">
        <ele>231.743961</ele>
        <time>2021-02-21T12:24:17.777Z</time>
      </trkpt>
      <trkpt lat="51.113093" lon="13.789091">
        <ele>232.619624</ele>
        <time>2021-02-21T12:24:24.781Z</time>
      </trkpt>
      <trkpt lat="51.113139" lon="13.788966">
        <ele>233.452001</ele>
        <time>2021-02-21T12:24:39.786Z</time>
      </trkpt>
      <trkpt lat="51.113221" lon="13.788901">
        <ele>234.290147</ele>
        <time>2021-02-21T12:24:51.784Z</time>
      </trkpt>
      <trkpt lat="51.113319" lon="13.788688">
        <ele>235.678976</ele>
        <time>2021-02-21T12:25:15.775Z</time>
      </trkpt>
      <trkpt lat="51.113368" lon="13.788534">
        <ele>235.438632</ele>
        <time>2021-02-21T12:25:25.766Z</time>
      </trkpt>
      <trkpt lat="51.113422" lon="13.788403">
        <ele>235.220470</ele>
        <time>2021-02-21T12:25:30.765Z</time>
      </trkpt>
      <trkpt lat="51.113457" lon="13.788250">
        <ele>234.993781</ele>
        <time>2021-02-21T12:25:36.769Z</time>
      </trkpt>
      <trkpt lat="51.113439" lon="13.788072">
        <ele>234.742796</ele>
        <time>2021-02-21T12:25:41.785Z</time>
      </trkpt>
      <trkpt lat="51.113405" lon="13.787933">
        <ele>234.535127</ele>
        <time>2021-02-21T12:25:49.788Z</time>
      </trkpt>
      <trkpt lat="51.113394" lon="13.787773">
        <ele>234.311062</ele>
        <time>2021-02-21T12:25:54.753Z</time>
      </trkpt>
      <trkpt lat="51.113305" lon="13.787283">
        <ele>233.600964</ele>
        <time>2021-02-21T12:26:32.795Z</time>
      </trkpt>
      <trkpt lat="51.113236" lon="13.787136">
        <ele>233.345451</ele>
        <time>2021-02-21T12:26:42.800Z</time>
      </trkpt>
      <trkpt lat="51.113203" lon="13.786991">
        <ele>233.130743</ele>
        <time>2021-02-21T12:26:48.774Z</time>
      </trkpt>
      <trkpt lat="51.113183" lon="13.786843">
        <ele>232.919995</ele>
        <time>2021-02-21T12:26:58.788Z</time>
      </trkpt>
      <trkpt lat="51.113251" lon="13.786415">
        <ele>232.305396</ele>
        <time>2021-02-21T12:27:54.790Z</time>
      </trkpt>
      <trkpt lat="51.113289" lon="13.786268">
        <ele>232.084089</ele>
        <time>2021-02-21T12:27:58.788Z</time>
      </trkpt>
      <trkpt lat="51.113384" lon="13.785739">
        <ele>231.715557</ele>
        <time>2021-02-21T12:29:08.809Z</time>
      </trkpt>
      <trkpt lat="51.113365" lon="13.785574">
        <ele>231.715557</ele>
        <time>2021-02-21T12:29:13.766Z</time>
      </trkpt>
      <trkpt lat="51.113380" lon="13.785429">
        <ele>231.715557</ele>
        <time>2021-02-21T12:29:22.778Z</time>
      </trkpt>
      <trkpt lat="51.113377" lon="13.785285">
        <ele>231.715557</ele>
        <time>2021-02-21T12:29:32.770Z</time>
      </trkpt>
      <trkpt lat="51.113349" lon="13.784706">
        <ele>231.715557</ele>
        <time>2021-02-21T12:30:55.784Z</time>
      </trkpt>
      <trkpt lat="51.113298" lon="13.784537">
        <ele>231.715557</ele>
        <time>2021-02-21T12:30:59.789Z</time>
      </trkpt>
      <trkpt lat="51.113288" lon="13.784016">
        <ele>231.715557</ele>
        <time>2021-02-21T12:31:31.757Z</time>
      </trkpt>
      <trkpt lat="51.113236" lon="13.783877">
        <ele>231.715557</ele>
        <time>2021-02-21T12:31:38.774Z</time>
      </trkpt>
      <trkpt lat="51.113223" lon="13.783701">
        <ele>231.715557</ele>
        <time>2021-02-21T12:31:51.788Z</time>
      </trkpt>
      <trkpt lat="51.113219" lon="13.783544">
        <ele>231.715557</ele>
        <time>2021-02-21T12:31:54.791Z</time>
      </trkpt>
      <trkpt lat="51.113222" lon="13.783386">
        <ele>231.715557</ele>
        <time>2021-02-21T12:31:58.785Z</time>
      </trkpt>
      <trkpt lat="51.113190" lon="13.783240">
        <ele>231.715557</ele>
        <time>2021-02-21T12:32:04.767Z</time>
      </trkpt>
      <trkpt lat="51.113195" lon="13.783084">
        <ele>231.715557</ele>
        <time>2021-02-21T12:32:17.771Z</time>
      </trkpt>
      <trkpt lat="51.113206" lon="13.782939">
        <ele>231.715557</ele>
        <time>2021-02-21T12:32:27.786Z</time>
      </trkpt>
      <trkpt lat="51.113215" lon="13.782782">
        <ele>231.715557</ele>
        <time>2021-02-21T12:32:36.772Z</time>
      </trkpt>
      <trkpt lat="51.113217" lon="13.782625">
        <ele>231.715557</ele>
        <time>2021-02-21T12:32:46.790Z</time>
      </trkpt>
    </trkseg>
  </trk>
</gpx>