<?xml version='1.0' encoding='UTF-8'?>
<gpx version="1.1" creator="https://www.komoot.de" xmlns="http://www.topografix.com/GPX/1/1" xmlns:xsi="http://www.w3.org/2001/XMLSchema-instance" xsi:schemaLocation="http://www.topografix.com/GPX/1/1 http://www.topografix.com/GPX/1/1/gpx.xsd">
  <metadata>
    <name>Streifzug 20 | Glückauf im Süden zwischen Bergbau und Panoramen</name>
    <author>
      <link href="https://www.komoot.de">
        <text>komoot</text>
        <type>text/html</type>
      </link>
    </author>
  </metadata>
  <trk>
    <name>Streifzug 20 | Glückauf im Süden zwischen Bergbau und Panoramen</name>
    <trkseg>
      <trkpt lat="51.015883" lon="13.699890">
        <ele>285.697091</ele>
        <time>2021-01-01T09:07:33.000Z</time>
      </trkpt>
      <trkpt lat="51.015828" lon="13.700068">
        <ele>285.697091</ele>
        <time>2021-01-01T09:07:57.280Z</time>
      </trkpt>
      <trkpt lat="51.015763" lon="13.700181">
        <ele>285.697091</ele>
        <time>2021-01-01T09:08:07.273Z</time>
      </trkpt>
      <trkpt lat="51.015664" lon="13.700200">
        <ele>285.697091</ele>
        <time>2021-01-01T09:08:19.281Z</time>
      </trkpt>
      <trkpt lat="51.015570" lon="13.700179">
        <ele>285.697091</ele>
        <time>2021-01-01T09:08:28.272Z</time>
      </trkpt>
      <trkpt lat="51.015471" lon="13.700141">
        <ele>285.697091</ele>
        <time>2021-01-01T09:08:34.271Z</time>
      </trkpt>
      <trkpt lat="51.015384" lon="13.700099">
        <ele>285.697091</ele>
        <time>2021-01-01T09:08:41.273Z</time>
      </trkpt>
      <trkpt lat="51.015285" lon="13.700073">
        <ele>285.697091</ele>
        <time>2021-01-01T09:08:47.273Z</time>
      </trkpt>
      <trkpt lat="51.015194" lon="13.700079">
        <ele>285.697091</ele>
        <time>2021-01-01T09:08:54.267Z</time>
      </trkpt>
      <trkpt lat="51.015100" lon="13.700074">
        <ele>285.697091</ele>
        <time>2021-01-01T09:09:04.272Z</time>
      </trkpt>
      <trkpt lat="51.015001" lon="13.700061">
        <ele>285.651684</ele>
        <time>2021-01-01T09:09:13.274Z</time>
      </trkpt>
      <trkpt lat="51.014904" lon="13.700057">
        <ele>285.604804</ele>
        <time>2021-01-01T09:09:20.270Z</time>
      </trkpt>
      <trkpt lat="51.014805" lon="13.700031">
        <ele>285.556325</ele>
        <time>2021-01-01T09:09:28.274Z</time>
      </trkpt>
      <trkpt lat="51.014704" lon="13.700020">
        <ele>285.507413</ele>
        <time>2021-01-01T09:09:36.271Z</time>
      </trkpt>
      <trkpt lat="51.014606" lon="13.700007">
        <ele>285.459901</ele>
        <time>2021-01-01T09:09:44.270Z</time>
      </trkpt>
      <trkpt lat="51.014511" lon="13.699988">
        <ele>285.413642</ele>
        <time>2021-01-01T09:09:53.267Z</time>
      </trkpt>
      <trkpt lat="51.014421" lon="13.699974">
        <ele>285.369952</ele>
        <time>2021-01-01T09:10:01.274Z</time>
      </trkpt>
      <trkpt lat="51.014321" lon="13.699945">
        <ele>285.320840</ele>
        <time>2021-01-01T09:10:10.269Z</time>
      </trkpt>
      <trkpt lat="51.014231" lon="13.699943">
        <ele>285.277354</ele>
        <time>2021-01-01T09:10:18.278Z</time>
      </trkpt>
      <trkpt lat="51.014134" lon="13.699908">
        <ele>285.229297</ele>
        <time>2021-01-01T09:10:24.273Z</time>
      </trkpt>
      <trkpt lat="51.013982" lon="13.699868">
        <ele>285.154861</ele>
        <time>2021-01-01T09:11:33.270Z</time>
      </trkpt>
      <trkpt lat="51.013883" lon="13.699868">
        <ele>285.107030</ele>
        <time>2021-01-01T09:11:41.275Z</time>
      </trkpt>
      <trkpt lat="51.013785" lon="13.699802">
        <ele>285.055608</ele>
        <time>2021-01-01T09:11:46.271Z</time>
      </trkpt>
      <trkpt lat="51.013692" lon="13.699801">
        <ele>285.010676</ele>
        <time>2021-01-01T09:11:52.269Z</time>
      </trkpt>
      <trkpt lat="51.013472" lon="13.699851">
        <ele>284.903305</ele>
        <time>2021-01-01T09:12:20.272Z</time>
      </trkpt>
      <trkpt lat="51.013376" lon="13.699862">
        <ele>284.856803</ele>
        <time>2021-01-01T09:12:28.280Z</time>
      </trkpt>
      <trkpt lat="51.013276" lon="13.699892">
        <ele>284.770445</ele>
        <time>2021-01-01T09:12:35.275Z</time>
      </trkpt>
      <trkpt lat="51.013179" lon="13.699881">
        <ele>284.638075</ele>
        <time>2021-01-01T09:12:41.276Z</time>
      </trkpt>
      <trkpt lat="51.013136" lon="13.700015">
        <ele>284.509256</ele>
        <time>2021-01-01T09:12:49.268Z</time>
      </trkpt>
      <trkpt lat="51.013145" lon="13.700169">
        <ele>284.376807</ele>
        <time>2021-01-01T09:12:54.275Z</time>
      </trkpt>
      <trkpt lat="51.013165" lon="13.700330">
        <ele>284.236269</ele>
        <time>2021-01-01T09:13:01.272Z</time>
      </trkpt>
      <trkpt lat="51.013190" lon="13.700486">
        <ele>284.098409</ele>
        <time>2021-01-01T09:13:09.274Z</time>
      </trkpt>
      <trkpt lat="51.013194" lon="13.700649">
        <ele>283.958714</ele>
        <time>2021-01-01T09:13:17.267Z</time>
      </trkpt>
      <trkpt lat="51.013193" lon="13.700799">
        <ele>283.830251</ele>
        <time>2021-01-01T09:13:22.273Z</time>
      </trkpt>
      <trkpt lat="51.013190" lon="13.700953">
        <ele>283.698306</ele>
        <time>2021-01-01T09:13:30.301Z</time>
      </trkpt>
      <trkpt lat="51.013170" lon="13.701117">
        <ele>283.555247</ele>
        <time>2021-01-01T09:13:42.271Z</time>
      </trkpt>
      <trkpt lat="51.013179" lon="13.701260">
        <ele>283.432174</ele>
        <time>2021-01-01T09:13:49.272Z</time>
      </trkpt>
      <trkpt lat="51.013180" lon="13.701410">
        <ele>283.303711</ele>
        <time>2021-01-01T09:13:56.270Z</time>
      </trkpt>
      <trkpt lat="51.013151" lon="13.701558">
        <ele>283.170963</ele>
        <time>2021-01-01T09:14:05.276Z</time>
      </trkpt>
      <trkpt lat="51.013117" lon="13.701704">
        <ele>283.037642</ele>
        <time>2021-01-01T09:14:14.276Z</time>
      </trkpt>
      <trkpt lat="51.013071" lon="13.701844">
        <ele>282.902384</ele>
        <time>2021-01-01T09:14:22.267Z</time>
      </trkpt>
      <trkpt lat="51.013021" lon="13.701984">
        <ele>282.764521</ele>
        <time>2021-01-01T09:14:31.270Z</time>
      </trkpt>
      <trkpt lat="51.012999" lon="13.702134">
        <ele>282.632620</ele>
        <time>2021-01-01T09:14:43.272Z</time>
      </trkpt>
      <trkpt lat="51.012958" lon="13.702271">
        <ele>282.502700</ele>
        <time>2021-01-01T09:14:50.269Z</time>
      </trkpt>
      <trkpt lat="51.012923" lon="13.702409">
        <ele>282.360916</ele>
        <time>2021-01-01T09:14:58.271Z</time>
      </trkpt>
      <trkpt lat="51.012895" lon="13.702549">
        <ele>281.838187</ele>
        <time>2021-01-01T09:15:07.270Z</time>
      </trkpt>
      <trkpt lat="51.012852" lon="13.702677">
        <ele>281.321859</ele>
        <time>2021-01-01T09:15:14.274Z</time>
      </trkpt>
      <trkpt lat="51.012810" lon="13.702811">
        <ele>280.789149</ele>
        <time>2021-01-01T09:15:21.271Z</time>
      </trkpt>
      <trkpt lat="51.012770" lon="13.702946">
        <ele>280.258169</ele>
        <time>2021-01-01T09:15:29.270Z</time>
      </trkpt>
      <trkpt lat="51.012729" lon="13.703088">
        <ele>279.702217</ele>
        <time>2021-01-01T09:15:36.267Z</time>
      </trkpt>
      <trkpt lat="51.012687" lon="13.703229">
        <ele>279.147100</ele>
        <time>2021-01-01T09:15:44.281Z</time>
      </trkpt>
      <trkpt lat="51.012665" lon="13.703376">
        <ele>278.609429</ele>
        <time>2021-01-01T09:15:51.269Z</time>
      </trkpt>
      <trkpt lat="51.012623" lon="13.703519">
        <ele>278.047871</ele>
        <time>2021-01-01T09:16:00.280Z</time>
      </trkpt>
      <trkpt lat="51.012598" lon="13.703664">
        <ele>277.512888</ele>
        <time>2021-01-01T09:16:08.269Z</time>
      </trkpt>
      <trkpt lat="51.012579" lon="13.703817">
        <ele>276.957958</ele>
        <time>2021-01-01T09:16:17.270Z</time>
      </trkpt>
      <trkpt lat="51.012540" lon="13.703963">
        <ele>276.393553</ele>
        <time>2021-01-01T09:16:26.273Z</time>
      </trkpt>
      <trkpt lat="51.012508" lon="13.704110">
        <ele>275.840050</ele>
        <time>2021-01-01T09:16:34.270Z</time>
      </trkpt>
      <trkpt lat="51.012481" lon="13.704254">
        <ele>275.305377</ele>
        <time>2021-01-01T09:16:43.270Z</time>
      </trkpt>
      <trkpt lat="51.012451" lon="13.704393">
        <ele>274.782473</ele>
        <time>2021-01-01T09:16:51.302Z</time>
      </trkpt>
      <trkpt lat="51.012426" lon="13.704532">
        <ele>274.268048</ele>
        <time>2021-01-01T09:16:58.267Z</time>
      </trkpt>
      <trkpt lat="51.012398" lon="13.704687">
        <ele>273.694218</ele>
        <time>2021-01-01T09:17:06.275Z</time>
      </trkpt>
      <trkpt lat="51.012359" lon="13.704837">
        <ele>273.116683</ele>
        <time>2021-01-01T09:17:13.277Z</time>
      </trkpt>
      <trkpt lat="51.012333" lon="13.704980">
        <ele>272.587015</ele>
        <time>2021-01-01T09:17:23.272Z</time>
      </trkpt>
      <trkpt lat="51.012314" lon="13.705139">
        <ele>272.038281</ele>
        <time>2021-01-01T09:17:32.273Z</time>
      </trkpt>
      <trkpt lat="51.012289" lon="13.705288">
        <ele>271.565611</ele>
        <time>2021-01-01T09:17:40.273Z</time>
      </trkpt>
      <trkpt lat="51.012279" lon="13.705432">
        <ele>271.121547</ele>
        <time>2021-01-01T09:17:49.299Z</time>
      </trkpt>
      <trkpt lat="51.012248" lon="13.705576">
        <ele>270.655041</ele>
        <time>2021-01-01T09:17:58.281Z</time>
      </trkpt>
      <trkpt lat="51.012226" lon="13.705722">
        <ele>270.194871</ele>
        <time>2021-01-01T09:18:08.271Z</time>
      </trkpt>
      <trkpt lat="51.012212" lon="13.705871">
        <ele>269.733097</ele>
        <time>2021-01-01T09:18:17.275Z</time>
      </trkpt>
      <trkpt lat="51.012166" lon="13.706000">
        <ele>269.278598</ele>
        <time>2021-01-01T09:18:23.270Z</time>
      </trkpt>
      <trkpt lat="51.012161" lon="13.706152">
        <ele>268.812056</ele>
        <time>2021-01-01T09:18:31.300Z</time>
      </trkpt>
      <trkpt lat="51.012139" lon="13.706302">
        <ele>268.339954</ele>
        <time>2021-01-01T09:18:39.277Z</time>
      </trkpt>
      <trkpt lat="51.012109" lon="13.706449">
        <ele>267.866262</ele>
        <time>2021-01-01T09:18:48.275Z</time>
      </trkpt>
      <trkpt lat="51.012094" lon="13.706608">
        <ele>267.373452</ele>
        <time>2021-01-01T09:18:57.269Z</time>
      </trkpt>
      <trkpt lat="51.012122" lon="13.706762">
        <ele>266.882100</ele>
        <time>2021-01-01T09:19:05.268Z</time>
      </trkpt>
      <trkpt lat="51.012134" lon="13.706917">
        <ele>266.403415</ele>
        <time>2021-01-01T09:19:11.274Z</time>
      </trkpt>
      <trkpt lat="51.012115" lon="13.707064">
        <ele>265.943426</ele>
        <time>2021-01-01T09:19:17.276Z</time>
      </trkpt>
      <trkpt lat="51.012130" lon="13.707210">
        <ele>265.489984</ele>
        <time>2021-01-01T09:19:26.270Z</time>
      </trkpt>
      <trkpt lat="51.012142" lon="13.707359">
        <ele>265.029547</ele>
        <time>2021-01-01T09:19:36.275Z</time>
      </trkpt>
      <trkpt lat="51.012190" lon="13.707486">
        <ele>264.575431</ele>
        <time>2021-01-01T09:19:45.272Z</time>
      </trkpt>
      <trkpt lat="51.012221" lon="13.707628">
        <ele>264.114720</ele>
        <time>2021-01-01T09:19:52.279Z</time>
      </trkpt>
      <trkpt lat="51.012144" lon="13.707724">
        <ele>263.637947</ele>
        <time>2021-01-01T09:19:59.272Z</time>
      </trkpt>
      <trkpt lat="51.012050" lon="13.707740">
        <ele>263.702013</ele>
        <time>2021-01-01T09:20:05.268Z</time>
      </trkpt>
      <trkpt lat="51.012063" lon="13.707890">
        <ele>264.150082</ele>
        <time>2021-01-01T09:20:18.273Z</time>
      </trkpt>
      <trkpt lat="51.011897" lon="13.707922">
        <ele>264.936569</ele>
        <time>2021-01-01T09:20:59.306Z</time>
      </trkpt>
      <trkpt lat="51.011808" lon="13.707892">
        <ele>265.364482</ele>
        <time>2021-01-01T09:21:06.285Z</time>
      </trkpt>
      <trkpt lat="51.011710" lon="13.707929">
        <ele>265.838242</ele>
        <time>2021-01-01T09:21:20.271Z</time>
      </trkpt>
      <trkpt lat="51.011615" lon="13.707950">
        <ele>266.289366</ele>
        <time>2021-01-01T09:21:28.268Z</time>
      </trkpt>
      <trkpt lat="51.011520" lon="13.707978">
        <ele>266.743807</ele>
        <time>2021-01-01T09:21:38.281Z</time>
      </trkpt>
      <trkpt lat="51.011425" lon="13.708006">
        <ele>267.198248</ele>
        <time>2021-01-01T09:21:47.283Z</time>
      </trkpt>
      <trkpt lat="51.011333" lon="13.708012">
        <ele>267.631326</ele>
        <time>2021-01-01T09:21:56.284Z</time>
      </trkpt>
      <trkpt lat="51.011108" lon="13.708103">
        <ele>268.723317</ele>
        <time>2021-01-01T09:22:51.270Z</time>
      </trkpt>
      <trkpt lat="51.010916" lon="13.708138">
        <ele>269.632291</ele>
        <time>2021-01-01T09:23:45.269Z</time>
      </trkpt>
      <trkpt lat="51.010821" lon="13.708184">
        <ele>270.099391</ele>
        <time>2021-01-01T09:23:50.274Z</time>
      </trkpt>
      <trkpt lat="51.010718" lon="13.708203">
        <ele>270.587093</ele>
        <time>2021-01-01T09:23:55.271Z</time>
      </trkpt>
      <trkpt lat="51.010625" lon="13.708204">
        <ele>271.024520</ele>
        <time>2021-01-01T09:24:00.267Z</time>
      </trkpt>
      <trkpt lat="51.010531" lon="13.708209">
        <ele>271.466888</ele>
        <time>2021-01-01T09:24:08.271Z</time>
      </trkpt>
      <trkpt lat="51.010437" lon="13.708212">
        <ele>271.908586</ele>
        <time>2021-01-01T09:24:16.269Z</time>
      </trkpt>
      <trkpt lat="51.010339" lon="13.708219">
        <ele>272.323150</ele>
        <time>2021-01-01T09:24:23.270Z</time>
      </trkpt>
      <trkpt lat="51.010249" lon="13.708249">
        <ele>272.711763</ele>
        <time>2021-01-01T09:24:35.270Z</time>
      </trkpt>
      <trkpt lat="51.010188" lon="13.708363">
        <ele>273.109672</ele>
        <time>2021-01-01T09:24:46.267Z</time>
      </trkpt>
      <trkpt lat="51.010089" lon="13.708400">
        <ele>273.539456</ele>
        <time>2021-01-01T09:24:54.267Z</time>
      </trkpt>
      <trkpt lat="51.009998" lon="13.708417">
        <ele>273.926667</ele>
        <time>2021-01-01T09:25:02.272Z</time>
      </trkpt>
      <trkpt lat="51.009908" lon="13.708408">
        <ele>274.307758</ele>
        <time>2021-01-01T09:25:09.277Z</time>
      </trkpt>
      <trkpt lat="51.009814" lon="13.708383">
        <ele>274.710523</ele>
        <time>2021-01-01T09:25:19.282Z</time>
      </trkpt>
      <trkpt lat="51.009725" lon="13.708336">
        <ele>275.106854</ele>
        <time>2021-01-01T09:25:26.276Z</time>
      </trkpt>
      <trkpt lat="51.009642" lon="13.708276">
        <ele>275.492187</ele>
        <time>2021-01-01T09:25:35.281Z</time>
      </trkpt>
      <trkpt lat="51.009557" lon="13.708205">
        <ele>275.897983</ele>
        <time>2021-01-01T09:25:44.282Z</time>
      </trkpt>
      <trkpt lat="51.009465" lon="13.708160">
        <ele>276.304769</ele>
        <time>2021-01-01T09:25:52.270Z</time>
      </trkpt>
      <trkpt lat="51.009363" lon="13.708137">
        <ele>276.740136</ele>
        <time>2021-01-01T09:25:59.270Z</time>
      </trkpt>
      <trkpt lat="51.009272" lon="13.708152">
        <ele>277.126763</ele>
        <time>2021-01-01T09:26:10.269Z</time>
      </trkpt>
      <trkpt lat="51.009182" lon="13.708201">
        <ele>277.528798</ele>
        <time>2021-01-01T09:26:17.300Z</time>
      </trkpt>
      <trkpt lat="51.009091" lon="13.708231">
        <ele>277.921548</ele>
        <time>2021-01-01T09:26:25.275Z</time>
      </trkpt>
      <trkpt lat="51.008998" lon="13.708246">
        <ele>278.316583</ele>
        <time>2021-01-01T09:26:32.272Z</time>
      </trkpt>
      <trkpt lat="51.008904" lon="13.708261">
        <ele>278.715823</ele>
        <time>2021-01-01T09:26:41.271Z</time>
      </trkpt>
      <trkpt lat="51.008807" lon="13.708272">
        <ele>279.126785</ele>
        <time>2021-01-01T09:26:48.270Z</time>
      </trkpt>
      <trkpt lat="51.008712" lon="13.708277">
        <ele>279.529726</ele>
        <time>2021-01-01T09:26:55.271Z</time>
      </trkpt>
      <trkpt lat="51.008616" lon="13.708288">
        <ele>279.958263</ele>
        <time>2021-01-01T09:27:03.271Z</time>
      </trkpt>
      <trkpt lat="51.008525" lon="13.708253">
        <ele>280.375124</ele>
        <time>2021-01-01T09:27:10.269Z</time>
      </trkpt>
      <trkpt lat="51.008478" lon="13.708376">
        <ele>280.778268</ele>
        <time>2021-01-01T09:27:22.278Z</time>
      </trkpt>
      <trkpt lat="51.008510" lon="13.708529">
        <ele>281.229950</ele>
        <time>2021-01-01T09:27:30.270Z</time>
      </trkpt>
      <trkpt lat="51.008542" lon="13.708675">
        <ele>281.663067</ele>
        <time>2021-01-01T09:27:37.267Z</time>
      </trkpt>
      <trkpt lat="51.008587" lon="13.708803">
        <ele>282.073831</ele>
        <time>2021-01-01T09:27:46.276Z</time>
      </trkpt>
      <trkpt lat="51.008645" lon="13.708923">
        <ele>282.497741</ele>
        <time>2021-01-01T09:27:57.282Z</time>
      </trkpt>
      <trkpt lat="51.008722" lon="13.709010">
        <ele>282.918379</ele>
        <time>2021-01-01T09:28:06.277Z</time>
      </trkpt>
      <trkpt lat="51.008795" lon="13.709115">
        <ele>283.356745</ele>
        <time>2021-01-01T09:28:15.288Z</time>
      </trkpt>
      <trkpt lat="51.008844" lon="13.709243">
        <ele>283.776482</ele>
        <time>2021-01-01T09:28:22.287Z</time>
      </trkpt>
      <trkpt lat="51.008907" lon="13.709377">
        <ele>284.245096</ele>
        <time>2021-01-01T09:28:30.290Z</time>
      </trkpt>
      <trkpt lat="51.008962" lon="13.709503">
        <ele>284.674702</ele>
        <time>2021-01-01T09:28:39.316Z</time>
      </trkpt>
      <trkpt lat="51.009016" lon="13.709619">
        <ele>285.078939</ele>
        <time>2021-01-01T09:28:48.269Z</time>
      </trkpt>
      <trkpt lat="51.009064" lon="13.709741">
        <ele>285.482031</ele>
        <time>2021-01-01T09:28:56.277Z</time>
      </trkpt>
      <trkpt lat="51.009150" lon="13.709797">
        <ele>285.895826</ele>
        <time>2021-01-01T09:29:08.292Z</time>
      </trkpt>
      <trkpt lat="51.009206" lon="13.709944">
        <ele>286.377233</ele>
        <time>2021-01-01T09:29:15.285Z</time>
      </trkpt>
      <trkpt lat="51.009264" lon="13.710077">
        <ele>286.830563</ele>
        <time>2021-01-01T09:29:21.300Z</time>
      </trkpt>
      <trkpt lat="51.009312" lon="13.710213">
        <ele>287.267402</ele>
        <time>2021-01-01T09:29:28.310Z</time>
      </trkpt>
      <trkpt lat="51.009373" lon="13.710323">
        <ele>287.309557</ele>
        <time>2021-01-01T09:29:38.284Z</time>
      </trkpt>
      <trkpt lat="51.009371" lon="13.710479">
        <ele>286.769249</ele>
        <time>2021-01-01T09:29:48.284Z</time>
      </trkpt>
      <trkpt lat="51.009356" lon="13.710634">
        <ele>286.226204</ele>
        <time>2021-01-01T09:29:57.280Z</time>
      </trkpt>
      <trkpt lat="51.009347" lon="13.710793">
        <ele>285.673396</ele>
        <time>2021-01-01T09:30:03.278Z</time>
      </trkpt>
      <trkpt lat="51.009325" lon="13.710949">
        <ele>285.119797</ele>
        <time>2021-01-01T09:30:10.280Z</time>
      </trkpt>
      <trkpt lat="51.009297" lon="13.711099">
        <ele>284.578000</ele>
        <time>2021-01-01T09:30:18.298Z</time>
      </trkpt>
      <trkpt lat="51.009279" lon="13.711250">
        <ele>284.045816</ele>
        <time>2021-01-01T09:30:26.289Z</time>
      </trkpt>
      <trkpt lat="51.009272" lon="13.711401">
        <ele>283.521516</ele>
        <time>2021-01-01T09:30:34.287Z</time>
      </trkpt>
      <trkpt lat="51.009275" lon="13.711549">
        <ele>283.008755</ele>
        <time>2021-01-01T09:30:43.282Z</time>
      </trkpt>
      <trkpt lat="51.009236" lon="13.711683">
        <ele>282.497502</ele>
        <time>2021-01-01T09:30:51.284Z</time>
      </trkpt>
      <trkpt lat="51.009189" lon="13.711818">
        <ele>281.963231</ele>
        <time>2021-01-01T09:31:00.284Z</time>
      </trkpt>
      <trkpt lat="51.009147" lon="13.711946">
        <ele>281.463340</ele>
        <time>2021-01-01T09:31:08.287Z</time>
      </trkpt>
      <trkpt lat="51.009093" lon="13.712086">
        <ele>280.894703</ele>
        <time>2021-01-01T09:31:16.283Z</time>
      </trkpt>
      <trkpt lat="51.009045" lon="13.712230">
        <ele>280.330404</ele>
        <time>2021-01-01T09:31:24.281Z</time>
      </trkpt>
      <trkpt lat="51.008997" lon="13.712369">
        <ele>279.781344</ele>
        <time>2021-01-01T09:31:32.293Z</time>
      </trkpt>
      <trkpt lat="51.008951" lon="13.712507">
        <ele>279.240557</ele>
        <time>2021-01-01T09:31:40.288Z</time>
      </trkpt>
      <trkpt lat="51.008912" lon="13.712655">
        <ele>278.684927</ele>
        <time>2021-01-01T09:31:48.292Z</time>
      </trkpt>
      <trkpt lat="51.008889" lon="13.712804">
        <ele>278.153665</ele>
        <time>2021-01-01T09:31:55.291Z</time>
      </trkpt>
      <trkpt lat="51.008882" lon="13.712961">
        <ele>277.614577</ele>
        <time>2021-01-01T09:32:03.282Z</time>
      </trkpt>
      <trkpt lat="51.008860" lon="13.713126">
        <ele>277.632340</ele>
        <time>2021-01-01T09:32:12.281Z</time>
      </trkpt>
      <trkpt lat="51.008781" lon="13.713205">
        <ele>277.647964</ele>
        <time>2021-01-01T09:32:19.278Z</time>
      </trkpt>
      <trkpt lat="51.008683" lon="13.713212">
        <ele>277.664384</ele>
        <time>2021-01-01T09:32:26.283Z</time>
      </trkpt>
      <trkpt lat="51.008595" lon="13.713166">
        <ele>277.679890</ele>
        <time>2021-01-01T09:32:33.290Z</time>
      </trkpt>
      <trkpt lat="51.008506" lon="13.713113">
        <ele>277.695799</ele>
        <time>2021-01-01T09:32:41.290Z</time>
      </trkpt>
      <trkpt lat="51.008420" lon="13.713030">
        <ele>277.712641</ele>
        <time>2021-01-01T09:32:49.276Z</time>
      </trkpt>
      <trkpt lat="51.008326" lon="13.712990">
        <ele>277.728929</ele>
        <time>2021-01-01T09:32:55.285Z</time>
      </trkpt>
      <trkpt lat="51.008224" lon="13.712951">
        <ele>277.746490</ele>
        <time>2021-01-01T09:33:03.287Z</time>
      </trkpt>
      <trkpt lat="51.008129" lon="13.712889">
        <ele>277.763680</ele>
        <time>2021-01-01T09:33:10.297Z</time>
      </trkpt>
      <trkpt lat="51.008041" lon="13.712845">
        <ele>277.779122</ele>
        <time>2021-01-01T09:33:16.279Z</time>
      </trkpt>
      <trkpt lat="51.007943" lon="13.712797">
        <ele>277.796287</ele>
        <time>2021-01-01T09:33:23.284Z</time>
      </trkpt>
      <trkpt lat="51.007848" lon="13.712754">
        <ele>277.812821</ele>
        <time>2021-01-01T09:33:30.287Z</time>
      </trkpt>
      <trkpt lat="51.007756" lon="13.712729">
        <ele>277.828444</ele>
        <time>2021-01-01T09:33:37.276Z</time>
      </trkpt>
      <trkpt lat="51.007657" lon="13.712706">
        <ele>277.845191</ele>
        <time>2021-01-01T09:33:46.281Z</time>
      </trkpt>
      <trkpt lat="51.007559" lon="13.712674">
        <ele>277.861938</ele>
        <time>2021-01-01T09:33:55.281Z</time>
      </trkpt>
      <trkpt lat="51.007467" lon="13.712628">
        <ele>277.878082</ele>
        <time>2021-01-01T09:34:03.282Z</time>
      </trkpt>
      <trkpt lat="51.007398" lon="13.712533">
        <ele>277.893363</ele>
        <time>2021-01-01T09:34:11.290Z</time>
      </trkpt>
      <trkpt lat="51.007348" lon="13.712400">
        <ele>277.909680</ele>
        <time>2021-01-01T09:34:20.283Z</time>
      </trkpt>
      <trkpt lat="51.007308" lon="13.712267">
        <ele>277.792803</ele>
        <time>2021-01-01T09:34:29.280Z</time>
      </trkpt>
      <trkpt lat="51.007262" lon="13.712140">
        <ele>277.598355</ele>
        <time>2021-01-01T09:34:40.286Z</time>
      </trkpt>
      <trkpt lat="51.007198" lon="13.712037">
        <ele>277.406271</ele>
        <time>2021-01-01T09:34:47.287Z</time>
      </trkpt>
      <trkpt lat="51.007243" lon="13.712166">
        <ele>277.210550</ele>
        <time>2021-01-01T09:35:29.281Z</time>
      </trkpt>
      <trkpt lat="51.007270" lon="13.712317">
        <ele>277.002248</ele>
        <time>2021-01-01T09:35:36.286Z</time>
      </trkpt>
      <trkpt lat="51.007292" lon="13.712466">
        <ele>276.799164</ele>
        <time>2021-01-01T09:35:44.281Z</time>
      </trkpt>
      <trkpt lat="51.007341" lon="13.712594">
        <ele>276.600351</ele>
        <time>2021-01-01T09:35:52.289Z</time>
      </trkpt>
      <trkpt lat="51.007365" lon="13.712749">
        <ele>276.388540</ele>
        <time>2021-01-01T09:36:00.285Z</time>
      </trkpt>
      <trkpt lat="51.007415" lon="13.712883">
        <ele>276.181816</ele>
        <time>2021-01-01T09:36:08.282Z</time>
      </trkpt>
      <trkpt lat="51.007450" lon="13.713027">
        <ele>275.976977</ele>
        <time>2021-01-01T09:36:15.272Z</time>
      </trkpt>
      <trkpt lat="51.007471" lon="13.713169">
        <ele>275.783418</ele>
        <time>2021-01-01T09:36:23.282Z</time>
      </trkpt>
      <trkpt lat="51.007499" lon="13.713312">
        <ele>275.584691</ele>
        <time>2021-01-01T09:36:34.277Z</time>
      </trkpt>
      <trkpt lat="51.007410" lon="13.713286">
        <ele>275.393858</ele>
        <time>2021-01-01T09:36:41.283Z</time>
      </trkpt>
      <trkpt lat="51.007350" lon="13.713178">
        <ele>275.202683</ele>
        <time>2021-01-01T09:36:48.284Z</time>
      </trkpt>
      <trkpt lat="51.007289" lon="13.713063">
        <ele>275.003097</ele>
        <time>2021-01-01T09:36:56.281Z</time>
      </trkpt>
      <trkpt lat="51.007234" lon="13.712950">
        <ele>274.813528</ele>
        <time>2021-01-01T09:37:03.291Z</time>
      </trkpt>
      <trkpt lat="51.007174" lon="13.712834">
        <ele>274.614271</ele>
        <time>2021-01-01T09:37:09.282Z</time>
      </trkpt>
      <trkpt lat="51.007108" lon="13.712729">
        <ele>274.417332</ele>
        <time>2021-01-01T09:37:16.287Z</time>
      </trkpt>
      <trkpt lat="51.007052" lon="13.712611">
        <ele>274.221209</ele>
        <time>2021-01-01T09:37:23.282Z</time>
      </trkpt>
      <trkpt lat="51.006981" lon="13.712506">
        <ele>274.134149</ele>
        <time>2021-01-01T09:37:31.291Z</time>
      </trkpt>
      <trkpt lat="51.006935" lon="13.712366">
        <ele>274.157483</ele>
        <time>2021-01-01T09:37:41.284Z</time>
      </trkpt>
      <trkpt lat="51.006874" lon="13.712243">
        <ele>274.180622</ele>
        <time>2021-01-01T09:37:48.272Z</time>
      </trkpt>
      <trkpt lat="51.006818" lon="13.712124">
        <ele>274.202576</ele>
        <time>2021-01-01T09:37:56.270Z</time>
      </trkpt>
      <trkpt lat="51.006754" lon="13.712010">
        <ele>274.225148</ele>
        <time>2021-01-01T09:38:03.275Z</time>
      </trkpt>
      <trkpt lat="51.006699" lon="13.711871">
        <ele>274.249407</ele>
        <time>2021-01-01T09:38:12.274Z</time>
      </trkpt>
      <trkpt lat="51.006638" lon="13.711743">
        <ele>274.273130</ele>
        <time>2021-01-01T09:38:20.276Z</time>
      </trkpt>
      <trkpt lat="51.006585" lon="13.711600">
        <ele>274.297651</ele>
        <time>2021-01-01T09:38:27.274Z</time>
      </trkpt>
      <trkpt lat="51.006523" lon="13.711478">
        <ele>274.320820</ele>
        <time>2021-01-01T09:38:35.272Z</time>
      </trkpt>
      <trkpt lat="51.006464" lon="13.711346">
        <ele>274.344742</ele>
        <time>2021-01-01T09:38:44.271Z</time>
      </trkpt>
      <trkpt lat="51.006416" lon="13.711217">
        <ele>274.366884</ele>
        <time>2021-01-01T09:38:52.274Z</time>
      </trkpt>
      <trkpt lat="51.006373" lon="13.711085">
        <ele>274.388845</ele>
        <time>2021-01-01T09:38:59.271Z</time>
      </trkpt>
      <trkpt lat="51.006324" lon="13.710952">
        <ele>274.411615</ele>
        <time>2021-01-01T09:39:07.271Z</time>
      </trkpt>
      <trkpt lat="51.006270" lon="13.710815">
        <ele>274.435500</ele>
        <time>2021-01-01T09:39:14.271Z</time>
      </trkpt>
      <trkpt lat="51.006220" lon="13.710697">
        <ele>274.456518</ele>
        <time>2021-01-01T09:39:22.271Z</time>
      </trkpt>
      <trkpt lat="51.006180" lon="13.710553">
        <ele>274.479774</ele>
        <time>2021-01-01T09:39:29.271Z</time>
      </trkpt>
      <trkpt lat="51.006117" lon="13.710426">
        <ele>274.503668</ele>
        <time>2021-01-01T09:39:36.273Z</time>
      </trkpt>
      <trkpt lat="51.006067" lon="13.710290">
        <ele>274.526939</ele>
        <time>2021-01-01T09:39:44.274Z</time>
      </trkpt>
      <trkpt lat="51.006015" lon="13.710169">
        <ele>274.478263</ele>
        <time>2021-01-01T09:39:50.274Z</time>
      </trkpt>
      <trkpt lat="51.005971" lon="13.710033">
        <ele>274.091761</ele>
        <time>2021-01-01T09:39:57.286Z</time>
      </trkpt>
      <trkpt lat="51.005916" lon="13.709904">
        <ele>273.697928</ele>
        <time>2021-01-01T09:40:04.279Z</time>
      </trkpt>
      <trkpt lat="51.005898" lon="13.709758">
        <ele>273.321908</ele>
        <time>2021-01-01T09:40:12.279Z</time>
      </trkpt>
      <trkpt lat="51.005894" lon="13.709599">
        <ele>272.919726</ele>
        <time>2021-01-01T09:40:20.282Z</time>
      </trkpt>
      <trkpt lat="51.005856" lon="13.709355">
        <ele>272.284426</ele>
        <time>2021-01-01T09:41:02.271Z</time>
      </trkpt>
      <trkpt lat="51.005740" lon="13.708833">
        <ele>270.885249</ele>
        <time>2021-01-01T09:41:31.277Z</time>
      </trkpt>
      <trkpt lat="51.005645" lon="13.708341">
        <ele>269.584520</ele>
        <time>2021-01-01T09:42:02.277Z</time>
      </trkpt>
      <trkpt lat="51.005584" lon="13.708231">
        <ele>269.213944</ele>
        <time>2021-01-01T09:42:05.270Z</time>
      </trkpt>
      <trkpt lat="51.005565" lon="13.708080">
        <ele>268.824744</ele>
        <time>2021-01-01T09:42:10.272Z</time>
      </trkpt>
      <trkpt lat="51.005591" lon="13.707933">
        <ele>268.438812</ele>
        <time>2021-01-01T09:42:22.270Z</time>
      </trkpt>
      <trkpt lat="51.005631" lon="13.707777">
        <ele>268.013052</ele>
        <time>2021-01-01T09:42:28.271Z</time>
      </trkpt>
      <trkpt lat="51.005668" lon="13.707635">
        <ele>267.624602</ele>
        <time>2021-01-01T09:42:34.274Z</time>
      </trkpt>
      <trkpt lat="51.005667" lon="13.707473">
        <ele>267.145577</ele>
        <time>2021-01-01T09:42:41.275Z</time>
      </trkpt>
      <trkpt lat="51.005689" lon="13.707316">
        <ele>266.469931</ele>
        <time>2021-01-01T09:42:48.271Z</time>
      </trkpt>
      <trkpt lat="51.005714" lon="13.707168">
        <ele>265.826234</ele>
        <time>2021-01-01T09:43:00.272Z</time>
      </trkpt>
      <trkpt lat="51.005726" lon="13.707027">
        <ele>265.228560</ele>
        <time>2021-01-01T09:43:09.275Z</time>
      </trkpt>
      <trkpt lat="51.005743" lon="13.706871">
        <ele>264.563516</ele>
        <time>2021-01-01T09:43:15.271Z</time>
      </trkpt>
      <trkpt lat="51.005768" lon="13.706732">
        <ele>263.956253</ele>
        <time>2021-01-01T09:43:21.275Z</time>
      </trkpt>
      <trkpt lat="51.005779" lon="13.706578">
        <ele>263.305210</ele>
        <time>2021-01-01T09:43:32.272Z</time>
      </trkpt>
      <trkpt lat="51.005799" lon="13.706438">
        <ele>262.702165</ele>
        <time>2021-01-01T09:43:40.275Z</time>
      </trkpt>
      <trkpt lat="51.005817" lon="13.706278">
        <ele>262.019417</ele>
        <time>2021-01-01T09:43:48.270Z</time>
      </trkpt>
      <trkpt lat="51.005866" lon="13.706157">
        <ele>261.414988</ele>
        <time>2021-01-01T09:43:55.280Z</time>
      </trkpt>
      <trkpt lat="51.005949" lon="13.706095">
        <ele>260.802758</ele>
        <time>2021-01-01T09:44:02.271Z</time>
      </trkpt>
      <trkpt lat="51.006046" lon="13.706072">
        <ele>260.148056</ele>
        <time>2021-01-01T09:44:09.267Z</time>
      </trkpt>
      <trkpt lat="51.006133" lon="13.706014">
        <ele>259.518247</ele>
        <time>2021-01-01T09:44:19.301Z</time>
      </trkpt>
      <trkpt lat="51.006226" lon="13.705989">
        <ele>258.888597</ele>
        <time>2021-01-01T09:44:27.303Z</time>
      </trkpt>
      <trkpt lat="51.006168" lon="13.705458">
        <ele>256.624757</ele>
        <time>2021-01-01T09:45:17.280Z</time>
      </trkpt>
      <trkpt lat="51.006128" lon="13.705301">
        <ele>255.913264</ele>
        <time>2021-01-01T09:45:26.313Z</time>
      </trkpt>
      <trkpt lat="51.006114" lon="13.705151">
        <ele>255.335980</ele>
        <time>2021-01-01T09:45:34.278Z</time>
      </trkpt>
      <trkpt lat="51.005945" lon="13.704385">
        <ele>257.443450</ele>
        <time>2021-01-01T09:46:20.272Z</time>
      </trkpt>
      <trkpt lat="51.005879" lon="13.703746">
        <ele>259.124691</ele>
        <time>2021-01-01T09:46:51.278Z</time>
      </trkpt>
      <trkpt lat="51.005875" lon="13.703076">
        <ele>260.864295</ele>
        <time>2021-01-01T09:47:32.274Z</time>
      </trkpt>
      <trkpt lat="51.005847" lon="13.702914">
        <ele>261.300476</ele>
        <time>2021-01-01T09:47:35.270Z</time>
      </trkpt>
      <trkpt lat="51.005805" lon="13.702781">
        <ele>261.686830</ele>
        <time>2021-01-01T09:47:41.277Z</time>
      </trkpt>
      <trkpt lat="51.005701" lon="13.702455">
        <ele>262.635793</ele>
        <time>2021-01-01T09:48:11.276Z</time>
      </trkpt>
      <trkpt lat="51.005660" lon="13.701854">
        <ele>264.196587</ele>
        <time>2021-01-01T09:48:35.272Z</time>
      </trkpt>
      <trkpt lat="51.005565" lon="13.701287">
        <ele>265.710945</ele>
        <time>2021-01-01T09:49:07.274Z</time>
      </trkpt>
      <trkpt lat="51.005500" lon="13.700937">
        <ele>266.652782</ele>
        <time>2021-01-01T09:49:24.271Z</time>
      </trkpt>
      <trkpt lat="51.005445" lon="13.700639">
        <ele>267.454294</ele>
        <time>2021-01-01T09:49:45.270Z</time>
      </trkpt>
      <trkpt lat="51.005359" lon="13.700374">
        <ele>268.223838</ele>
        <time>2021-01-01T09:50:15.271Z</time>
      </trkpt>
      <trkpt lat="51.005357" lon="13.700209">
        <ele>268.649768</ele>
        <time>2021-01-01T09:50:23.273Z</time>
      </trkpt>
      <trkpt lat="51.005387" lon="13.700054">
        <ele>269.068306</ele>
        <time>2021-01-01T09:50:29.271Z</time>
      </trkpt>
      <trkpt lat="51.005386" lon="13.699867">
        <ele>269.550954</ele>
        <time>2021-01-01T09:50:37.274Z</time>
      </trkpt>
      <trkpt lat="51.005267" lon="13.699323">
        <ele>270.501625</ele>
        <time>2021-01-01T09:51:04.272Z</time>
      </trkpt>
      <trkpt lat="51.005160" lon="13.698640">
        <ele>271.266651</ele>
        <time>2021-01-01T09:51:44.294Z</time>
      </trkpt>
      <trkpt lat="51.005017" lon="13.698175">
        <ele>271.829198</ele>
        <time>2021-01-01T09:52:14.289Z</time>
      </trkpt>
      <trkpt lat="51.005021" lon="13.698027">
        <ele>271.990211</ele>
        <time>2021-01-01T09:52:19.285Z</time>
      </trkpt>
      <trkpt lat="51.004835" lon="13.697493">
        <ele>272.653616</ele>
        <time>2021-01-01T09:52:58.277Z</time>
      </trkpt>
      <trkpt lat="51.004716" lon="13.697106">
        <ele>273.121793</ele>
        <time>2021-01-01T09:54:28.272Z</time>
      </trkpt>
      <trkpt lat="51.004664" lon="13.696968">
        <ele>273.277403</ele>
        <time>2021-01-01T09:54:37.271Z</time>
      </trkpt>
      <trkpt lat="51.004607" lon="13.696839">
        <ele>273.406478</ele>
        <time>2021-01-01T09:54:45.285Z</time>
      </trkpt>
      <trkpt lat="51.004537" lon="13.696740">
        <ele>273.528420</ele>
        <time>2021-01-01T09:54:54.287Z</time>
      </trkpt>
      <trkpt lat="51.004471" lon="13.696634">
        <ele>273.650529</ele>
        <time>2021-01-01T09:55:05.286Z</time>
      </trkpt>
      <trkpt lat="51.004403" lon="13.696517">
        <ele>273.780950</ele>
        <time>2021-01-01T09:55:12.281Z</time>
      </trkpt>
      <trkpt lat="51.004331" lon="13.696413">
        <ele>273.907565</ele>
        <time>2021-01-01T09:55:20.292Z</time>
      </trkpt>
      <trkpt lat="51.004275" lon="13.696294">
        <ele>274.029246</ele>
        <time>2021-01-01T09:55:28.286Z</time>
      </trkpt>
      <trkpt lat="51.004219" lon="13.696178">
        <ele>274.148968</ele>
        <time>2021-01-01T09:55:34.280Z</time>
      </trkpt>
      <trkpt lat="51.004161" lon="13.696040">
        <ele>274.284861</ele>
        <time>2021-01-01T09:55:43.289Z</time>
      </trkpt>
      <trkpt lat="51.004092" lon="13.695929">
        <ele>274.412627</ele>
        <time>2021-01-01T09:55:51.282Z</time>
      </trkpt>
      <trkpt lat="51.004020" lon="13.695838">
        <ele>274.532342</ele>
        <time>2021-01-01T09:55:59.281Z</time>
      </trkpt>
      <trkpt lat="51.003938" lon="13.695773">
        <ele>274.651589</ele>
        <time>2021-01-01T09:56:06.285Z</time>
      </trkpt>
      <trkpt lat="51.003885" lon="13.695656">
        <ele>274.769640</ele>
        <time>2021-01-01T09:56:13.287Z</time>
      </trkpt>
      <trkpt lat="51.003798" lon="13.695581">
        <ele>274.898440</ele>
        <time>2021-01-01T09:56:22.292Z</time>
      </trkpt>
      <trkpt lat="51.003723" lon="13.695480">
        <ele>275.026370</ele>
        <time>2021-01-01T09:56:30.291Z</time>
      </trkpt>
      <trkpt lat="51.003648" lon="13.695387">
        <ele>275.150165</ele>
        <time>2021-01-01T09:56:38.289Z</time>
      </trkpt>
      <trkpt lat="51.003576" lon="13.695284">
        <ele>275.276232</ele>
        <time>2021-01-01T09:56:46.277Z</time>
      </trkpt>
      <trkpt lat="51.003493" lon="13.695218">
        <ele>275.397009</ele>
        <time>2021-01-01T09:56:53.289Z</time>
      </trkpt>
      <trkpt lat="51.003412" lon="13.695150">
        <ele>275.516220</ele>
        <time>2021-01-01T09:57:01.279Z</time>
      </trkpt>
      <trkpt lat="51.003332" lon="13.695070">
        <ele>275.852173</ele>
        <time>2021-01-01T09:57:10.289Z</time>
      </trkpt>
      <trkpt lat="51.003248" lon="13.694994">
        <ele>276.313063</ele>
        <time>2021-01-01T09:57:18.282Z</time>
      </trkpt>
      <trkpt lat="51.003175" lon="13.694906">
        <ele>276.749954</ele>
        <time>2021-01-01T09:57:24.284Z</time>
      </trkpt>
      <trkpt lat="51.003107" lon="13.694806">
        <ele>277.191719</ele>
        <time>2021-01-01T09:57:32.279Z</time>
      </trkpt>
      <trkpt lat="51.003013" lon="13.694755">
        <ele>277.665327</ele>
        <time>2021-01-01T09:57:40.287Z</time>
      </trkpt>
      <trkpt lat="51.002928" lon="13.694676">
        <ele>278.134847</ele>
        <time>2021-01-01T09:57:50.286Z</time>
      </trkpt>
      <trkpt lat="51.002832" lon="13.694642">
        <ele>278.603818</ele>
        <time>2021-01-01T09:57:58.274Z</time>
      </trkpt>
      <trkpt lat="51.002739" lon="13.694616">
        <ele>279.054065</ele>
        <time>2021-01-01T09:58:06.275Z</time>
      </trkpt>
      <trkpt lat="51.002646" lon="13.694616">
        <ele>279.497502</ele>
        <time>2021-01-01T09:58:18.270Z</time>
      </trkpt>
      <trkpt lat="51.002553" lon="13.694601">
        <ele>279.943217</ele>
        <time>2021-01-01T09:58:25.272Z</time>
      </trkpt>
      <trkpt lat="51.002502" lon="13.694805">
        <ele>280.601859</ele>
        <time>2021-01-01T09:59:10.272Z</time>
      </trkpt>
      <trkpt lat="51.002437" lon="13.694911">
        <ele>281.045949</ele>
        <time>2021-01-01T09:59:20.274Z</time>
      </trkpt>
      <trkpt lat="51.002337" lon="13.694883">
        <ele>281.530108</ele>
        <time>2021-01-01T09:59:29.276Z</time>
      </trkpt>
      <trkpt lat="51.002248" lon="13.694848">
        <ele>281.967274</ele>
        <time>2021-01-01T09:59:39.270Z</time>
      </trkpt>
      <trkpt lat="51.002157" lon="13.694839">
        <ele>282.402014</ele>
        <time>2021-01-01T09:59:51.270Z</time>
      </trkpt>
      <trkpt lat="51.002065" lon="13.694852">
        <ele>282.842413</ele>
        <time>2021-01-01T09:59:58.271Z</time>
      </trkpt>
      <trkpt lat="51.001973" lon="13.694871">
        <ele>283.284771</ele>
        <time>2021-01-01T10:00:05.271Z</time>
      </trkpt>
      <trkpt lat="51.001874" lon="13.694865">
        <ele>283.757160</ele>
        <time>2021-01-01T10:00:14.301Z</time>
      </trkpt>
      <trkpt lat="51.001777" lon="13.694894">
        <ele>284.226104</ele>
        <time>2021-01-01T10:00:23.273Z</time>
      </trkpt>
      <trkpt lat="51.001685" lon="13.694891">
        <ele>284.656877</ele>
        <time>2021-01-01T10:00:30.276Z</time>
      </trkpt>
      <trkpt lat="51.001595" lon="13.694874">
        <ele>285.081164</ele>
        <time>2021-01-01T10:00:37.283Z</time>
      </trkpt>
      <trkpt lat="51.001496" lon="13.694870">
        <ele>285.544766</ele>
        <time>2021-01-01T10:00:49.282Z</time>
      </trkpt>
      <trkpt lat="51.001400" lon="13.694909">
        <ele>286.008628</ele>
        <time>2021-01-01T10:00:56.285Z</time>
      </trkpt>
      <trkpt lat="51.001311" lon="13.694938">
        <ele>286.433936</ele>
        <time>2021-01-01T10:01:07.276Z</time>
      </trkpt>
      <trkpt lat="51.001093" lon="13.694925">
        <ele>287.455186</ele>
        <time>2021-01-01T10:01:35.273Z</time>
      </trkpt>
      <trkpt lat="51.000996" lon="13.694881">
        <ele>287.927415</ele>
        <time>2021-01-01T10:01:45.269Z</time>
      </trkpt>
      <trkpt lat="51.000935" lon="13.694774">
        <ele>288.352751</ele>
        <time>2021-01-01T10:01:56.272Z</time>
      </trkpt>
      <trkpt lat="51.000854" lon="13.694691">
        <ele>288.803941</ele>
        <time>2021-01-01T10:02:05.271Z</time>
      </trkpt>
      <trkpt lat="51.000775" lon="13.694604">
        <ele>289.253899</ele>
        <time>2021-01-01T10:02:13.275Z</time>
      </trkpt>
      <trkpt lat="51.000705" lon="13.694498">
        <ele>289.706558</ele>
        <time>2021-01-01T10:02:22.268Z</time>
      </trkpt>
      <trkpt lat="51.000619" lon="13.694404">
        <ele>290.195200</ele>
        <time>2021-01-01T10:02:30.271Z</time>
      </trkpt>
      <trkpt lat="51.000536" lon="13.694326">
        <ele>290.646615</ele>
        <time>2021-01-01T10:02:37.301Z</time>
      </trkpt>
      <trkpt lat="51.000448" lon="13.694229">
        <ele>291.147984</ele>
        <time>2021-01-01T10:02:47.272Z</time>
      </trkpt>
      <trkpt lat="51.000390" lon="13.694108">
        <ele>291.596083</ele>
        <time>2021-01-01T10:02:56.271Z</time>
      </trkpt>
      <trkpt lat="51.000340" lon="13.693986">
        <ele>292.024997</ele>
        <time>2021-01-01T10:03:07.267Z</time>
      </trkpt>
      <trkpt lat="51.000269" lon="13.693889">
        <ele>292.463330</ele>
        <time>2021-01-01T10:03:14.272Z</time>
      </trkpt>
      <trkpt lat="51.000185" lon="13.693825">
        <ele>292.628462</ele>
        <time>2021-01-01T10:03:21.275Z</time>
      </trkpt>
      <trkpt lat="51.000097" lon="13.693782">
        <ele>292.719870</ele>
        <time>2021-01-01T10:03:29.272Z</time>
      </trkpt>
      <trkpt lat="51.000002" lon="13.693726">
        <ele>292.820472</ele>
        <time>2021-01-01T10:03:36.308Z</time>
      </trkpt>
      <trkpt lat="50.999917" lon="13.693630">
        <ele>292.924009</ele>
        <time>2021-01-01T10:03:43.269Z</time>
      </trkpt>
      <trkpt lat="50.999854" lon="13.693525">
        <ele>293.014654</ele>
        <time>2021-01-01T10:03:51.272Z</time>
      </trkpt>
      <trkpt lat="50.999780" lon="13.693434">
        <ele>293.107556</ele>
        <time>2021-01-01T10:04:03.272Z</time>
      </trkpt>
      <trkpt lat="50.999699" lon="13.693351">
        <ele>293.203248</ele>
        <time>2021-01-01T10:04:16.269Z</time>
      </trkpt>
      <trkpt lat="50.999443" lon="13.693032">
        <ele>293.526249</ele>
        <time>2021-01-01T10:04:44.272Z</time>
      </trkpt>
      <trkpt lat="50.999381" lon="13.692914">
        <ele>293.622297</ele>
        <time>2021-01-01T10:04:57.270Z</time>
      </trkpt>
      <trkpt lat="50.999331" lon="13.692785">
        <ele>293.716961</ele>
        <time>2021-01-01T10:05:04.297Z</time>
      </trkpt>
      <trkpt lat="50.999305" lon="13.692636">
        <ele>293.813573</ele>
        <time>2021-01-01T10:05:14.298Z</time>
      </trkpt>
      <trkpt lat="50.999295" lon="13.692491">
        <ele>293.904715</ele>
        <time>2021-01-01T10:05:23.298Z</time>
      </trkpt>
      <trkpt lat="50.999279" lon="13.692338">
        <ele>294.001625</ele>
        <time>2021-01-01T10:05:34.282Z</time>
      </trkpt>
      <trkpt lat="50.999216" lon="13.692228">
        <ele>294.094557</ele>
        <time>2021-01-01T10:05:44.286Z</time>
      </trkpt>
      <trkpt lat="50.999134" lon="13.692169">
        <ele>294.183928</ele>
        <time>2021-01-01T10:05:53.285Z</time>
      </trkpt>
      <trkpt lat="50.999058" lon="13.692077">
        <ele>294.278786</ele>
        <time>2021-01-01T10:06:08.281Z</time>
      </trkpt>
      <trkpt lat="50.998994" lon="13.691971">
        <ele>294.346402</ele>
        <time>2021-01-01T10:06:16.275Z</time>
      </trkpt>
      <trkpt lat="50.998909" lon="13.691879">
        <ele>294.364198</ele>
        <time>2021-01-01T10:06:25.272Z</time>
      </trkpt>
      <trkpt lat="50.998826" lon="13.691810">
        <ele>294.380407</ele>
        <time>2021-01-01T10:06:34.305Z</time>
      </trkpt>
      <trkpt lat="50.998736" lon="13.691770">
        <ele>294.396578</ele>
        <time>2021-01-01T10:06:45.273Z</time>
      </trkpt>
      <trkpt lat="50.998643" lon="13.691730">
        <ele>294.413250</ele>
        <time>2021-01-01T10:06:55.272Z</time>
      </trkpt>
      <trkpt lat="50.998554" lon="13.691671">
        <ele>294.429937</ele>
        <time>2021-01-01T10:07:03.277Z</time>
      </trkpt>
      <trkpt lat="50.998462" lon="13.691617">
        <ele>294.446908</ele>
        <time>2021-01-01T10:07:11.282Z</time>
      </trkpt>
      <trkpt lat="50.998371" lon="13.691575">
        <ele>294.463305</ele>
        <time>2021-01-01T10:07:20.272Z</time>
      </trkpt>
      <trkpt lat="50.998275" lon="13.691542">
        <ele>294.480301</ele>
        <time>2021-01-01T10:07:29.271Z</time>
      </trkpt>
      <trkpt lat="50.998180" lon="13.691535">
        <ele>294.496757</ele>
        <time>2021-01-01T10:07:40.270Z</time>
      </trkpt>
      <trkpt lat="50.998091" lon="13.691494">
        <ele>294.512791</ele>
        <time>2021-01-01T10:07:50.276Z</time>
      </trkpt>
      <trkpt lat="50.998038" lon="13.691371">
        <ele>294.529025</ele>
        <time>2021-01-01T10:08:00.272Z</time>
      </trkpt>
      <trkpt lat="50.998040" lon="13.691222">
        <ele>294.545254</ele>
        <time>2021-01-01T10:08:13.271Z</time>
      </trkpt>
      <trkpt lat="50.998029" lon="13.691074">
        <ele>294.561484</ele>
        <time>2021-01-01T10:08:21.270Z</time>
      </trkpt>
      <trkpt lat="50.998002" lon="13.690928">
        <ele>294.578055</ele>
        <time>2021-01-01T10:08:32.268Z</time>
      </trkpt>
      <trkpt lat="50.997988" lon="13.690781">
        <ele>294.594246</ele>
        <time>2021-01-01T10:08:39.271Z</time>
      </trkpt>
      <trkpt lat="50.997925" lon="13.690676">
        <ele>294.610044</ele>
        <time>2021-01-01T10:08:46.307Z</time>
      </trkpt>
      <trkpt lat="50.997940" lon="13.690520">
        <ele>294.627230</ele>
        <time>2021-01-01T10:08:54.272Z</time>
      </trkpt>
      <trkpt lat="50.997922" lon="13.690361">
        <ele>294.644823</ele>
        <time>2021-01-01T10:09:04.272Z</time>
      </trkpt>
      <trkpt lat="50.997880" lon="13.690227">
        <ele>294.839217</ele>
        <time>2021-01-01T10:09:12.274Z</time>
      </trkpt>
      <trkpt lat="50.997871" lon="13.690080">
        <ele>295.188668</ele>
        <time>2021-01-01T10:09:18.279Z</time>
      </trkpt>
      <trkpt lat="50.997844" lon="13.689926">
        <ele>295.566914</ele>
        <time>2021-01-01T10:09:25.281Z</time>
      </trkpt>
      <trkpt lat="50.997820" lon="13.689787">
        <ele>295.907948</ele>
        <time>2021-01-01T10:09:32.274Z</time>
      </trkpt>
      <trkpt lat="50.997764" lon="13.689676">
        <ele>296.244548</ele>
        <time>2021-01-01T10:09:43.288Z</time>
      </trkpt>
      <trkpt lat="50.997680" lon="13.689604">
        <ele>296.603367</ele>
        <time>2021-01-01T10:09:49.271Z</time>
      </trkpt>
      <trkpt lat="50.997620" lon="13.689492">
        <ele>296.951371</ele>
        <time>2021-01-01T10:09:56.272Z</time>
      </trkpt>
      <trkpt lat="50.997534" lon="13.689410">
        <ele>297.328435</ele>
        <time>2021-01-01T10:10:02.273Z</time>
      </trkpt>
      <trkpt lat="50.997471" lon="13.689305">
        <ele>297.671682</ele>
        <time>2021-01-01T10:10:12.274Z</time>
      </trkpt>
      <trkpt lat="50.997337" lon="13.689171">
        <ele>298.266924</ele>
        <time>2021-01-01T10:10:42.275Z</time>
      </trkpt>
      <trkpt lat="50.997253" lon="13.689108">
        <ele>298.616136</ele>
        <time>2021-01-01T10:10:50.274Z</time>
      </trkpt>
      <trkpt lat="50.997169" lon="13.689033">
        <ele>298.978379</ele>
        <time>2021-01-01T10:10:59.277Z</time>
      </trkpt>
      <trkpt lat="50.997053" lon="13.688836">
        <ele>299.616701</ele>
        <time>2021-01-01T10:11:31.272Z</time>
      </trkpt>
      <trkpt lat="50.997104" lon="13.688712">
        <ele>299.967191</ele>
        <time>2021-01-01T10:11:52.305Z</time>
      </trkpt>
      <trkpt lat="50.997156" lon="13.688587">
        <ele>300.321722</ele>
        <time>2021-01-01T10:12:01.272Z</time>
      </trkpt>
      <trkpt lat="50.997201" lon="13.688461">
        <ele>300.664506</ele>
        <time>2021-01-01T10:12:11.317Z</time>
      </trkpt>
      <trkpt lat="50.997257" lon="13.688347">
        <ele>301.006676</ele>
        <time>2021-01-01T10:12:19.276Z</time>
      </trkpt>
      <trkpt lat="50.997297" lon="13.688206">
        <ele>301.372620</ele>
        <time>2021-01-01T10:12:29.283Z</time>
      </trkpt>
      <trkpt lat="50.997334" lon="13.688060">
        <ele>301.570385</ele>
        <time>2021-01-01T10:12:39.277Z</time>
      </trkpt>
      <trkpt lat="50.997349" lon="13.687916">
        <ele>301.733227</ele>
        <time>2021-01-01T10:12:48.274Z</time>
      </trkpt>
      <trkpt lat="50.997339" lon="13.687772">
        <ele>301.894859</ele>
        <time>2021-01-01T10:12:58.270Z</time>
      </trkpt>
      <trkpt lat="50.997266" lon="13.687673">
        <ele>302.064995</ele>
        <time>2021-01-01T10:13:05.281Z</time>
      </trkpt>
      <trkpt lat="50.997191" lon="13.687568">
        <ele>302.242196</ele>
        <time>2021-01-01T10:13:13.275Z</time>
      </trkpt>
      <trkpt lat="50.997120" lon="13.687475">
        <ele>302.405313</ele>
        <time>2021-01-01T10:13:21.275Z</time>
      </trkpt>
      <trkpt lat="50.997037" lon="13.687390">
        <ele>302.580362</ele>
        <time>2021-01-01T10:13:30.272Z</time>
      </trkpt>
      <trkpt lat="50.996973" lon="13.687194">
        <ele>302.826716</ele>
        <time>2021-01-01T10:14:05.301Z</time>
      </trkpt>
      <trkpt lat="50.996961" lon="13.687047">
        <ele>302.992095</ele>
        <time>2021-01-01T10:14:17.272Z</time>
      </trkpt>
      <trkpt lat="50.996898" lon="13.686920">
        <ele>303.172509</ele>
        <time>2021-01-01T10:14:26.276Z</time>
      </trkpt>
      <trkpt lat="50.996865" lon="13.686771">
        <ele>303.348739</ele>
        <time>2021-01-01T10:14:34.270Z</time>
      </trkpt>
      <trkpt lat="50.996898" lon="13.686624">
        <ele>303.522866</ele>
        <time>2021-01-01T10:14:41.276Z</time>
      </trkpt>
      <trkpt lat="50.996874" lon="13.686485">
        <ele>303.683676</ele>
        <time>2021-01-01T10:14:49.277Z</time>
      </trkpt>
      <trkpt lat="50.996833" lon="13.686335">
        <ele>303.866130</ele>
        <time>2021-01-01T10:15:03.272Z</time>
      </trkpt>
      <trkpt lat="50.996856" lon="13.686193">
        <ele>304.029720</ele>
        <time>2021-01-01T10:15:12.274Z</time>
      </trkpt>
      <trkpt lat="50.996879" lon="13.686047">
        <ele>304.197635</ele>
        <time>2021-01-01T10:15:25.277Z</time>
      </trkpt>
      <trkpt lat="50.996902" lon="13.685896">
        <ele>304.370967</ele>
        <time>2021-01-01T10:15:33.278Z</time>
      </trkpt>
      <trkpt lat="50.996906" lon="13.685747">
        <ele>304.537356</ele>
        <time>2021-01-01T10:15:41.271Z</time>
      </trkpt>
      <trkpt lat="50.996925" lon="13.685605">
        <ele>304.895509</ele>
        <time>2021-01-01T10:15:50.277Z</time>
      </trkpt>
      <trkpt lat="50.996946" lon="13.685464">
        <ele>305.386611</ele>
        <time>2021-01-01T10:16:03.272Z</time>
      </trkpt>
      <trkpt lat="50.996974" lon="13.685328">
        <ele>305.871605</ele>
        <time>2021-01-01T10:16:09.274Z</time>
      </trkpt>
      <trkpt lat="50.997019" lon="13.685204">
        <ele>306.356754</ele>
        <time>2021-01-01T10:16:15.276Z</time>
      </trkpt>
      <trkpt lat="50.997049" lon="13.685062">
        <ele>306.864439</ele>
        <time>2021-01-01T10:16:22.274Z</time>
      </trkpt>
      <trkpt lat="50.997032" lon="13.684910">
        <ele>307.387696</ele>
        <time>2021-01-01T10:16:32.270Z</time>
      </trkpt>
      <trkpt lat="50.997037" lon="13.684752">
        <ele>307.923894</ele>
        <time>2021-01-01T10:16:42.279Z</time>
      </trkpt>
      <trkpt lat="50.997050" lon="13.684611">
        <ele>308.406898</ele>
        <time>2021-01-01T10:16:51.274Z</time>
      </trkpt>
      <trkpt lat="50.997061" lon="13.684460">
        <ele>308.922111</ele>
        <time>2021-01-01T10:17:00.272Z</time>
      </trkpt>
      <trkpt lat="50.997056" lon="13.684299">
        <ele>309.468464</ele>
        <time>2021-01-01T10:17:09.272Z</time>
      </trkpt>
      <trkpt lat="50.997059" lon="13.684151">
        <ele>309.970352</ele>
        <time>2021-01-01T10:17:17.279Z</time>
      </trkpt>
      <trkpt lat="50.997080" lon="13.684005">
        <ele>310.477960</ele>
        <time>2021-01-01T10:17:25.278Z</time>
      </trkpt>
      <trkpt lat="50.997087" lon="13.683856">
        <ele>310.984382</ele>
        <time>2021-01-01T10:17:33.274Z</time>
      </trkpt>
      <trkpt lat="50.997074" lon="13.683698">
        <ele>311.524460</ele>
        <time>2021-01-01T10:17:43.271Z</time>
      </trkpt>
      <trkpt lat="50.997097" lon="13.683556">
        <ele>312.021435</ele>
        <time>2021-01-01T10:17:51.277Z</time>
      </trkpt>
      <trkpt lat="50.997076" lon="13.683412">
        <ele>312.522437</ele>
        <time>2021-01-01T10:18:00.274Z</time>
      </trkpt>
      <trkpt lat="50.997069" lon="13.683261">
        <ele>313.035619</ele>
        <time>2021-01-01T10:18:08.272Z</time>
      </trkpt>
      <trkpt lat="50.997096" lon="13.683117">
        <ele>313.544888</ele>
        <time>2021-01-01T10:18:17.274Z</time>
      </trkpt>
      <trkpt lat="50.997113" lon="13.682976">
        <ele>314.031481</ele>
        <time>2021-01-01T10:18:26.277Z</time>
      </trkpt>
      <trkpt lat="50.997197" lon="13.682790">
        <ele>315.239125</ele>
        <time>2021-01-01T10:20:11.277Z</time>
      </trkpt>
      <trkpt lat="50.997280" lon="13.682848">
        <ele>316.134484</ele>
        <time>2021-01-01T10:20:29.272Z</time>
      </trkpt>
      <trkpt lat="50.997372" lon="13.682837">
        <ele>317.045524</ele>
        <time>2021-01-01T10:20:39.274Z</time>
      </trkpt>
      <trkpt lat="50.997504" lon="13.682891">
        <ele>318.391490</ele>
        <time>2021-01-01T10:20:55.276Z</time>
      </trkpt>
      <trkpt lat="50.997593" lon="13.682954">
        <ele>319.353604</ele>
        <time>2021-01-01T10:21:06.270Z</time>
      </trkpt>
      <trkpt lat="50.997681" lon="13.683022">
        <ele>320.319886</ele>
        <time>2021-01-01T10:21:15.279Z</time>
      </trkpt>
      <trkpt lat="50.997763" lon="13.683079">
        <ele>321.203705</ele>
        <time>2021-01-01T10:21:24.271Z</time>
      </trkpt>
      <trkpt lat="50.997858" lon="13.683045">
        <ele>322.165302</ele>
        <time>2021-01-01T10:21:30.273Z</time>
      </trkpt>
      <trkpt lat="50.997891" lon="13.682910">
        <ele>323.065338</ele>
        <time>2021-01-01T10:21:40.307Z</time>
      </trkpt>
      <trkpt lat="50.997899" lon="13.682763">
        <ele>323.982297</ele>
        <time>2021-01-01T10:21:49.276Z</time>
      </trkpt>
      <trkpt lat="50.997918" lon="13.682620">
        <ele>324.890577</ele>
        <time>2021-01-01T10:22:01.271Z</time>
      </trkpt>
      <trkpt lat="50.997939" lon="13.682471">
        <ele>325.839490</ele>
        <time>2021-01-01T10:22:10.272Z</time>
      </trkpt>
      <trkpt lat="50.997948" lon="13.682328">
        <ele>326.732613</ele>
        <time>2021-01-01T10:22:19.272Z</time>
      </trkpt>
      <trkpt lat="50.997962" lon="13.682186">
        <ele>327.625851</ele>
        <time>2021-01-01T10:22:29.273Z</time>
      </trkpt>
      <trkpt lat="50.997952" lon="13.682037">
        <ele>328.557079</ele>
        <time>2021-01-01T10:22:38.276Z</time>
      </trkpt>
      <trkpt lat="50.997906" lon="13.681907">
        <ele>329.483919</ele>
        <time>2021-01-01T10:22:48.270Z</time>
      </trkpt>
      <trkpt lat="50.997866" lon="13.681772">
        <ele>330.411223</ele>
        <time>2021-01-01T10:22:58.273Z</time>
      </trkpt>
      <trkpt lat="50.997853" lon="13.681626">
        <ele>331.327595</ele>
        <time>2021-01-01T10:23:09.278Z</time>
      </trkpt>
      <trkpt lat="50.997831" lon="13.681478">
        <ele>332.205494</ele>
        <time>2021-01-01T10:23:19.274Z</time>
      </trkpt>
      <trkpt lat="50.997799" lon="13.681324">
        <ele>332.908543</ele>
        <time>2021-01-01T10:23:29.276Z</time>
      </trkpt>
      <trkpt lat="50.997764" lon="13.681179">
        <ele>333.581776</ele>
        <time>2021-01-01T10:23:37.275Z</time>
      </trkpt>
      <trkpt lat="50.997758" lon="13.681033">
        <ele>334.216046</ele>
        <time>2021-01-01T10:23:45.279Z</time>
      </trkpt>
      <trkpt lat="50.997730" lon="13.680894">
        <ele>334.848736</ele>
        <time>2021-01-01T10:23:55.274Z</time>
      </trkpt>
      <trkpt lat="50.997722" lon="13.680736">
        <ele>335.535893</ele>
        <time>2021-01-01T10:24:04.269Z</time>
      </trkpt>
      <trkpt lat="50.997686" lon="13.680599">
        <ele>336.179490</ele>
        <time>2021-01-01T10:24:13.276Z</time>
      </trkpt>
      <trkpt lat="50.997630" lon="13.680475">
        <ele>336.841120</ele>
        <time>2021-01-01T10:24:21.274Z</time>
      </trkpt>
      <trkpt lat="50.997573" lon="13.680348">
        <ele>337.517337</ele>
        <time>2021-01-01T10:24:30.275Z</time>
      </trkpt>
      <trkpt lat="50.997545" lon="13.680201">
        <ele>338.183144</ele>
        <time>2021-01-01T10:24:39.272Z</time>
      </trkpt>
      <trkpt lat="50.997526" lon="13.680056">
        <ele>338.825213</ele>
        <time>2021-01-01T10:24:48.272Z</time>
      </trkpt>
      <trkpt lat="50.997517" lon="13.679903">
        <ele>339.491375</ele>
        <time>2021-01-01T10:24:57.275Z</time>
      </trkpt>
      <trkpt lat="50.997504" lon="13.679761">
        <ele>340.113439</ele>
        <time>2021-01-01T10:25:05.272Z</time>
      </trkpt>
      <trkpt lat="50.997471" lon="13.679610">
        <ele>340.806384</ele>
        <time>2021-01-01T10:25:13.270Z</time>
      </trkpt>
      <trkpt lat="50.997425" lon="13.679487">
        <ele>341.426642</ele>
        <time>2021-01-01T10:25:20.273Z</time>
      </trkpt>
      <trkpt lat="50.997394" lon="13.679341">
        <ele>342.094618</ele>
        <time>2021-01-01T10:25:29.275Z</time>
      </trkpt>
      <trkpt lat="50.997390" lon="13.679189">
        <ele>342.754132</ele>
        <time>2021-01-01T10:25:37.272Z</time>
      </trkpt>
      <trkpt lat="50.997349" lon="13.679050">
        <ele>343.419611</ele>
        <time>2021-01-01T10:25:44.271Z</time>
      </trkpt>
      <trkpt lat="50.997295" lon="13.678922">
        <ele>344.087641</ele>
        <time>2021-01-01T10:25:51.275Z</time>
      </trkpt>
      <trkpt lat="50.997246" lon="13.678799">
        <ele>344.499017</ele>
        <time>2021-01-01T10:26:03.276Z</time>
      </trkpt>
      <trkpt lat="50.997210" lon="13.678666">
        <ele>344.632027</ele>
        <time>2021-01-01T10:26:11.275Z</time>
      </trkpt>
      <trkpt lat="50.997184" lon="13.678524">
        <ele>344.767892</ele>
        <time>2021-01-01T10:26:18.274Z</time>
      </trkpt>
      <trkpt lat="50.997161" lon="13.678383">
        <ele>344.901709</ele>
        <time>2021-01-01T10:26:26.272Z</time>
      </trkpt>
      <trkpt lat="50.997122" lon="13.678240">
        <ele>345.044889</ele>
        <time>2021-01-01T10:26:34.276Z</time>
      </trkpt>
      <trkpt lat="50.997069" lon="13.678105">
        <ele>345.191067</ele>
        <time>2021-01-01T10:26:43.275Z</time>
      </trkpt>
      <trkpt lat="50.997011" lon="13.677985">
        <ele>345.330071</ele>
        <time>2021-01-01T10:26:51.273Z</time>
      </trkpt>
      <trkpt lat="50.996932" lon="13.677889">
        <ele>345.475252</ele>
        <time>2021-01-01T10:27:00.274Z</time>
      </trkpt>
      <trkpt lat="50.996873" lon="13.677765">
        <ele>345.618064</ele>
        <time>2021-01-01T10:27:08.272Z</time>
      </trkpt>
      <trkpt lat="50.996787" lon="13.677671">
        <ele>345.770438</ele>
        <time>2021-01-01T10:27:16.270Z</time>
      </trkpt>
      <trkpt lat="50.996698" lon="13.677587">
        <ele>345.921548</ele>
        <time>2021-01-01T10:27:25.277Z</time>
      </trkpt>
      <trkpt lat="50.996458" lon="13.677402">
        <ele>346.310939</ele>
        <time>2021-01-01T10:28:17.271Z</time>
      </trkpt>
      <trkpt lat="50.996369" lon="13.677353">
        <ele>346.448435</ele>
        <time>2021-01-01T10:28:25.274Z</time>
      </trkpt>
      <trkpt lat="50.996273" lon="13.677308">
        <ele>346.594542</ele>
        <time>2021-01-01T10:28:35.276Z</time>
      </trkpt>
      <trkpt lat="50.996171" lon="13.677295">
        <ele>346.743915</ele>
        <time>2021-01-01T10:28:42.274Z</time>
      </trkpt>
      <trkpt lat="50.996076" lon="13.677302">
        <ele>346.882740</ele>
        <time>2021-01-01T10:28:49.270Z</time>
      </trkpt>
      <trkpt lat="50.995983" lon="13.677310">
        <ele>347.018696</ele>
        <time>2021-01-01T10:28:55.275Z</time>
      </trkpt>
      <trkpt lat="50.995892" lon="13.677325">
        <ele>347.267180</ele>
        <time>2021-01-01T10:29:02.270Z</time>
      </trkpt>
      <trkpt lat="50.995795" lon="13.677332">
        <ele>347.596745</ele>
        <time>2021-01-01T10:29:10.272Z</time>
      </trkpt>
      <trkpt lat="50.995699" lon="13.677383">
        <ele>347.940307</ele>
        <time>2021-01-01T10:29:18.272Z</time>
      </trkpt>
      <trkpt lat="50.995611" lon="13.677430">
        <ele>348.255409</ele>
        <time>2021-01-01T10:29:25.270Z</time>
      </trkpt>
      <trkpt lat="50.995511" lon="13.677461">
        <ele>348.601216</ele>
        <time>2021-01-01T10:29:33.275Z</time>
      </trkpt>
      <trkpt lat="50.995413" lon="13.677495">
        <ele>348.941673</ele>
        <time>2021-01-01T10:29:42.275Z</time>
      </trkpt>
      <trkpt lat="50.995325" lon="13.677535">
        <ele>349.252333</ele>
        <time>2021-01-01T10:29:52.275Z</time>
      </trkpt>
      <trkpt lat="50.995230" lon="13.677583">
        <ele>349.590682</ele>
        <time>2021-01-01T10:30:01.270Z</time>
      </trkpt>
      <trkpt lat="50.995137" lon="13.677649">
        <ele>349.936387</ele>
        <time>2021-01-01T10:30:09.275Z</time>
      </trkpt>
      <trkpt lat="50.995046" lon="13.677708">
        <ele>350.269973</ele>
        <time>2021-01-01T10:30:17.272Z</time>
      </trkpt>
      <trkpt lat="50.994961" lon="13.677783">
        <ele>350.599971</ele>
        <time>2021-01-01T10:30:27.282Z</time>
      </trkpt>
      <trkpt lat="50.994883" lon="13.677864">
        <ele>350.916240</ele>
        <time>2021-01-01T10:30:34.277Z</time>
      </trkpt>
      <trkpt lat="50.994799" lon="13.677951">
        <ele>351.256569</ele>
        <time>2021-01-01T10:30:42.273Z</time>
      </trkpt>
      <trkpt lat="50.994723" lon="13.678060">
        <ele>351.604067</ele>
        <time>2021-01-01T10:30:49.273Z</time>
      </trkpt>
      <trkpt lat="50.994674" lon="13.678185">
        <ele>351.918649</ele>
        <time>2021-01-01T10:30:59.273Z</time>
      </trkpt>
      <trkpt lat="50.994625" lon="13.678314">
        <ele>352.240516</ele>
        <time>2021-01-01T10:31:07.271Z</time>
      </trkpt>
      <trkpt lat="50.994584" lon="13.678444">
        <ele>352.551138</ele>
        <time>2021-01-01T10:31:13.277Z</time>
      </trkpt>
      <trkpt lat="50.994522" lon="13.678572">
        <ele>352.896172</ele>
        <time>2021-01-01T10:31:20.273Z</time>
      </trkpt>
      <trkpt lat="50.994489" lon="13.678705">
        <ele>353.185825</ele>
        <time>2021-01-01T10:31:27.271Z</time>
      </trkpt>
      <trkpt lat="50.994457" lon="13.678848">
        <ele>353.347100</ele>
        <time>2021-01-01T10:31:37.271Z</time>
      </trkpt>
      <trkpt lat="50.994432" lon="13.679002">
        <ele>353.516101</ele>
        <time>2021-01-01T10:31:45.276Z</time>
      </trkpt>
      <trkpt lat="50.994426" lon="13.679145">
        <ele>353.668395</ele>
        <time>2021-01-01T10:31:53.271Z</time>
      </trkpt>
      <trkpt lat="50.994386" lon="13.679280">
        <ele>353.826952</ele>
        <time>2021-01-01T10:32:01.271Z</time>
      </trkpt>
      <trkpt lat="50.994357" lon="13.679432">
        <ele>353.995730</ele>
        <time>2021-01-01T10:32:09.269Z</time>
      </trkpt>
      <trkpt lat="50.994337" lon="13.679589">
        <ele>354.165947</ele>
        <time>2021-01-01T10:32:19.272Z</time>
      </trkpt>
      <trkpt lat="50.994320" lon="13.679734">
        <ele>354.322679</ele>
        <time>2021-01-01T10:32:28.272Z</time>
      </trkpt>
      <trkpt lat="50.994299" lon="13.679876">
        <ele>354.477683</ele>
        <time>2021-01-01T10:32:36.273Z</time>
      </trkpt>
      <trkpt lat="50.994286" lon="13.680032">
        <ele>354.644901</ele>
        <time>2021-01-01T10:32:44.274Z</time>
      </trkpt>
      <trkpt lat="50.994269" lon="13.680175">
        <ele>354.799545</ele>
        <time>2021-01-01T10:32:51.276Z</time>
      </trkpt>
      <trkpt lat="50.994238" lon="13.680312">
        <ele>354.954249</ele>
        <time>2021-01-01T10:33:00.272Z</time>
      </trkpt>
      <trkpt lat="50.994215" lon="13.680455">
        <ele>355.111089</ele>
        <time>2021-01-01T10:33:08.277Z</time>
      </trkpt>
      <trkpt lat="50.994200" lon="13.680598">
        <ele>355.265142</ele>
        <time>2021-01-01T10:33:15.273Z</time>
      </trkpt>
      <trkpt lat="50.994183" lon="13.680750">
        <ele>355.429194</ele>
        <time>2021-01-01T10:33:22.285Z</time>
      </trkpt>
      <trkpt lat="50.994158" lon="13.680902">
        <ele>355.596139</ele>
        <time>2021-01-01T10:33:31.280Z</time>
      </trkpt>
      <trkpt lat="50.994147" lon="13.681049">
        <ele>355.753447</ele>
        <time>2021-01-01T10:33:39.274Z</time>
      </trkpt>
      <trkpt lat="50.994145" lon="13.681195">
        <ele>355.908629</ele>
        <time>2021-01-01T10:33:47.276Z</time>
      </trkpt>
      <trkpt lat="50.994103" lon="13.681333">
        <ele>356.071518</ele>
        <time>2021-01-01T10:33:55.275Z</time>
      </trkpt>
      <trkpt lat="50.994079" lon="13.681477">
        <ele>356.226516</ele>
        <time>2021-01-01T10:34:03.274Z</time>
      </trkpt>
      <trkpt lat="50.994072" lon="13.681632">
        <ele>356.367828</ele>
        <time>2021-01-01T10:34:11.270Z</time>
      </trkpt>
      <trkpt lat="50.994051" lon="13.681782">
        <ele>356.507564</ele>
        <time>2021-01-01T10:34:19.270Z</time>
      </trkpt>
      <trkpt lat="50.994025" lon="13.681931">
        <ele>356.648167</ele>
        <time>2021-01-01T10:34:27.277Z</time>
      </trkpt>
      <trkpt lat="50.994000" lon="13.682077">
        <ele>356.785758</ele>
        <time>2021-01-01T10:34:35.272Z</time>
      </trkpt>
      <trkpt lat="50.993972" lon="13.682225">
        <ele>356.926291</ele>
        <time>2021-01-01T10:34:43.273Z</time>
      </trkpt>
      <trkpt lat="50.993944" lon="13.682372">
        <ele>357.065952</ele>
        <time>2021-01-01T10:34:51.275Z</time>
      </trkpt>
      <trkpt lat="50.993920" lon="13.682511">
        <ele>357.197022</ele>
        <time>2021-01-01T10:34:59.275Z</time>
      </trkpt>
      <trkpt lat="50.993868" lon="13.682645">
        <ele>357.340174</ele>
        <time>2021-01-01T10:35:08.274Z</time>
      </trkpt>
      <trkpt lat="50.993813" lon="13.682774">
        <ele>357.481861</ele>
        <time>2021-01-01T10:35:17.279Z</time>
      </trkpt>
      <trkpt lat="50.993759" lon="13.682896">
        <ele>357.617489</ele>
        <time>2021-01-01T10:35:25.277Z</time>
      </trkpt>
      <trkpt lat="50.993708" lon="13.683023">
        <ele>357.754481</ele>
        <time>2021-01-01T10:35:35.309Z</time>
      </trkpt>
      <trkpt lat="50.993631" lon="13.683134">
        <ele>357.904697</ele>
        <time>2021-01-01T10:35:43.271Z</time>
      </trkpt>
      <trkpt lat="50.993553" lon="13.683233">
        <ele>358.048935</ele>
        <time>2021-01-01T10:35:50.276Z</time>
      </trkpt>
      <trkpt lat="50.993480" lon="13.683323">
        <ele>358.182434</ele>
        <time>2021-01-01T10:35:57.274Z</time>
      </trkpt>
      <trkpt lat="50.993402" lon="13.683420">
        <ele>358.325544</ele>
        <time>2021-01-01T10:36:05.280Z</time>
      </trkpt>
      <trkpt lat="50.993322" lon="13.683514">
        <ele>358.469301</ele>
        <time>2021-01-01T10:36:13.274Z</time>
      </trkpt>
      <trkpt lat="50.993246" lon="13.683593">
        <ele>358.600518</ele>
        <time>2021-01-01T10:36:20.306Z</time>
      </trkpt>
      <trkpt lat="50.993155" lon="13.683636">
        <ele>358.737685</ele>
        <time>2021-01-01T10:36:28.279Z</time>
      </trkpt>
      <trkpt lat="50.993066" lon="13.683680">
        <ele>358.792549</ele>
        <time>2021-01-01T10:36:36.286Z</time>
      </trkpt>
      <trkpt lat="50.992986" lon="13.683748">
        <ele>358.766889</ele>
        <time>2021-01-01T10:36:44.280Z</time>
      </trkpt>
      <trkpt lat="50.992900" lon="13.683818">
        <ele>358.739560</ele>
        <time>2021-01-01T10:36:53.271Z</time>
      </trkpt>
      <trkpt lat="50.992813" lon="13.683870">
        <ele>358.713271</ele>
        <time>2021-01-01T10:37:00.276Z</time>
      </trkpt>
      <trkpt lat="50.992718" lon="13.683928">
        <ele>358.684488</ele>
        <time>2021-01-01T10:37:08.275Z</time>
      </trkpt>
      <trkpt lat="50.992629" lon="13.683990">
        <ele>358.657003</ele>
        <time>2021-01-01T10:37:15.280Z</time>
      </trkpt>
      <trkpt lat="50.992536" lon="13.684037">
        <ele>358.629402</ele>
        <time>2021-01-01T10:37:22.280Z</time>
      </trkpt>
      <trkpt lat="50.992443" lon="13.684084">
        <ele>358.601801</ele>
        <time>2021-01-01T10:37:30.305Z</time>
      </trkpt>
      <trkpt lat="50.992355" lon="13.684114">
        <ele>358.576347</ele>
        <time>2021-01-01T10:37:38.276Z</time>
      </trkpt>
      <trkpt lat="50.992263" lon="13.684177">
        <ele>358.548013</ele>
        <time>2021-01-01T10:37:47.274Z</time>
      </trkpt>
      <trkpt lat="50.992185" lon="13.684251">
        <ele>358.522319</ele>
        <time>2021-01-01T10:37:55.275Z</time>
      </trkpt>
      <trkpt lat="50.992090" lon="13.684309">
        <ele>358.493536</ele>
        <time>2021-01-01T10:38:03.278Z</time>
      </trkpt>
      <trkpt lat="50.992003" lon="13.684386">
        <ele>358.465370</ele>
        <time>2021-01-01T10:38:12.278Z</time>
      </trkpt>
      <trkpt lat="50.991939" lon="13.684486">
        <ele>358.439982</ele>
        <time>2021-01-01T10:38:20.272Z</time>
      </trkpt>
      <trkpt lat="50.991876" lon="13.684591">
        <ele>358.414159</ele>
        <time>2021-01-01T10:38:27.281Z</time>
      </trkpt>
      <trkpt lat="50.991803" lon="13.684699">
        <ele>358.385948</ele>
        <time>2021-01-01T10:38:35.281Z</time>
      </trkpt>
      <trkpt lat="50.991741" lon="13.684807">
        <ele>358.359927</ele>
        <time>2021-01-01T10:38:42.277Z</time>
      </trkpt>
      <trkpt lat="50.991687" lon="13.684939">
        <ele>358.331901</ele>
        <time>2021-01-01T10:38:50.274Z</time>
      </trkpt>
      <trkpt lat="50.991641" lon="13.685062">
        <ele>358.306432</ele>
        <time>2021-01-01T10:38:59.274Z</time>
      </trkpt>
      <trkpt lat="50.991621" lon="13.685208">
        <ele>358.230310</ele>
        <time>2021-01-01T10:39:06.272Z</time>
      </trkpt>
      <trkpt lat="50.991605" lon="13.685356">
        <ele>358.126100</ele>
        <time>2021-01-01T10:39:14.275Z</time>
      </trkpt>
      <trkpt lat="50.991562" lon="13.685492">
        <ele>358.020484</ele>
        <time>2021-01-01T10:39:24.282Z</time>
      </trkpt>
      <trkpt lat="50.991553" lon="13.685642">
        <ele>357.915918</ele>
        <time>2021-01-01T10:39:34.274Z</time>
      </trkpt>
      <trkpt lat="50.991555" lon="13.685793">
        <ele>357.811106</ele>
        <time>2021-01-01T10:39:42.272Z</time>
      </trkpt>
      <trkpt lat="50.991545" lon="13.685952">
        <ele>357.700217</ele>
        <time>2021-01-01T10:39:50.278Z</time>
      </trkpt>
      <trkpt lat="50.991553" lon="13.686102">
        <ele>357.595750</ele>
        <time>2021-01-01T10:39:57.282Z</time>
      </trkpt>
      <trkpt lat="50.991546" lon="13.686248">
        <ele>357.494138</ele>
        <time>2021-01-01T10:40:04.277Z</time>
      </trkpt>
      <trkpt lat="50.991544" lon="13.686401">
        <ele>357.387939</ele>
        <time>2021-01-01T10:40:12.274Z</time>
      </trkpt>
      <trkpt lat="50.991552" lon="13.686557">
        <ele>357.279322</ele>
        <time>2021-01-01T10:40:20.271Z</time>
      </trkpt>
      <trkpt lat="50.991554" lon="13.686716">
        <ele>357.168961</ele>
        <time>2021-01-01T10:40:29.274Z</time>
      </trkpt>
      <trkpt lat="50.991545" lon="13.686869">
        <ele>357.062322</ele>
        <time>2021-01-01T10:40:38.274Z</time>
      </trkpt>
      <trkpt lat="50.991532" lon="13.687016">
        <ele>356.959308</ele>
        <time>2021-01-01T10:40:46.280Z</time>
      </trkpt>
      <trkpt lat="50.991543" lon="13.687174">
        <ele>356.848993</ele>
        <time>2021-01-01T10:40:55.275Z</time>
      </trkpt>
      <trkpt lat="50.991547" lon="13.687318">
        <ele>356.748965</ele>
        <time>2021-01-01T10:41:03.276Z</time>
      </trkpt>
      <trkpt lat="50.991544" lon="13.687474">
        <ele>356.640657</ele>
        <time>2021-01-01T10:41:11.307Z</time>
      </trkpt>
      <trkpt lat="50.991549" lon="13.687623">
        <ele>356.537110</ele>
        <time>2021-01-01T10:41:19.276Z</time>
      </trkpt>
      <trkpt lat="50.991547" lon="13.687785">
        <ele>356.424666</ele>
        <time>2021-01-01T10:41:28.271Z</time>
      </trkpt>
      <trkpt lat="50.991546" lon="13.687937">
        <ele>356.319178</ele>
        <time>2021-01-01T10:41:37.278Z</time>
      </trkpt>
      <trkpt lat="50.991536" lon="13.688081">
        <ele>356.282981</ele>
        <time>2021-01-01T10:41:46.277Z</time>
      </trkpt>
      <trkpt lat="50.991527" lon="13.688247">
        <ele>356.245460</ele>
        <time>2021-01-01T10:42:47.274Z</time>
      </trkpt>
      <trkpt lat="50.991525" lon="13.688474">
        <ele>356.194336</ele>
        <time>2021-01-01T10:43:24.277Z</time>
      </trkpt>
      <trkpt lat="50.991531" lon="13.688632">
        <ele>356.158691</ele>
        <time>2021-01-01T10:43:32.275Z</time>
      </trkpt>
      <trkpt lat="50.991533" lon="13.688780">
        <ele>356.125355</ele>
        <time>2021-01-01T10:43:40.272Z</time>
      </trkpt>
      <trkpt lat="50.991538" lon="13.688927">
        <ele>356.092203</ele>
        <time>2021-01-01T10:43:48.271Z</time>
      </trkpt>
      <trkpt lat="50.991538" lon="13.689089">
        <ele>356.055721</ele>
        <time>2021-01-01T10:43:57.277Z</time>
      </trkpt>
      <trkpt lat="50.991551" lon="13.689231">
        <ele>356.023407</ele>
        <time>2021-01-01T10:44:05.278Z</time>
      </trkpt>
      <trkpt lat="50.991580" lon="13.689433">
        <ele>355.976750</ele>
        <time>2021-01-01T10:44:29.276Z</time>
      </trkpt>
      <trkpt lat="50.991633" lon="13.689567">
        <ele>355.941111</ele>
        <time>2021-01-01T10:44:37.271Z</time>
      </trkpt>
      <trkpt lat="50.991654" lon="13.689722">
        <ele>355.905407</ele>
        <time>2021-01-01T10:44:46.288Z</time>
      </trkpt>
      <trkpt lat="50.991672" lon="13.689867">
        <ele>355.872125</ele>
        <time>2021-01-01T10:44:53.284Z</time>
      </trkpt>
      <trkpt lat="50.991700" lon="13.690018">
        <ele>355.836675</ele>
        <time>2021-01-01T10:45:02.272Z</time>
      </trkpt>
      <trkpt lat="50.991748" lon="13.690156">
        <ele>355.801170</ele>
        <time>2021-01-01T10:45:10.305Z</time>
      </trkpt>
      <trkpt lat="50.991778" lon="13.690297">
        <ele>355.767652</ele>
        <time>2021-01-01T10:45:17.307Z</time>
      </trkpt>
      <trkpt lat="50.991823" lon="13.690436">
        <ele>355.732453</ele>
        <time>2021-01-01T10:45:26.270Z</time>
      </trkpt>
      <trkpt lat="50.991865" lon="13.690567">
        <ele>355.699346</ele>
        <time>2021-01-01T10:45:36.272Z</time>
      </trkpt>
      <trkpt lat="50.991886" lon="13.690741">
        <ele>355.651137</ele>
        <time>2021-01-01T10:46:43.274Z</time>
      </trkpt>
      <trkpt lat="50.991995" lon="13.690926">
        <ele>355.550708</ele>
        <time>2021-01-01T10:48:14.281Z</time>
      </trkpt>
      <trkpt lat="50.992063" lon="13.691081">
        <ele>355.475830</ele>
        <time>2021-01-01T10:48:46.306Z</time>
      </trkpt>
      <trkpt lat="50.992109" lon="13.691216">
        <ele>355.414990</ele>
        <time>2021-01-01T10:48:55.277Z</time>
      </trkpt>
      <trkpt lat="50.992129" lon="13.691363">
        <ele>355.355386</ele>
        <time>2021-01-01T10:49:03.273Z</time>
      </trkpt>
      <trkpt lat="50.992141" lon="13.691515">
        <ele>355.294673</ele>
        <time>2021-01-01T10:49:11.276Z</time>
      </trkpt>
      <trkpt lat="50.992149" lon="13.691671">
        <ele>355.232643</ele>
        <time>2021-01-01T10:49:20.270Z</time>
      </trkpt>
      <trkpt lat="50.992154" lon="13.691814">
        <ele>355.175882</ele>
        <time>2021-01-01T10:49:28.274Z</time>
      </trkpt>
      <trkpt lat="50.992183" lon="13.691958">
        <ele>355.115962</ele>
        <time>2021-01-01T10:49:36.276Z</time>
      </trkpt>
      <trkpt lat="50.992209" lon="13.692104">
        <ele>355.055829</ele>
        <time>2021-01-01T10:49:44.272Z</time>
      </trkpt>
      <trkpt lat="50.992248" lon="13.692236">
        <ele>354.998038</ele>
        <time>2021-01-01T10:49:53.316Z</time>
      </trkpt>
      <trkpt lat="50.992240" lon="13.692389">
        <ele>354.937193</ele>
        <time>2021-01-01T10:50:03.273Z</time>
      </trkpt>
      <trkpt lat="50.992256" lon="13.692548">
        <ele>354.873378</ele>
        <time>2021-01-01T10:50:13.278Z</time>
      </trkpt>
      <trkpt lat="50.992268" lon="13.692692">
        <ele>354.815811</ele>
        <time>2021-01-01T10:50:21.271Z</time>
      </trkpt>
      <trkpt lat="50.992284" lon="13.692833">
        <ele>354.759029</ele>
        <time>2021-01-01T10:50:29.271Z</time>
      </trkpt>
      <trkpt lat="50.992301" lon="13.692978">
        <ele>354.700575</ele>
        <time>2021-01-01T10:50:38.271Z</time>
      </trkpt>
      <trkpt lat="50.992338" lon="13.693123">
        <ele>354.638566</ele>
        <time>2021-01-01T10:50:46.272Z</time>
      </trkpt>
      <trkpt lat="50.992372" lon="13.693256">
        <ele>354.581675</ele>
        <time>2021-01-01T10:50:53.273Z</time>
      </trkpt>
      <trkpt lat="50.992422" lon="13.693390">
        <ele>354.444773</ele>
        <time>2021-01-01T10:51:01.272Z</time>
      </trkpt>
      <trkpt lat="50.992485" lon="13.693508">
        <ele>354.126447</ele>
        <time>2021-01-01T10:51:09.274Z</time>
      </trkpt>
      <trkpt lat="50.992558" lon="13.693602">
        <ele>353.819321</ele>
        <time>2021-01-01T10:51:16.287Z</time>
      </trkpt>
      <trkpt lat="50.992627" lon="13.693712">
        <ele>353.499834</ele>
        <time>2021-01-01T10:51:25.271Z</time>
      </trkpt>
      <trkpt lat="50.992704" lon="13.693811">
        <ele>353.176075</ele>
        <time>2021-01-01T10:51:35.278Z</time>
      </trkpt>
      <trkpt lat="50.992794" lon="13.693888">
        <ele>352.841972</ele>
        <time>2021-01-01T10:51:44.275Z</time>
      </trkpt>
      <trkpt lat="50.992886" lon="13.693957">
        <ele>352.509450</ele>
        <time>2021-01-01T10:51:53.268Z</time>
      </trkpt>
      <trkpt lat="50.992982" lon="13.694023">
        <ele>352.167559</ele>
        <time>2021-01-01T10:52:00.272Z</time>
      </trkpt>
      <trkpt lat="50.993070" lon="13.694070">
        <ele>351.864115</ele>
        <time>2021-01-01T10:52:06.276Z</time>
      </trkpt>
      <trkpt lat="50.993156" lon="13.694125">
        <ele>351.561108</ele>
        <time>2021-01-01T10:52:13.272Z</time>
      </trkpt>
      <trkpt lat="50.993246" lon="13.694179">
        <ele>351.246667</ele>
        <time>2021-01-01T10:52:21.276Z</time>
      </trkpt>
      <trkpt lat="50.993346" lon="13.694181">
        <ele>350.919793</ele>
        <time>2021-01-01T10:52:32.276Z</time>
      </trkpt>
      <trkpt lat="50.993452" lon="13.694162">
        <ele>350.571136</ele>
        <time>2021-01-01T10:52:39.304Z</time>
      </trkpt>
      <trkpt lat="50.993564" lon="13.694157">
        <ele>350.204921</ele>
        <time>2021-01-01T10:52:47.276Z</time>
      </trkpt>
      <trkpt lat="50.993661" lon="13.694115">
        <ele>349.876316</ele>
        <time>2021-01-01T10:52:56.277Z</time>
      </trkpt>
      <trkpt lat="50.993759" lon="13.694065">
        <ele>349.539894</ele>
        <time>2021-01-01T10:52:59.275Z</time>
      </trkpt>
      <trkpt lat="50.993852" lon="13.694051">
        <ele>349.234564</ele>
        <time>2021-01-01T10:53:09.277Z</time>
      </trkpt>
      <trkpt lat="50.993950" lon="13.694051">
        <ele>348.914253</ele>
        <time>2021-01-01T10:53:15.275Z</time>
      </trkpt>
      <trkpt lat="50.994053" lon="13.694032">
        <ele>348.668687</ele>
        <time>2021-01-01T10:53:21.273Z</time>
      </trkpt>
      <trkpt lat="50.994143" lon="13.694064">
        <ele>348.703429</ele>
        <time>2021-01-01T10:53:33.274Z</time>
      </trkpt>
      <trkpt lat="50.994243" lon="13.694041">
        <ele>348.741492</ele>
        <time>2021-01-01T10:53:43.277Z</time>
      </trkpt>
      <trkpt lat="50.994338" lon="13.694000">
        <ele>348.778575</ele>
        <time>2021-01-01T10:53:49.269Z</time>
      </trkpt>
      <trkpt lat="50.994438" lon="13.693971">
        <ele>348.816868</ele>
        <time>2021-01-01T10:53:55.281Z</time>
      </trkpt>
      <trkpt lat="50.994541" lon="13.693965">
        <ele>348.855694</ele>
        <time>2021-01-01T10:53:58.279Z</time>
      </trkpt>
      <trkpt lat="50.994636" lon="13.693963">
        <ele>348.891484</ele>
        <time>2021-01-01T10:54:16.270Z</time>
      </trkpt>
      <trkpt lat="50.994738" lon="13.693938">
        <ele>348.930362</ele>
        <time>2021-01-01T10:54:30.277Z</time>
      </trkpt>
      <trkpt lat="50.994834" lon="13.693937">
        <ele>348.966526</ele>
        <time>2021-01-01T10:54:38.283Z</time>
      </trkpt>
      <trkpt lat="50.994935" lon="13.693964">
        <ele>349.005108</ele>
        <time>2021-01-01T10:54:46.274Z</time>
      </trkpt>
      <trkpt lat="50.995024" lon="13.693990">
        <ele>349.039196</ele>
        <time>2021-01-01T10:54:52.268Z</time>
      </trkpt>
      <trkpt lat="50.995119" lon="13.694001">
        <ele>349.075078</ele>
        <time>2021-01-01T10:54:59.300Z</time>
      </trkpt>
      <trkpt lat="50.995215" lon="13.694023">
        <ele>349.111615</ele>
        <time>2021-01-01T10:55:09.270Z</time>
      </trkpt>
      <trkpt lat="50.995306" lon="13.694070">
        <ele>349.147661</ele>
        <time>2021-01-01T10:55:18.276Z</time>
      </trkpt>
      <trkpt lat="50.995397" lon="13.694135">
        <ele>349.185246</ele>
        <time>2021-01-01T10:55:26.274Z</time>
      </trkpt>
      <trkpt lat="50.995478" lon="13.694216">
        <ele>349.221299</ele>
        <time>2021-01-01T10:55:35.277Z</time>
      </trkpt>
      <trkpt lat="50.995564" lon="13.694288">
        <ele>349.257917</ele>
        <time>2021-01-01T10:55:43.277Z</time>
      </trkpt>
      <trkpt lat="50.995627" lon="13.694390">
        <ele>349.291800</ele>
        <time>2021-01-01T10:55:50.270Z</time>
      </trkpt>
      <trkpt lat="50.995702" lon="13.694484">
        <ele>349.327785</ele>
        <time>2021-01-01T10:55:58.285Z</time>
      </trkpt>
      <trkpt lat="50.995762" lon="13.694598">
        <ele>349.280263</ele>
        <time>2021-01-01T10:56:07.277Z</time>
      </trkpt>
      <trkpt lat="50.995829" lon="13.694715">
        <ele>349.200321</ele>
        <time>2021-01-01T10:56:16.277Z</time>
      </trkpt>
      <trkpt lat="50.995891" lon="13.694827">
        <ele>349.124940</ele>
        <time>2021-01-01T10:56:23.273Z</time>
      </trkpt>
      <trkpt lat="50.995952" lon="13.694953">
        <ele>349.044602</ele>
        <time>2021-01-01T10:56:32.274Z</time>
      </trkpt>
      <trkpt lat="50.996024" lon="13.695046">
        <ele>348.970094</ele>
        <time>2021-01-01T10:56:39.272Z</time>
      </trkpt>
      <trkpt lat="50.996104" lon="13.695134">
        <ele>348.891962</ele>
        <time>2021-01-01T10:56:46.277Z</time>
      </trkpt>
      <trkpt lat="50.996180" lon="13.695217">
        <ele>348.817910</ele>
        <time>2021-01-01T10:56:52.277Z</time>
      </trkpt>
      <trkpt lat="50.996262" lon="13.695291">
        <ele>348.742186</ele>
        <time>2021-01-01T10:56:57.305Z</time>
      </trkpt>
      <trkpt lat="50.996333" lon="13.695394">
        <ele>348.664985</ele>
        <time>2021-01-01T10:57:06.281Z</time>
      </trkpt>
      <trkpt lat="50.996374" lon="13.695533">
        <ele>348.587406</ele>
        <time>2021-01-01T10:57:15.277Z</time>
      </trkpt>
      <trkpt lat="50.996411" lon="13.695668">
        <ele>348.512992</ele>
        <time>2021-01-01T10:57:22.274Z</time>
      </trkpt>
      <trkpt lat="50.996446" lon="13.695803">
        <ele>348.439205</ele>
        <time>2021-01-01T10:57:35.276Z</time>
      </trkpt>
      <trkpt lat="50.996508" lon="13.695935">
        <ele>348.355967</ele>
        <time>2021-01-01T10:57:44.270Z</time>
      </trkpt>
      <trkpt lat="50.996572" lon="13.696040">
        <ele>348.282096</ele>
        <time>2021-01-01T10:57:53.271Z</time>
      </trkpt>
      <trkpt lat="50.996641" lon="13.696133">
        <ele>348.209441</ele>
        <time>2021-01-01T10:58:03.276Z</time>
      </trkpt>
      <trkpt lat="50.996709" lon="13.696253">
        <ele>348.127837</ele>
        <time>2021-01-01T10:58:11.276Z</time>
      </trkpt>
      <trkpt lat="50.996769" lon="13.696359">
        <ele>348.055789</ele>
        <time>2021-01-01T10:58:18.269Z</time>
      </trkpt>
      <trkpt lat="50.996822" lon="13.696482">
        <ele>347.980456</ele>
        <time>2021-01-01T10:58:26.304Z</time>
      </trkpt>
      <trkpt lat="50.996872" lon="13.696613">
        <ele>347.903029</ele>
        <time>2021-01-01T10:58:34.271Z</time>
      </trkpt>
      <trkpt lat="50.996929" lon="13.696730">
        <ele>347.761402</ele>
        <time>2021-01-01T10:58:41.272Z</time>
      </trkpt>
      <trkpt lat="50.996978" lon="13.696858">
        <ele>347.606666</ele>
        <time>2021-01-01T10:58:48.275Z</time>
      </trkpt>
      <trkpt lat="50.997042" lon="13.696959">
        <ele>347.458636</ele>
        <time>2021-01-01T10:58:54.279Z</time>
      </trkpt>
      <trkpt lat="50.997113" lon="13.697071">
        <ele>347.294451</ele>
        <time>2021-01-01T10:59:01.274Z</time>
      </trkpt>
      <trkpt lat="50.997167" lon="13.697186">
        <ele>347.146260</ele>
        <time>2021-01-01T10:59:09.272Z</time>
      </trkpt>
      <trkpt lat="50.997229" lon="13.697294">
        <ele>346.995281</ele>
        <time>2021-01-01T10:59:17.275Z</time>
      </trkpt>
      <trkpt lat="50.997272" lon="13.697429">
        <ele>346.839011</ele>
        <time>2021-01-01T10:59:24.282Z</time>
      </trkpt>
      <trkpt lat="50.997335" lon="13.697549">
        <ele>346.677612</ele>
        <time>2021-01-01T10:59:32.273Z</time>
      </trkpt>
      <trkpt lat="50.997392" lon="13.697662">
        <ele>346.528043</ele>
        <time>2021-01-01T10:59:41.282Z</time>
      </trkpt>
      <trkpt lat="50.997430" lon="13.697798">
        <ele>346.374360</ele>
        <time>2021-01-01T10:59:50.273Z</time>
      </trkpt>
      <trkpt lat="50.997474" lon="13.697934">
        <ele>346.216424</ele>
        <time>2021-01-01T10:59:58.276Z</time>
      </trkpt>
      <trkpt lat="50.997490" lon="13.698086">
        <ele>346.057255</ele>
        <time>2021-01-01T11:00:06.274Z</time>
      </trkpt>
      <trkpt lat="50.997507" lon="13.698243">
        <ele>345.892721</ele>
        <time>2021-01-01T11:00:14.276Z</time>
      </trkpt>
      <trkpt lat="50.997540" lon="13.698396">
        <ele>345.725678</ele>
        <time>2021-01-01T11:00:22.277Z</time>
      </trkpt>
      <trkpt lat="50.997571" lon="13.698540">
        <ele>345.568493</ele>
        <time>2021-01-01T11:00:31.274Z</time>
      </trkpt>
      <trkpt lat="50.997589" lon="13.698681">
        <ele>345.419901</ele>
        <time>2021-01-01T11:00:39.279Z</time>
      </trkpt>
      <trkpt lat="50.997586" lon="13.698839">
        <ele>345.256642</ele>
        <time>2021-01-01T11:00:48.275Z</time>
      </trkpt>
      <trkpt lat="50.997591" lon="13.698996">
        <ele>345.094283</ele>
        <time>2021-01-01T11:00:57.271Z</time>
      </trkpt>
      <trkpt lat="50.997604" lon="13.699152">
        <ele>344.956836</ele>
        <time>2021-01-01T11:01:06.274Z</time>
      </trkpt>
      <trkpt lat="50.997605" lon="13.699296">
        <ele>345.229394</ele>
        <time>2021-01-01T11:01:13.271Z</time>
      </trkpt>
      <trkpt lat="50.997583" lon="13.699452">
        <ele>345.531969</ele>
        <time>2021-01-01T11:01:20.275Z</time>
      </trkpt>
      <trkpt lat="50.997558" lon="13.699589">
        <ele>345.801941</ele>
        <time>2021-01-01T11:01:28.273Z</time>
      </trkpt>
      <trkpt lat="50.997548" lon="13.699736">
        <ele>346.081782</ele>
        <time>2021-01-01T11:01:37.275Z</time>
      </trkpt>
      <trkpt lat="50.997528" lon="13.699894">
        <ele>346.386809</ele>
        <time>2021-01-01T11:01:46.270Z</time>
      </trkpt>
      <trkpt lat="50.997494" lon="13.700036">
        <ele>346.674359</ele>
        <time>2021-01-01T11:01:54.273Z</time>
      </trkpt>
      <trkpt lat="50.997470" lon="13.700184">
        <ele>346.963620</ele>
        <time>2021-01-01T11:02:07.274Z</time>
      </trkpt>
      <trkpt lat="50.997417" lon="13.700325">
        <ele>347.274459</ele>
        <time>2021-01-01T11:02:14.275Z</time>
      </trkpt>
      <trkpt lat="50.997372" lon="13.700455">
        <ele>347.555265</ele>
        <time>2021-01-01T11:02:22.282Z</time>
      </trkpt>
      <trkpt lat="50.997324" lon="13.700585">
        <ele>347.840528</ele>
        <time>2021-01-01T11:02:31.274Z</time>
      </trkpt>
      <trkpt lat="50.997276" lon="13.700708">
        <ele>348.114447</ele>
        <time>2021-01-01T11:02:39.276Z</time>
      </trkpt>
      <trkpt lat="50.997222" lon="13.700826">
        <ele>348.390581</ele>
        <time>2021-01-01T11:02:46.308Z</time>
      </trkpt>
      <trkpt lat="50.997168" lon="13.700958">
        <ele>348.688554</ele>
        <time>2021-01-01T11:02:55.280Z</time>
      </trkpt>
      <trkpt lat="50.997098" lon="13.701052">
        <ele>348.964175</ele>
        <time>2021-01-01T11:03:03.275Z</time>
      </trkpt>
      <trkpt lat="50.997044" lon="13.701176">
        <ele>349.249572</ele>
        <time>2021-01-01T11:03:11.273Z</time>
      </trkpt>
      <trkpt lat="50.996973" lon="13.701279">
        <ele>349.538697</ele>
        <time>2021-01-01T11:03:20.274Z</time>
      </trkpt>
      <trkpt lat="50.996906" lon="13.701395">
        <ele>349.836691</ele>
        <time>2021-01-01T11:03:30.272Z</time>
      </trkpt>
      <trkpt lat="50.996835" lon="13.701490">
        <ele>350.115831</ele>
        <time>2021-01-01T11:03:41.276Z</time>
      </trkpt>
      <trkpt lat="50.996774" lon="13.701598">
        <ele>350.286169</ele>
        <time>2021-01-01T11:03:49.277Z</time>
      </trkpt>
      <trkpt lat="50.996726" lon="13.701749">
        <ele>349.788281</ele>
        <time>2021-01-01T11:03:57.274Z</time>
      </trkpt>
      <trkpt lat="50.996657" lon="13.701843">
        <ele>349.363244</ele>
        <time>2021-01-01T11:04:04.275Z</time>
      </trkpt>
      <trkpt lat="50.996613" lon="13.701972">
        <ele>348.931403</ele>
        <time>2021-01-01T11:04:19.276Z</time>
      </trkpt>
      <trkpt lat="50.996552" lon="13.702093">
        <ele>348.475116</ele>
        <time>2021-01-01T11:04:26.277Z</time>
      </trkpt>
      <trkpt lat="50.996477" lon="13.702178">
        <ele>348.044306</ele>
        <time>2021-01-01T11:04:36.276Z</time>
      </trkpt>
      <trkpt lat="50.996413" lon="13.702292">
        <ele>347.594695</ele>
        <time>2021-01-01T11:04:46.274Z</time>
      </trkpt>
      <trkpt lat="50.996348" lon="13.702408">
        <ele>347.137578</ele>
        <time>2021-01-01T11:04:55.275Z</time>
      </trkpt>
      <trkpt lat="50.996375" lon="13.702572">
        <ele>346.638655</ele>
        <time>2021-01-01T11:05:06.271Z</time>
      </trkpt>
      <trkpt lat="50.996415" lon="13.702715">
        <ele>346.178083</ele>
        <time>2021-01-01T11:05:12.273Z</time>
      </trkpt>
      <trkpt lat="50.996406" lon="13.702865">
        <ele>345.734604</ele>
        <time>2021-01-01T11:05:20.276Z</time>
      </trkpt>
      <trkpt lat="50.996343" lon="13.702984">
        <ele>345.276931</ele>
        <time>2021-01-01T11:05:31.271Z</time>
      </trkpt>
      <trkpt lat="50.996372" lon="13.703129">
        <ele>344.829139</ele>
        <time>2021-01-01T11:05:41.273Z</time>
      </trkpt>
      <trkpt lat="50.996414" lon="13.703275">
        <ele>344.356674</ele>
        <time>2021-01-01T11:05:48.269Z</time>
      </trkpt>
      <trkpt lat="50.996440" lon="13.703413">
        <ele>343.932707</ele>
        <time>2021-01-01T11:05:56.271Z</time>
      </trkpt>
      <trkpt lat="50.996466" lon="13.703563">
        <ele>343.474792</ele>
        <time>2021-01-01T11:06:06.282Z</time>
      </trkpt>
      <trkpt lat="50.996541" lon="13.703665">
        <ele>343.013128</ele>
        <time>2021-01-01T11:06:13.324Z</time>
      </trkpt>
      <trkpt lat="50.996540" lon="13.703820">
        <ele>342.556911</ele>
        <time>2021-01-01T11:06:22.277Z</time>
      </trkpt>
      <trkpt lat="50.996529" lon="13.703966">
        <ele>342.124140</ele>
        <time>2021-01-01T11:06:35.278Z</time>
      </trkpt>
      <trkpt lat="50.996445" lon="13.703867">
        <ele>342.185338</ele>
        <time>2021-01-01T11:08:00.278Z</time>
      </trkpt>
      <trkpt lat="50.996401" lon="13.703721">
        <ele>342.572958</ele>
        <time>2021-01-01T11:08:09.271Z</time>
      </trkpt>
      <trkpt lat="50.996375" lon="13.703582">
        <ele>342.920191</ele>
        <time>2021-01-01T11:08:16.270Z</time>
      </trkpt>
      <trkpt lat="50.996337" lon="13.703451">
        <ele>343.265594</ele>
        <time>2021-01-01T11:08:23.276Z</time>
      </trkpt>
      <trkpt lat="50.996328" lon="13.703307">
        <ele>343.612108</ele>
        <time>2021-01-01T11:08:31.275Z</time>
      </trkpt>
      <trkpt lat="50.996355" lon="13.703166">
        <ele>343.965023</ele>
        <time>2021-01-01T11:08:38.272Z</time>
      </trkpt>
      <trkpt lat="50.996369" lon="13.703019">
        <ele>344.321032</ele>
        <time>2021-01-01T11:08:45.276Z</time>
      </trkpt>
      <trkpt lat="50.996389" lon="13.702867">
        <ele>344.692874</ele>
        <time>2021-01-01T11:08:52.281Z</time>
      </trkpt>
      <trkpt lat="50.996363" lon="13.702718">
        <ele>345.063124</ele>
        <time>2021-01-01T11:08:59.273Z</time>
      </trkpt>
      <trkpt lat="50.996282" lon="13.702650">
        <ele>345.411677</ele>
        <time>2021-01-01T11:09:10.272Z</time>
      </trkpt>
      <trkpt lat="50.996194" lon="13.702723">
        <ele>345.789376</ele>
        <time>2021-01-01T11:09:18.275Z</time>
      </trkpt>
      <trkpt lat="50.996107" lon="13.702809">
        <ele>346.179216</ele>
        <time>2021-01-01T11:09:25.276Z</time>
      </trkpt>
      <trkpt lat="50.996034" lon="13.702913">
        <ele>346.552258</ele>
        <time>2021-01-01T11:09:32.273Z</time>
      </trkpt>
      <trkpt lat="50.995973" lon="13.703025">
        <ele>346.906930</ele>
        <time>2021-01-01T11:09:39.277Z</time>
      </trkpt>
      <trkpt lat="50.995920" lon="13.703157">
        <ele>347.281860</ele>
        <time>2021-01-01T11:09:47.276Z</time>
      </trkpt>
      <trkpt lat="50.995851" lon="13.703270">
        <ele>347.658871</ele>
        <time>2021-01-01T11:09:55.277Z</time>
      </trkpt>
      <trkpt lat="50.995794" lon="13.703405">
        <ele>348.048146</ele>
        <time>2021-01-01T11:10:03.272Z</time>
      </trkpt>
      <trkpt lat="50.995745" lon="13.703527">
        <ele>348.394704</ele>
        <time>2021-01-01T11:10:10.280Z</time>
      </trkpt>
      <trkpt lat="50.995690" lon="13.703655">
        <ele>348.765833</ele>
        <time>2021-01-01T11:10:28.273Z</time>
      </trkpt>
      <trkpt lat="50.995628" lon="13.703767">
        <ele>348.345716</ele>
        <time>2021-01-01T11:10:37.275Z</time>
      </trkpt>
      <trkpt lat="50.995542" lon="13.703870">
        <ele>347.822093</ele>
        <time>2021-01-01T11:10:44.273Z</time>
      </trkpt>
      <trkpt lat="50.995475" lon="13.703970">
        <ele>347.375148</ele>
        <time>2021-01-01T11:10:52.293Z</time>
      </trkpt>
      <trkpt lat="50.995427" lon="13.704091">
        <ele>346.937466</ele>
        <time>2021-01-01T11:11:00.281Z</time>
      </trkpt>
      <trkpt lat="50.995365" lon="13.704213">
        <ele>346.457625</ele>
        <time>2021-01-01T11:11:09.274Z</time>
      </trkpt>
      <trkpt lat="50.995314" lon="13.704336">
        <ele>346.006895</ele>
        <time>2021-01-01T11:11:19.274Z</time>
      </trkpt>
      <trkpt lat="50.995264" lon="13.704458">
        <ele>345.561389</ele>
        <time>2021-01-01T11:11:27.277Z</time>
      </trkpt>
      <trkpt lat="50.995207" lon="13.704582">
        <ele>345.091507</ele>
        <time>2021-01-01T11:11:35.274Z</time>
      </trkpt>
      <trkpt lat="50.995143" lon="13.704695">
        <ele>344.626319</ele>
        <time>2021-01-01T11:11:43.303Z</time>
      </trkpt>
      <trkpt lat="50.995098" lon="13.704836">
        <ele>344.142541</ele>
        <time>2021-01-01T11:11:52.270Z</time>
      </trkpt>
      <trkpt lat="50.995027" lon="13.704955">
        <ele>343.640769</ele>
        <time>2021-01-01T11:12:00.275Z</time>
      </trkpt>
      <trkpt lat="50.994961" lon="13.705071">
        <ele>343.162250</ele>
        <time>2021-01-01T11:12:08.272Z</time>
      </trkpt>
      <trkpt lat="50.994907" lon="13.705206">
        <ele>342.672762</ele>
        <time>2021-01-01T11:12:16.273Z</time>
      </trkpt>
      <trkpt lat="50.994863" lon="13.705347">
        <ele>342.191161</ele>
        <time>2021-01-01T11:12:25.276Z</time>
      </trkpt>
      <trkpt lat="50.994838" lon="13.705489">
        <ele>341.739942</ele>
        <time>2021-01-01T11:12:33.272Z</time>
      </trkpt>
      <trkpt lat="50.994814" lon="13.705634">
        <ele>341.281137</ele>
        <time>2021-01-01T11:12:41.279Z</time>
      </trkpt>
      <trkpt lat="50.994770" lon="13.705771">
        <ele>340.810470</ele>
        <time>2021-01-01T11:12:49.272Z</time>
      </trkpt>
      <trkpt lat="50.994751" lon="13.705921">
        <ele>340.342246</ele>
        <time>2021-01-01T11:12:57.278Z</time>
      </trkpt>
      <trkpt lat="50.994740" lon="13.706076">
        <ele>339.659975</ele>
        <time>2021-01-01T11:13:05.277Z</time>
      </trkpt>
      <trkpt lat="50.994718" lon="13.706229">
        <ele>338.606650</ele>
        <time>2021-01-01T11:13:13.277Z</time>
      </trkpt>
      <trkpt lat="50.994717" lon="13.706383">
        <ele>337.573016</ele>
        <time>2021-01-01T11:13:22.271Z</time>
      </trkpt>
      <trkpt lat="50.994702" lon="13.706525">
        <ele>336.606645</ele>
        <time>2021-01-01T11:13:30.273Z</time>
      </trkpt>
      <trkpt lat="50.994727" lon="13.706671">
        <ele>335.591141</ele>
        <time>2021-01-01T11:13:40.273Z</time>
      </trkpt>
      <trkpt lat="50.994818" lon="13.706730">
        <ele>334.543074</ele>
        <time>2021-01-01T11:13:49.281Z</time>
      </trkpt>
      <trkpt lat="50.994915" lon="13.706774">
        <ele>333.467381</ele>
        <time>2021-01-01T11:13:57.279Z</time>
      </trkpt>
      <trkpt lat="50.995011" lon="13.706801">
        <ele>332.427765</ele>
        <time>2021-01-01T11:14:04.274Z</time>
      </trkpt>
      <trkpt lat="50.995101" lon="13.706833">
        <ele>331.444308</ele>
        <time>2021-01-01T11:14:11.271Z</time>
      </trkpt>
      <trkpt lat="50.995196" lon="13.706889">
        <ele>330.363798</ele>
        <time>2021-01-01T11:14:19.280Z</time>
      </trkpt>
      <trkpt lat="50.995282" lon="13.706966">
        <ele>329.311146</ele>
        <time>2021-01-01T11:14:27.276Z</time>
      </trkpt>
      <trkpt lat="50.995374" lon="13.707029">
        <ele>328.242862</ele>
        <time>2021-01-01T11:14:36.274Z</time>
      </trkpt>
      <trkpt lat="50.995458" lon="13.707114">
        <ele>327.180889</ele>
        <time>2021-01-01T11:14:45.274Z</time>
      </trkpt>
      <trkpt lat="50.995551" lon="13.707149">
        <ele>326.161738</ele>
        <time>2021-01-01T11:14:55.282Z</time>
      </trkpt>
      <trkpt lat="50.995646" lon="13.707117">
        <ele>325.126186</ele>
        <time>2021-01-01T11:15:04.273Z</time>
      </trkpt>
      <trkpt lat="50.995743" lon="13.707106">
        <ele>324.089190</ele>
        <time>2021-01-01T11:15:11.274Z</time>
      </trkpt>
      <trkpt lat="50.995842" lon="13.707131">
        <ele>323.020248</ele>
        <time>2021-01-01T11:15:19.275Z</time>
      </trkpt>
      <trkpt lat="50.995938" lon="13.707167">
        <ele>321.968422</ele>
        <time>2021-01-01T11:15:27.277Z</time>
      </trkpt>
      <trkpt lat="50.996031" lon="13.707162">
        <ele>320.976144</ele>
        <time>2021-01-01T11:15:35.313Z</time>
      </trkpt>
      <trkpt lat="50.996118" lon="13.707218">
        <ele>320.386854</ele>
        <time>2021-01-01T11:15:44.272Z</time>
      </trkpt>
      <trkpt lat="50.996191" lon="13.707303">
        <ele>319.872440</ele>
        <time>2021-01-01T11:15:54.274Z</time>
      </trkpt>
      <trkpt lat="50.996261" lon="13.707407">
        <ele>319.327724</ele>
        <time>2021-01-01T11:16:02.269Z</time>
      </trkpt>
      <trkpt lat="50.996322" lon="13.707526">
        <ele>318.778696</ele>
        <time>2021-01-01T11:16:10.275Z</time>
      </trkpt>
      <trkpt lat="50.996369" lon="13.707658">
        <ele>318.236165</ele>
        <time>2021-01-01T11:16:19.274Z</time>
      </trkpt>
      <trkpt lat="50.996440" lon="13.707771">
        <ele>317.664972</ele>
        <time>2021-01-01T11:16:27.273Z</time>
      </trkpt>
      <trkpt lat="50.996496" lon="13.707891">
        <ele>317.130566</ele>
        <time>2021-01-01T11:16:35.273Z</time>
      </trkpt>
      <trkpt lat="50.996557" lon="13.708001">
        <ele>316.606109</ele>
        <time>2021-01-01T11:16:43.272Z</time>
      </trkpt>
      <trkpt lat="50.996619" lon="13.708126">
        <ele>316.036779</ele>
        <time>2021-01-01T11:16:51.276Z</time>
      </trkpt>
      <trkpt lat="50.996679" lon="13.708242">
        <ele>315.499659</ele>
        <time>2021-01-01T11:16:58.272Z</time>
      </trkpt>
      <trkpt lat="50.996734" lon="13.708355">
        <ele>314.988650</ele>
        <time>2021-01-01T11:17:05.276Z</time>
      </trkpt>
      <trkpt lat="50.996783" lon="13.708482">
        <ele>314.455765</ele>
        <time>2021-01-01T11:17:13.276Z</time>
      </trkpt>
      <trkpt lat="50.996850" lon="13.708605">
        <ele>313.873849</ele>
        <time>2021-01-01T11:17:22.280Z</time>
      </trkpt>
      <trkpt lat="50.996911" lon="13.708711">
        <ele>313.360043</ele>
        <time>2021-01-01T11:17:29.281Z</time>
      </trkpt>
      <trkpt lat="50.996971" lon="13.708829">
        <ele>312.817379</ele>
        <time>2021-01-01T11:17:36.278Z</time>
      </trkpt>
      <trkpt lat="50.997025" lon="13.708957">
        <ele>312.266139</ele>
        <time>2021-01-01T11:17:45.275Z</time>
      </trkpt>
      <trkpt lat="50.997095" lon="13.709070">
        <ele>311.698951</ele>
        <time>2021-01-01T11:17:53.274Z</time>
      </trkpt>
      <trkpt lat="50.997144" lon="13.709204">
        <ele>311.144566</ele>
        <time>2021-01-01T11:18:01.278Z</time>
      </trkpt>
      <trkpt lat="50.997189" lon="13.709337">
        <ele>310.618744</ele>
        <time>2021-01-01T11:18:09.280Z</time>
      </trkpt>
      <trkpt lat="50.997253" lon="13.709456">
        <ele>310.335440</ele>
        <time>2021-01-01T11:18:17.272Z</time>
      </trkpt>
      <trkpt lat="50.997359" lon="13.709634">
        <ele>309.891922</ele>
        <time>2021-01-01T11:18:38.278Z</time>
      </trkpt>
      <trkpt lat="50.997412" lon="13.709759">
        <ele>309.619135</ele>
        <time>2021-01-01T11:18:46.276Z</time>
      </trkpt>
      <trkpt lat="50.997467" lon="13.709880">
        <ele>309.348995</ele>
        <time>2021-01-01T11:18:53.272Z</time>
      </trkpt>
      <trkpt lat="50.997531" lon="13.709997">
        <ele>309.068434</ele>
        <time>2021-01-01T11:19:01.275Z</time>
      </trkpt>
      <trkpt lat="50.997593" lon="13.710101">
        <ele>308.809167</ele>
        <time>2021-01-01T11:19:08.303Z</time>
      </trkpt>
      <trkpt lat="50.997648" lon="13.710233">
        <ele>308.522651</ele>
        <time>2021-01-01T11:19:15.273Z</time>
      </trkpt>
      <trkpt lat="50.997704" lon="13.710357">
        <ele>308.246425</ele>
        <time>2021-01-01T11:19:23.274Z</time>
      </trkpt>
      <trkpt lat="50.997765" lon="13.710484">
        <ele>307.957280</ele>
        <time>2021-01-01T11:19:32.280Z</time>
      </trkpt>
      <trkpt lat="50.997825" lon="13.710611">
        <ele>307.669870</ele>
        <time>2021-01-01T11:19:41.276Z</time>
      </trkpt>
      <trkpt lat="50.997868" lon="13.710751">
        <ele>307.387925</ele>
        <time>2021-01-01T11:19:50.278Z</time>
      </trkpt>
      <trkpt lat="50.997928" lon="13.710871">
        <ele>307.110544</ele>
        <time>2021-01-01T11:19:57.274Z</time>
      </trkpt>
      <trkpt lat="50.997972" lon="13.710999">
        <ele>306.846578</ele>
        <time>2021-01-01T11:20:03.273Z</time>
      </trkpt>
      <trkpt lat="50.998028" lon="13.711119">
        <ele>306.576202</ele>
        <time>2021-01-01T11:20:10.272Z</time>
      </trkpt>
      <trkpt lat="50.998080" lon="13.711244">
        <ele>306.305014</ele>
        <time>2021-01-01T11:20:18.276Z</time>
      </trkpt>
      <trkpt lat="50.998134" lon="13.711370">
        <ele>306.029119</ele>
        <time>2021-01-01T11:20:26.273Z</time>
      </trkpt>
      <trkpt lat="50.998188" lon="13.711496">
        <ele>305.753224</ele>
        <time>2021-01-01T11:20:34.276Z</time>
      </trkpt>
      <trkpt lat="50.998246" lon="13.711625">
        <ele>305.466294</ele>
        <time>2021-01-01T11:20:42.276Z</time>
      </trkpt>
      <trkpt lat="50.998286" lon="13.711755">
        <ele>305.178216</ele>
        <time>2021-01-01T11:20:50.276Z</time>
      </trkpt>
      <trkpt lat="50.998329" lon="13.711884">
        <ele>304.887057</ele>
        <time>2021-01-01T11:20:58.307Z</time>
      </trkpt>
      <trkpt lat="50.998384" lon="13.712016">
        <ele>304.571303</ele>
        <time>2021-01-01T11:21:06.286Z</time>
      </trkpt>
      <trkpt lat="50.998428" lon="13.712144">
        <ele>304.280399</ele>
        <time>2021-01-01T11:21:14.277Z</time>
      </trkpt>
      <trkpt lat="50.998470" lon="13.712277">
        <ele>303.983601</ele>
        <time>2021-01-01T11:21:21.271Z</time>
      </trkpt>
      <trkpt lat="50.998507" lon="13.712413">
        <ele>303.688082</ele>
        <time>2021-01-01T11:21:29.287Z</time>
      </trkpt>
      <trkpt lat="50.998553" lon="13.712540">
        <ele>303.395818</ele>
        <time>2021-01-01T11:21:38.276Z</time>
      </trkpt>
      <trkpt lat="50.998616" lon="13.712648">
        <ele>303.102105</ele>
        <time>2021-01-01T11:21:46.281Z</time>
      </trkpt>
      <trkpt lat="50.998670" lon="13.712768">
        <ele>302.807869</ele>
        <time>2021-01-01T11:21:53.271Z</time>
      </trkpt>
      <trkpt lat="50.998709" lon="13.712910">
        <ele>302.498849</ele>
        <time>2021-01-01T11:22:01.276Z</time>
      </trkpt>
      <trkpt lat="50.998757" lon="13.713044">
        <ele>302.191321</ele>
        <time>2021-01-01T11:22:09.280Z</time>
      </trkpt>
      <trkpt lat="50.998805" lon="13.713174">
        <ele>301.890700</ele>
        <time>2021-01-01T11:22:17.276Z</time>
      </trkpt>
      <trkpt lat="50.998864" lon="13.713303">
        <ele>301.572636</ele>
        <time>2021-01-01T11:22:26.272Z</time>
      </trkpt>
      <trkpt lat="50.998904" lon="13.713439">
        <ele>301.273219</ele>
        <time>2021-01-01T11:22:34.274Z</time>
      </trkpt>
      <trkpt lat="50.998954" lon="13.713576">
        <ele>300.957345</ele>
        <time>2021-01-01T11:22:43.270Z</time>
      </trkpt>
      <trkpt lat="50.999003" lon="13.713701">
        <ele>300.663620</ele>
        <time>2021-01-01T11:22:51.282Z</time>
      </trkpt>
      <trkpt lat="50.999052" lon="13.713843">
        <ele>300.340617</ele>
        <time>2021-01-01T11:23:00.275Z</time>
      </trkpt>
      <trkpt lat="50.999095" lon="13.713972">
        <ele>300.049461</ele>
        <time>2021-01-01T11:23:07.278Z</time>
      </trkpt>
      <trkpt lat="50.999145" lon="13.714101">
        <ele>299.740428</ele>
        <time>2021-01-01T11:23:15.277Z</time>
      </trkpt>
      <trkpt lat="50.999188" lon="13.714234">
        <ele>299.288447</ele>
        <time>2021-01-01T11:23:23.272Z</time>
      </trkpt>
      <trkpt lat="50.999231" lon="13.714369">
        <ele>298.831080</ele>
        <time>2021-01-01T11:23:30.281Z</time>
      </trkpt>
      <trkpt lat="50.999278" lon="13.714506">
        <ele>298.359423</ele>
        <time>2021-01-01T11:23:39.276Z</time>
      </trkpt>
      <trkpt lat="50.999319" lon="13.714649">
        <ele>297.884418</ele>
        <time>2021-01-01T11:23:48.277Z</time>
      </trkpt>
      <trkpt lat="50.999360" lon="13.714779">
        <ele>297.444872</ele>
        <time>2021-01-01T11:23:57.275Z</time>
      </trkpt>
      <trkpt lat="50.999398" lon="13.714910">
        <ele>297.008847</ele>
        <time>2021-01-01T11:24:05.287Z</time>
      </trkpt>
      <trkpt lat="50.999460" lon="13.715014">
        <ele>296.575821</ele>
        <time>2021-01-01T11:24:12.280Z</time>
      </trkpt>
      <trkpt lat="50.999552" lon="13.714984">
        <ele>296.124719</ele>
        <time>2021-01-01T11:24:21.272Z</time>
      </trkpt>
      <trkpt lat="50.999859" lon="13.714685">
        <ele>294.395197</ele>
        <time>2021-01-01T11:25:17.277Z</time>
      </trkpt>
      <trkpt lat="50.999945" lon="13.714629">
        <ele>293.948784</ele>
        <time>2021-01-01T11:25:25.278Z</time>
      </trkpt>
      <trkpt lat="50.999993" lon="13.714504">
        <ele>293.506156</ele>
        <time>2021-01-01T11:25:33.271Z</time>
      </trkpt>
      <trkpt lat="51.000163" lon="13.714671">
        <ele>292.546176</ele>
        <time>2021-01-01T11:27:36.279Z</time>
      </trkpt>
      <trkpt lat="51.000242" lon="13.714744">
        <ele>292.107230</ele>
        <time>2021-01-01T11:27:43.271Z</time>
      </trkpt>
      <trkpt lat="51.000337" lon="13.714812">
        <ele>291.606769</ele>
        <time>2021-01-01T11:27:49.274Z</time>
      </trkpt>
      <trkpt lat="51.000427" lon="13.714871">
        <ele>291.139139</ele>
        <time>2021-01-01T11:27:55.276Z</time>
      </trkpt>
      <trkpt lat="51.000465" lon="13.715006">
        <ele>290.697204</ele>
        <time>2021-01-01T11:28:07.277Z</time>
      </trkpt>
      <trkpt lat="51.000550" lon="13.715063">
        <ele>290.259323</ele>
        <time>2021-01-01T11:28:15.281Z</time>
      </trkpt>
      <trkpt lat="51.000655" lon="13.715092">
        <ele>289.753498</ele>
        <time>2021-01-01T11:28:20.271Z</time>
      </trkpt>
      <trkpt lat="51.000751" lon="13.715117">
        <ele>289.291783</ele>
        <time>2021-01-01T11:28:27.274Z</time>
      </trkpt>
      <trkpt lat="51.000849" lon="13.715078">
        <ele>288.812288</ele>
        <time>2021-01-01T11:28:34.276Z</time>
      </trkpt>
      <trkpt lat="51.000932" lon="13.715005">
        <ele>288.362036</ele>
        <time>2021-01-01T11:28:41.275Z</time>
      </trkpt>
      <trkpt lat="51.001014" lon="13.715075">
        <ele>287.920241</ele>
        <time>2021-01-01T11:28:51.278Z</time>
      </trkpt>
      <trkpt lat="51.001076" lon="13.715191">
        <ele>287.465670</ele>
        <time>2021-01-01T11:29:01.270Z</time>
      </trkpt>
      <trkpt lat="51.001143" lon="13.715305">
        <ele>286.999772</ele>
        <time>2021-01-01T11:29:10.271Z</time>
      </trkpt>
      <trkpt lat="51.001216" lon="13.715393">
        <ele>286.564882</ele>
        <time>2021-01-01T11:29:18.269Z</time>
      </trkpt>
      <trkpt lat="51.001296" lon="13.715492">
        <ele>286.083628</ele>
        <time>2021-01-01T11:29:30.271Z</time>
      </trkpt>
      <trkpt lat="51.001380" lon="13.715552">
        <ele>285.646520</ele>
        <time>2021-01-01T11:29:35.272Z</time>
      </trkpt>
      <trkpt lat="51.001470" lon="13.715602">
        <ele>285.194007</ele>
        <time>2021-01-01T11:29:41.273Z</time>
      </trkpt>
      <trkpt lat="51.001565" lon="13.715611">
        <ele>284.742315</ele>
        <time>2021-01-01T11:29:48.272Z</time>
      </trkpt>
      <trkpt lat="51.001665" lon="13.715610">
        <ele>284.267684</ele>
        <time>2021-01-01T11:29:58.278Z</time>
      </trkpt>
      <trkpt lat="51.001761" lon="13.715615">
        <ele>283.811802</ele>
        <time>2021-01-01T11:30:08.271Z</time>
      </trkpt>
      <trkpt lat="51.001848" lon="13.715663">
        <ele>283.374700</ele>
        <time>2021-01-01T11:30:17.276Z</time>
      </trkpt>
      <trkpt lat="51.001944" lon="13.715652">
        <ele>282.917880</ele>
        <time>2021-01-01T11:30:26.275Z</time>
      </trkpt>
      <trkpt lat="51.002036" lon="13.715690">
        <ele>282.439621</ele>
        <time>2021-01-01T11:30:34.274Z</time>
      </trkpt>
      <trkpt lat="51.002122" lon="13.715752">
        <ele>281.888378</ele>
        <time>2021-01-01T11:30:40.274Z</time>
      </trkpt>
      <trkpt lat="51.002206" lon="13.715818">
        <ele>281.341393</ele>
        <time>2021-01-01T11:30:50.271Z</time>
      </trkpt>
      <trkpt lat="51.002288" lon="13.715896">
        <ele>280.783544</ele>
        <time>2021-01-01T11:30:57.272Z</time>
      </trkpt>
      <trkpt lat="51.002361" lon="13.715992">
        <ele>280.230440</ele>
        <time>2021-01-01T11:31:06.272Z</time>
      </trkpt>
      <trkpt lat="51.002441" lon="13.716065">
        <ele>279.691953</ele>
        <time>2021-01-01T11:31:13.275Z</time>
      </trkpt>
      <trkpt lat="51.002521" lon="13.716160">
        <ele>279.108997</ele>
        <time>2021-01-01T11:31:21.279Z</time>
      </trkpt>
      <trkpt lat="51.002596" lon="13.716251">
        <ele>278.558186</ele>
        <time>2021-01-01T11:31:26.276Z</time>
      </trkpt>
      <trkpt lat="51.002681" lon="13.716326">
        <ele>277.990673</ele>
        <time>2021-01-01T11:31:34.275Z</time>
      </trkpt>
      <trkpt lat="51.002763" lon="13.716413">
        <ele>277.415147</ele>
        <time>2021-01-01T11:31:42.277Z</time>
      </trkpt>
      <trkpt lat="51.002850" lon="13.716470">
        <ele>276.865844</ele>
        <time>2021-01-01T11:31:48.275Z</time>
      </trkpt>
      <trkpt lat="51.002935" lon="13.716523">
        <ele>276.332857</ele>
        <time>2021-01-01T11:31:56.274Z</time>
      </trkpt>
      <trkpt lat="51.003017" lon="13.716591">
        <ele>275.792955</ele>
        <time>2021-01-01T11:32:06.279Z</time>
      </trkpt>
      <trkpt lat="51.003097" lon="13.716696">
        <ele>275.187298</ele>
        <time>2021-01-01T11:32:14.279Z</time>
      </trkpt>
      <trkpt lat="51.003179" lon="13.716775">
        <ele>274.627557</ele>
        <time>2021-01-01T11:32:22.281Z</time>
      </trkpt>
      <trkpt lat="51.003270" lon="13.716841">
        <ele>274.043666</ele>
        <time>2021-01-01T11:32:28.272Z</time>
      </trkpt>
      <trkpt lat="51.003352" lon="13.716929">
        <ele>273.466094</ele>
        <time>2021-01-01T11:32:36.286Z</time>
      </trkpt>
      <trkpt lat="51.003429" lon="13.717001">
        <ele>272.944595</ele>
        <time>2021-01-01T11:32:44.273Z</time>
      </trkpt>
      <trkpt lat="51.003503" lon="13.717086">
        <ele>272.411619</ele>
        <time>2021-01-01T11:32:53.276Z</time>
      </trkpt>
      <trkpt lat="51.003589" lon="13.717167">
        <ele>271.864791</ele>
        <time>2021-01-01T11:33:02.278Z</time>
      </trkpt>
      <trkpt lat="51.003680" lon="13.717229">
        <ele>271.369245</ele>
        <time>2021-01-01T11:33:09.275Z</time>
      </trkpt>
      <trkpt lat="51.003760" lon="13.717323">
        <ele>270.871284</ele>
        <time>2021-01-01T11:33:17.272Z</time>
      </trkpt>
      <trkpt lat="51.003844" lon="13.717397">
        <ele>270.390589</ele>
        <time>2021-01-01T11:33:25.280Z</time>
      </trkpt>
      <trkpt lat="51.003931" lon="13.717485">
        <ele>269.874434</ele>
        <time>2021-01-01T11:33:33.277Z</time>
      </trkpt>
      <trkpt lat="51.003994" lon="13.717595">
        <ele>269.405986</ele>
        <time>2021-01-01T11:33:41.277Z</time>
      </trkpt>
      <trkpt lat="51.004066" lon="13.717686">
        <ele>268.945554</ele>
        <time>2021-01-01T11:33:49.274Z</time>
      </trkpt>
      <trkpt lat="51.004141" lon="13.717763">
        <ele>268.498659</ele>
        <time>2021-01-01T11:33:57.273Z</time>
      </trkpt>
      <trkpt lat="51.004229" lon="13.717834">
        <ele>268.004709</ele>
        <time>2021-01-01T11:34:07.273Z</time>
      </trkpt>
      <trkpt lat="51.004330" lon="13.717860">
        <ele>267.492617</ele>
        <time>2021-01-01T11:34:15.276Z</time>
      </trkpt>
      <trkpt lat="51.004425" lon="13.717891">
        <ele>267.007225</ele>
        <time>2021-01-01T11:34:22.276Z</time>
      </trkpt>
      <trkpt lat="51.004519" lon="13.717904">
        <ele>266.534979</ele>
        <time>2021-01-01T11:34:30.274Z</time>
      </trkpt>
      <trkpt lat="51.004609" lon="13.717886">
        <ele>266.080978</ele>
        <time>2021-01-01T11:34:55.275Z</time>
      </trkpt>
      <trkpt lat="51.004706" lon="13.717901">
        <ele>265.593203</ele>
        <time>2021-01-01T11:35:02.278Z</time>
      </trkpt>
      <trkpt lat="51.004805" lon="13.717902">
        <ele>265.097701</ele>
        <time>2021-01-01T11:35:09.281Z</time>
      </trkpt>
      <trkpt lat="51.004895" lon="13.717952">
        <ele>264.620522</ele>
        <time>2021-01-01T11:35:16.274Z</time>
      </trkpt>
      <trkpt lat="51.004993" lon="13.718003">
        <ele>264.104405</ele>
        <time>2021-01-01T11:35:24.273Z</time>
      </trkpt>
      <trkpt lat="51.005085" lon="13.718049">
        <ele>263.621695</ele>
        <time>2021-01-01T11:35:32.273Z</time>
      </trkpt>
      <trkpt lat="51.005176" lon="13.718116">
        <ele>263.119738</ele>
        <time>2021-01-01T11:35:40.277Z</time>
      </trkpt>
      <trkpt lat="51.005264" lon="13.718178">
        <ele>262.604436</ele>
        <time>2021-01-01T11:35:48.275Z</time>
      </trkpt>
      <trkpt lat="51.005359" lon="13.718207">
        <ele>262.083839</ele>
        <time>2021-01-01T11:35:56.274Z</time>
      </trkpt>
      <trkpt lat="51.005456" lon="13.718206">
        <ele>261.561815</ele>
        <time>2021-01-01T11:36:05.271Z</time>
      </trkpt>
      <trkpt lat="51.005540" lon="13.718265">
        <ele>261.067579</ele>
        <time>2021-01-01T11:36:13.274Z</time>
      </trkpt>
      <trkpt lat="51.005622" lon="13.718341">
        <ele>260.556725</ele>
        <time>2021-01-01T11:36:23.274Z</time>
      </trkpt>
      <trkpt lat="51.005710" lon="13.718385">
        <ele>260.060260</ele>
        <time>2021-01-01T11:36:35.277Z</time>
      </trkpt>
      <trkpt lat="51.005802" lon="13.718431">
        <ele>259.541229</ele>
        <time>2021-01-01T11:36:48.276Z</time>
      </trkpt>
      <trkpt lat="51.005886" lon="13.718480">
        <ele>259.059685</ele>
        <time>2021-01-01T11:37:00.279Z</time>
      </trkpt>
      <trkpt lat="51.005973" lon="13.718548">
        <ele>258.537926</ele>
        <time>2021-01-01T11:37:17.270Z</time>
      </trkpt>
      <trkpt lat="51.006059" lon="13.718605">
        <ele>258.036473</ele>
        <time>2021-01-01T11:37:27.275Z</time>
      </trkpt>
      <trkpt lat="51.006142" lon="13.718665">
        <ele>257.545763</ele>
        <time>2021-01-01T11:37:42.290Z</time>
      </trkpt>
      <trkpt lat="51.006390" lon="13.718801">
        <ele>256.133908</ele>
        <time>2021-01-01T11:38:40.271Z</time>
      </trkpt>
      <trkpt lat="51.006485" lon="13.718844">
        <ele>255.602327</ele>
        <time>2021-01-01T11:38:48.275Z</time>
      </trkpt>
      <trkpt lat="51.006567" lon="13.718903">
        <ele>255.117918</ele>
        <time>2021-01-01T11:38:57.275Z</time>
      </trkpt>
      <trkpt lat="51.006663" lon="13.718948">
        <ele>254.579282</ele>
        <time>2021-01-01T11:39:07.275Z</time>
      </trkpt>
      <trkpt lat="51.006760" lon="13.718973">
        <ele>254.050449</ele>
        <time>2021-01-01T11:39:16.271Z</time>
      </trkpt>
      <trkpt lat="51.006851" lon="13.719028">
        <ele>253.526506</ele>
        <time>2021-01-01T11:39:27.273Z</time>
      </trkpt>
      <trkpt lat="51.006946" lon="13.719078">
        <ele>252.798623</ele>
        <time>2021-01-01T11:39:36.270Z</time>
      </trkpt>
      <trkpt lat="51.007032" lon="13.719135">
        <ele>252.068930</ele>
        <time>2021-01-01T11:39:48.275Z</time>
      </trkpt>
      <trkpt lat="51.007120" lon="13.719164">
        <ele>251.365136</ele>
        <time>2021-01-01T11:40:01.273Z</time>
      </trkpt>
      <trkpt lat="51.007211" lon="13.719167">
        <ele>250.652355</ele>
        <time>2021-01-01T11:40:12.276Z</time>
      </trkpt>
      <trkpt lat="51.007304" lon="13.719176">
        <ele>249.922717</ele>
        <time>2021-01-01T11:40:28.280Z</time>
      </trkpt>
      <trkpt lat="51.007471" lon="13.719366">
        <ele>248.314358</ele>
        <time>2021-01-01T11:42:05.272Z</time>
      </trkpt>
      <trkpt lat="51.007536" lon="13.719486">
        <ele>247.534146</ele>
        <time>2021-01-01T11:42:15.286Z</time>
      </trkpt>
      <trkpt lat="51.007603" lon="13.719595">
        <ele>246.783308</ele>
        <time>2021-01-01T11:42:24.276Z</time>
      </trkpt>
      <trkpt lat="51.007663" lon="13.719715">
        <ele>246.028060</ele>
        <time>2021-01-01T11:42:32.275Z</time>
      </trkpt>
      <trkpt lat="51.007727" lon="13.719832">
        <ele>245.264153</ele>
        <time>2021-01-01T11:42:39.272Z</time>
      </trkpt>
      <trkpt lat="51.007782" lon="13.719958">
        <ele>244.508526</ele>
        <time>2021-01-01T11:42:46.275Z</time>
      </trkpt>
      <trkpt lat="51.007845" lon="13.720078">
        <ele>243.738444</ele>
        <time>2021-01-01T11:42:54.280Z</time>
      </trkpt>
      <trkpt lat="51.007919" lon="13.720191">
        <ele>242.934800</ele>
        <time>2021-01-01T11:43:03.280Z</time>
      </trkpt>
      <trkpt lat="51.007985" lon="13.720313">
        <ele>242.142015</ele>
        <time>2021-01-01T11:43:11.274Z</time>
      </trkpt>
      <trkpt lat="51.008050" lon="13.720417">
        <ele>241.419723</ele>
        <time>2021-01-01T11:43:18.286Z</time>
      </trkpt>
      <trkpt lat="51.008119" lon="13.720527">
        <ele>240.654380</ele>
        <time>2021-01-01T11:43:26.275Z</time>
      </trkpt>
      <trkpt lat="51.008182" lon="13.720642">
        <ele>239.903052</ele>
        <time>2021-01-01T11:43:34.277Z</time>
      </trkpt>
      <trkpt lat="51.008240" lon="13.720763">
        <ele>239.182894</ele>
        <time>2021-01-01T11:43:44.272Z</time>
      </trkpt>
      <trkpt lat="51.008319" lon="13.720865">
        <ele>238.527569</ele>
        <time>2021-01-01T11:43:52.270Z</time>
      </trkpt>
      <trkpt lat="51.008357" lon="13.721003">
        <ele>237.917328</ele>
        <time>2021-01-01T11:44:00.275Z</time>
      </trkpt>
      <trkpt lat="51.008414" lon="13.721120">
        <ele>237.317883</ele>
        <time>2021-01-01T11:44:07.278Z</time>
      </trkpt>
      <trkpt lat="51.008473" lon="13.721247">
        <ele>236.678357</ele>
        <time>2021-01-01T11:44:15.274Z</time>
      </trkpt>
      <trkpt lat="51.008536" lon="13.721358">
        <ele>236.072776</ele>
        <time>2021-01-01T11:44:23.277Z</time>
      </trkpt>
      <trkpt lat="51.008588" lon="13.721479">
        <ele>235.479174</ele>
        <time>2021-01-01T11:44:30.273Z</time>
      </trkpt>
      <trkpt lat="51.008636" lon="13.721602">
        <ele>234.892837</ele>
        <time>2021-01-01T11:44:37.275Z</time>
      </trkpt>
      <trkpt lat="51.008691" lon="13.721729">
        <ele>234.268267</ele>
        <time>2021-01-01T11:44:45.273Z</time>
      </trkpt>
      <trkpt lat="51.008746" lon="13.721847">
        <ele>233.673370</ele>
        <time>2021-01-01T11:44:53.276Z</time>
      </trkpt>
      <trkpt lat="51.008801" lon="13.721979">
        <ele>233.032013</ele>
        <time>2021-01-01T11:45:01.276Z</time>
      </trkpt>
      <trkpt lat="51.008861" lon="13.722086">
        <ele>232.451393</ele>
        <time>2021-01-01T11:45:08.270Z</time>
      </trkpt>
      <trkpt lat="51.008939" lon="13.722169">
        <ele>231.847031</ele>
        <time>2021-01-01T11:45:16.307Z</time>
      </trkpt>
      <trkpt lat="51.009023" lon="13.722244">
        <ele>231.226707</ele>
        <time>2021-01-01T11:45:23.276Z</time>
      </trkpt>
      <trkpt lat="51.009105" lon="13.722306">
        <ele>230.642060</ele>
        <time>2021-01-01T11:45:31.276Z</time>
      </trkpt>
      <trkpt lat="51.009180" lon="13.722393">
        <ele>230.044243</ele>
        <time>2021-01-01T11:45:38.279Z</time>
      </trkpt>
      <trkpt lat="51.009229" lon="13.722514">
        <ele>229.461322</ele>
        <time>2021-01-01T11:45:45.277Z</time>
      </trkpt>
      <trkpt lat="51.009303" lon="13.722624">
        <ele>228.808969</ele>
        <time>2021-01-01T11:45:53.271Z</time>
      </trkpt>
      <trkpt lat="51.009360" lon="13.722753">
        <ele>228.170401</ele>
        <time>2021-01-01T11:46:01.274Z</time>
      </trkpt>
      <trkpt lat="51.009426" lon="13.722856">
        <ele>227.644668</ele>
        <time>2021-01-01T11:46:09.276Z</time>
      </trkpt>
      <trkpt lat="51.009486" lon="13.722985">
        <ele>227.272482</ele>
        <time>2021-01-01T11:46:18.272Z</time>
      </trkpt>
      <trkpt lat="51.009554" lon="13.723096">
        <ele>226.913050</ele>
        <time>2021-01-01T11:46:26.273Z</time>
      </trkpt>
      <trkpt lat="51.009609" lon="13.723219">
        <ele>226.562958</ele>
        <time>2021-01-01T11:46:34.269Z</time>
      </trkpt>
      <trkpt lat="51.009572" lon="13.723364">
        <ele>226.199936</ele>
        <time>2021-01-01T11:46:41.276Z</time>
      </trkpt>
      <trkpt lat="51.009586" lon="13.723519">
        <ele>225.836640</ele>
        <time>2021-01-01T11:46:49.280Z</time>
      </trkpt>
      <trkpt lat="51.009651" lon="13.723643">
        <ele>225.462193</ele>
        <time>2021-01-01T11:47:05.271Z</time>
      </trkpt>
      <trkpt lat="51.009743" lon="13.723703">
        <ele>225.095505</ele>
        <time>2021-01-01T11:47:12.275Z</time>
      </trkpt>
      <trkpt lat="51.009850" lon="13.723753">
        <ele>224.684256</ele>
        <time>2021-01-01T11:47:19.272Z</time>
      </trkpt>
      <trkpt lat="51.009950" lon="13.723777">
        <ele>224.311339</ele>
        <time>2021-01-01T11:47:23.274Z</time>
      </trkpt>
      <trkpt lat="51.010023" lon="13.723909">
        <ele>223.903609</ele>
        <time>2021-01-01T11:47:28.276Z</time>
      </trkpt>
      <trkpt lat="51.010050" lon="13.724076">
        <ele>223.503576</ele>
        <time>2021-01-01T11:47:31.275Z</time>
      </trkpt>
      <trkpt lat="51.010087" lon="13.724208">
        <ele>223.168315</ele>
        <time>2021-01-01T11:47:41.280Z</time>
      </trkpt>
      <trkpt lat="51.010186" lon="13.724251">
        <ele>222.789879</ele>
        <time>2021-01-01T11:47:50.278Z</time>
      </trkpt>
      <trkpt lat="51.010279" lon="13.724295">
        <ele>222.432082</ele>
        <time>2021-01-01T11:47:56.276Z</time>
      </trkpt>
      <trkpt lat="51.010373" lon="13.724332">
        <ele>222.074997</ele>
        <time>2021-01-01T11:48:05.272Z</time>
      </trkpt>
      <trkpt lat="51.010462" lon="13.724396">
        <ele>221.714794</ele>
        <time>2021-01-01T11:48:13.271Z</time>
      </trkpt>
      <trkpt lat="51.010536" lon="13.724492">
        <ele>221.362572</ele>
        <time>2021-01-01T11:48:22.271Z</time>
      </trkpt>
      <trkpt lat="51.010611" lon="13.724581">
        <ele>220.995043</ele>
        <time>2021-01-01T11:48:29.273Z</time>
      </trkpt>
      <trkpt lat="51.010686" lon="13.724691">
        <ele>220.523521</ele>
        <time>2021-01-01T11:48:37.307Z</time>
      </trkpt>
      <trkpt lat="51.010762" lon="13.724782">
        <ele>220.083882</ele>
        <time>2021-01-01T11:48:43.277Z</time>
      </trkpt>
      <trkpt lat="51.010844" lon="13.724878">
        <ele>219.613328</ele>
        <time>2021-01-01T11:48:50.302Z</time>
      </trkpt>
      <trkpt lat="51.010907" lon="13.724997">
        <ele>219.161225</ele>
        <time>2021-01-01T11:48:58.271Z</time>
      </trkpt>
      <trkpt lat="51.010980" lon="13.725102">
        <ele>218.706332</ele>
        <time>2021-01-01T11:49:06.286Z</time>
      </trkpt>
      <trkpt lat="51.011050" lon="13.725201">
        <ele>218.273404</ele>
        <time>2021-01-01T11:49:14.282Z</time>
      </trkpt>
      <trkpt lat="51.011123" lon="13.725290">
        <ele>217.848319</ele>
        <time>2021-01-01T11:49:22.272Z</time>
      </trkpt>
      <trkpt lat="51.011227" lon="13.725332">
        <ele>217.352536</ele>
        <time>2021-01-01T11:49:31.273Z</time>
      </trkpt>
      <trkpt lat="51.011265" lon="13.725485">
        <ele>216.874371</ele>
        <time>2021-01-01T11:49:37.271Z</time>
      </trkpt>
      <trkpt lat="51.011328" lon="13.725604">
        <ele>216.422271</ele>
        <time>2021-01-01T11:49:44.280Z</time>
      </trkpt>
      <trkpt lat="51.011405" lon="13.725697">
        <ele>215.975441</ele>
        <time>2021-01-01T11:49:55.274Z</time>
      </trkpt>
      <trkpt lat="51.011482" lon="13.725776">
        <ele>215.551993</ele>
        <time>2021-01-01T11:50:02.272Z</time>
      </trkpt>
      <trkpt lat="51.011551" lon="13.725871">
        <ele>215.130212</ele>
        <time>2021-01-01T11:50:09.275Z</time>
      </trkpt>
      <trkpt lat="51.011616" lon="13.725969">
        <ele>214.716267</ele>
        <time>2021-01-01T11:50:17.270Z</time>
      </trkpt>
      <trkpt lat="51.011691" lon="13.726063">
        <ele>214.274967</ele>
        <time>2021-01-01T11:50:24.270Z</time>
      </trkpt>
      <trkpt lat="51.011767" lon="13.726163">
        <ele>213.819110</ele>
        <time>2021-01-01T11:50:33.283Z</time>
      </trkpt>
      <trkpt lat="51.011828" lon="13.726277">
        <ele>213.384077</ele>
        <time>2021-01-01T11:50:41.278Z</time>
      </trkpt>
      <trkpt lat="51.011887" lon="13.726394">
        <ele>212.948204</ele>
        <time>2021-01-01T11:50:49.274Z</time>
      </trkpt>
      <trkpt lat="51.011959" lon="13.726481">
        <ele>212.735119</ele>
        <time>2021-01-01T11:50:56.272Z</time>
      </trkpt>
      <trkpt lat="51.012028" lon="13.726575">
        <ele>212.639350</ele>
        <time>2021-01-01T11:51:02.274Z</time>
      </trkpt>
      <trkpt lat="51.012119" lon="13.726656">
        <ele>212.529437</ele>
        <time>2021-01-01T11:51:08.306Z</time>
      </trkpt>
      <trkpt lat="51.012178" lon="13.726774">
        <ele>212.429502</ele>
        <time>2021-01-01T11:51:15.278Z</time>
      </trkpt>
      <trkpt lat="51.012230" lon="13.726908">
        <ele>212.325116</ele>
        <time>2021-01-01T11:51:23.275Z</time>
      </trkpt>
      <trkpt lat="51.012271" lon="13.727058">
        <ele>212.216682</ele>
        <time>2021-01-01T11:51:31.274Z</time>
      </trkpt>
      <trkpt lat="51.012321" lon="13.727183">
        <ele>212.118473</ele>
        <time>2021-01-01T11:51:38.274Z</time>
      </trkpt>
      <trkpt lat="51.012382" lon="13.727290">
        <ele>212.022737</ele>
        <time>2021-01-01T11:51:44.279Z</time>
      </trkpt>
      <trkpt lat="51.012467" lon="13.727359">
        <ele>211.922154</ele>
        <time>2021-01-01T11:51:51.304Z</time>
      </trkpt>
      <trkpt lat="51.012549" lon="13.727420">
        <ele>211.826744</ele>
        <time>2021-01-01T11:51:59.272Z</time>
      </trkpt>
      <trkpt lat="51.012643" lon="13.727454">
        <ele>211.725151</ele>
        <time>2021-01-01T11:52:06.278Z</time>
      </trkpt>
      <trkpt lat="51.012738" lon="13.727429">
        <ele>211.623674</ele>
        <time>2021-01-01T11:52:15.277Z</time>
      </trkpt>
      <trkpt lat="51.012828" lon="13.727419">
        <ele>211.528597</ele>
        <time>2021-01-01T11:52:22.276Z</time>
      </trkpt>
      <trkpt lat="51.012918" lon="13.727447">
        <ele>211.431952</ele>
        <time>2021-01-01T11:52:30.279Z</time>
      </trkpt>
      <trkpt lat="51.013013" lon="13.727429">
        <ele>211.331129</ele>
        <time>2021-01-01T11:52:38.276Z</time>
      </trkpt>
      <trkpt lat="51.013108" lon="13.727418">
        <ele>211.230750</ele>
        <time>2021-01-01T11:52:47.279Z</time>
      </trkpt>
      <trkpt lat="51.013433" lon="13.727333">
        <ele>210.900161</ele>
        <time>2021-01-01T11:53:29.277Z</time>
      </trkpt>
      <trkpt lat="51.013528" lon="13.727271">
        <ele>210.900161</ele>
        <time>2021-01-01T11:53:37.275Z</time>
      </trkpt>
      <trkpt lat="51.013614" lon="13.727228">
        <ele>210.900161</ele>
        <time>2021-01-01T11:53:43.276Z</time>
      </trkpt>
      <trkpt lat="51.013712" lon="13.727209">
        <ele>210.900161</ele>
        <time>2021-01-01T11:53:50.278Z</time>
      </trkpt>
      <trkpt lat="51.013807" lon="13.727213">
        <ele>210.900161</ele>
        <time>2021-01-01T11:54:03.275Z</time>
      </trkpt>
      <trkpt lat="51.013903" lon="13.727187">
        <ele>210.900161</ele>
        <time>2021-01-01T11:54:12.275Z</time>
      </trkpt>
      <trkpt lat="51.014000" lon="13.727205">
        <ele>210.900161</ele>
        <time>2021-01-01T11:54:19.304Z</time>
      </trkpt>
      <trkpt lat="51.014089" lon="13.727235">
        <ele>210.900161</ele>
        <time>2021-01-01T11:54:26.271Z</time>
      </trkpt>
      <trkpt lat="51.014187" lon="13.727216">
        <ele>210.900161</ele>
        <time>2021-01-01T11:54:33.270Z</time>
      </trkpt>
      <trkpt lat="51.014265" lon="13.727139">
        <ele>210.900161</ele>
        <time>2021-01-01T11:54:41.271Z</time>
      </trkpt>
      <trkpt lat="51.014422" lon="13.727084">
        <ele>210.900161</ele>
        <time>2021-01-01T11:55:26.272Z</time>
      </trkpt>
      <trkpt lat="51.014518" lon="13.727033">
        <ele>210.900161</ele>
        <time>2021-01-01T11:55:31.292Z</time>
      </trkpt>
      <trkpt lat="51.014603" lon="13.727027">
        <ele>210.900161</ele>
        <time>2021-01-01T11:55:38.239Z</time>
      </trkpt>
    </trkseg>
  </trk>
</gpx>